ISO-10303-21;
HEADER;
FILE_DESCRIPTION(('Open CASCADE Model'),'2;1');
FILE_NAME('Open CASCADE Shape Model','2026-10-06T16:40:41',('Author'),(
    'Open CASCADE'),'Open CASCADE STEP processor 8.0','build123d',
  'Unknown');
FILE_SCHEMA(('AUTOMOTIVE_DESIGN { 1 0 10303 214 1 1 1 1 }'));
ENDSEC;
DATA;
#1 = APPLICATION_PROTOCOL_DEFINITION('international standard',
  'automotive_design',2000,#2);
#2 = APPLICATION_CONTEXT(
  'core data for automotive mechanical design processes');
#3 = SHAPE_DEFINITION_REPRESENTATION(#4,#10);
#4 = PRODUCT_DEFINITION_SHAPE('','',#5);
#5 = PRODUCT_DEFINITION('design','',#6,#9);
#6 = PRODUCT_DEFINITION_FORMATION('','',#7);
#7 = PRODUCT('COMPOUND','COMPOUND','',(#8));
#8 = PRODUCT_CONTEXT('',#2,'mechanical');
#9 = PRODUCT_DEFINITION_CONTEXT('part definition',#2,'design');
#10 = ADVANCED_BREP_SHAPE_REPRESENTATION('',(#11,#15),#10149);
#11 = AXIS2_PLACEMENT_3D('',#12,#13,#14);
#12 = CARTESIAN_POINT('',(0.,0.,0.));
#13 = DIRECTION('',(0.,0.,1.));
#14 = DIRECTION('',(1.,0.,-0.));
#15 = MANIFOLD_SOLID_BREP('',#16);
#16 = CLOSED_SHELL('',(#17,#1227,#1338,#1388,#1439,#1489,#1709,#1808,
    #2486,#2658,#3309,#3358,#3407,#3434,#3483,#3532,#3559,#3609,#3688,
    #3738,#4394,#4443,#4492,#4519,#4568,#4617,#4644,#4781,#4850,#4900,
    #4951,#4979,#5034,#5089,#5144,#5199,#5210,#5237,#5286,#5335,#5384,
    #5433,#5460,#5485,#5496,#5695,#5728,#5776,#5825,#5872,#5921,#5968,
    #6017,#6066,#6115,#6165,#6237,#6286,#6335,#6382,#6431,#6478,#6527,
    #6574,#6628,#6635,#6684,#6732,#6778,#6805,#6854,#6903,#6930,#6947,
    #6974,#7026,#7032,#7059,#7111,#7117,#7191,#7574,#7856,#7881,#7930,
    #7979,#8006,#8107,#8132,#8159,#8211,#8217,#8244,#8296,#8302,#8376,
    #8703,#9041,#9066,#9093,#9120,#9127,#9131,#9135,#9139,#9143,#9150,
    #9157,#9184,#9258,#9325,#9352,#9379,#9406,#9433,#9440,#9467,#9492,
    #9542,#9591,#9618,#9645,#9672,#9699,#9726,#9753,#9780,#9807,#9879,
    #9928,#9974,#10001,#10008,#10057,#10106,#10133,#10141));
#17 = ADVANCED_FACE('',(#18,#1103,#1134,#1165,#1196),#32,.T.);
#18 = FACE_BOUND('',#19,.T.);
#19 = EDGE_LOOP('',(#20,#55,#84,#112,#135,#158,#187,#215,#241,#269,#298,
    #326,#354,#383,#411,#434,#462,#491,#519,#542,#571,#599,#628,#656,
    #684,#713,#741,#764,#792,#821,#849,#872,#901,#924,#950,#973,#1002,
    #1030,#1053,#1076));
#20 = ORIENTED_EDGE('',*,*,#21,.F.);
#21 = EDGE_CURVE('',#22,#24,#26,.T.);
#22 = VERTEX_POINT('',#23);
#23 = CARTESIAN_POINT('',(-2.,-9.65,16.2));
#24 = VERTEX_POINT('',#25);
#25 = CARTESIAN_POINT('',(-2.,9.65,16.2));
#26 = SURFACE_CURVE('',#27,(#31,#43),.PCURVE_S1.);
#27 = LINE('',#28,#29);
#28 = CARTESIAN_POINT('',(-2.,0.,16.2));
#29 = VECTOR('',#30,1.);
#30 = DIRECTION('',(0.,1.,0.));
#31 = PCURVE('',#32,#37);
#32 = PLANE('',#33);
#33 = AXIS2_PLACEMENT_3D('',#34,#35,#36);
#34 = CARTESIAN_POINT('',(24.6,-3.631554223173E-16,16.2));
#35 = DIRECTION('',(0.,0.,1.));
#36 = DIRECTION('',(1.,0.,-0.));
#37 = DEFINITIONAL_REPRESENTATION('',(#38),#42);
#38 = LINE('',#39,#40);
#39 = CARTESIAN_POINT('',(-26.6,3.631554223173E-16));
#40 = VECTOR('',#41,1.);
#41 = DIRECTION('',(0.,1.));
#42 = ( GEOMETRIC_REPRESENTATION_CONTEXT(2) 
PARAMETRIC_REPRESENTATION_CONTEXT() REPRESENTATION_CONTEXT('2D SPACE',''
  ) );
#43 = PCURVE('',#44,#49);
#44 = PLANE('',#45);
#45 = AXIS2_PLACEMENT_3D('',#46,#47,#48);
#46 = CARTESIAN_POINT('',(-2.,-9.65,-2.));
#47 = DIRECTION('',(-1.,0.,0.));
#48 = DIRECTION('',(0.,1.,0.));
#49 = DEFINITIONAL_REPRESENTATION('',(#50),#54);
#50 = LINE('',#51,#52);
#51 = CARTESIAN_POINT('',(9.65,-18.2));
#52 = VECTOR('',#53,1.);
#53 = DIRECTION('',(1.,0.));
#54 = ( GEOMETRIC_REPRESENTATION_CONTEXT(2) 
PARAMETRIC_REPRESENTATION_CONTEXT() REPRESENTATION_CONTEXT('2D SPACE',''
  ) );
#55 = ORIENTED_EDGE('',*,*,#56,.T.);
#56 = EDGE_CURVE('',#22,#57,#59,.T.);
#57 = VERTEX_POINT('',#58);
#58 = CARTESIAN_POINT('',(1.,-12.65,16.2));
#59 = SURFACE_CURVE('',#60,(#65,#72),.PCURVE_S1.);
#60 = CIRCLE('',#61,3.);
#61 = AXIS2_PLACEMENT_3D('',#62,#63,#64);
#62 = CARTESIAN_POINT('',(1.,-9.65,16.2));
#63 = DIRECTION('',(0.,0.,1.));
#64 = DIRECTION('',(1.,0.,0.));
#65 = PCURVE('',#32,#66);
#66 = DEFINITIONAL_REPRESENTATION('',(#67),#71);
#67 = CIRCLE('',#68,3.);
#68 = AXIS2_PLACEMENT_2D('',#69,#70);
#69 = CARTESIAN_POINT('',(-23.6,-9.65));
#70 = DIRECTION('',(1.,0.));
#71 = ( GEOMETRIC_REPRESENTATION_CONTEXT(2) 
PARAMETRIC_REPRESENTATION_CONTEXT() REPRESENTATION_CONTEXT('2D SPACE',''
  ) );
#72 = PCURVE('',#73,#78);
#73 = CYLINDRICAL_SURFACE('',#74,3.);
#74 = AXIS2_PLACEMENT_3D('',#75,#76,#77);
#75 = CARTESIAN_POINT('',(1.,-9.65,-2.));
#76 = DIRECTION('',(-0.,-0.,-1.));
#77 = DIRECTION('',(1.,0.,0.));
#78 = DEFINITIONAL_REPRESENTATION('',(#79),#83);
#79 = LINE('',#80,#81);
#80 = CARTESIAN_POINT('',(-0.,-18.2));
#81 = VECTOR('',#82,1.);
#82 = DIRECTION('',(-1.,0.));
#83 = ( GEOMETRIC_REPRESENTATION_CONTEXT(2) 
PARAMETRIC_REPRESENTATION_CONTEXT() REPRESENTATION_CONTEXT('2D SPACE',''
  ) );
#84 = ORIENTED_EDGE('',*,*,#85,.T.);
#85 = EDGE_CURVE('',#57,#86,#88,.T.);
#86 = VERTEX_POINT('',#87);
#87 = CARTESIAN_POINT('',(4.999999994153,-12.65,16.2));
#88 = SURFACE_CURVE('',#89,(#93,#100),.PCURVE_S1.);
#89 = LINE('',#90,#91);
#90 = CARTESIAN_POINT('',(24.6,-12.65,16.2));
#91 = VECTOR('',#92,1.);
#92 = DIRECTION('',(1.,0.,0.));
#93 = PCURVE('',#32,#94);
#94 = DEFINITIONAL_REPRESENTATION('',(#95),#99);
#95 = LINE('',#96,#97);
#96 = CARTESIAN_POINT('',(0.,-12.65));
#97 = VECTOR('',#98,1.);
#98 = DIRECTION('',(1.,0.));
#99 = ( GEOMETRIC_REPRESENTATION_CONTEXT(2) 
PARAMETRIC_REPRESENTATION_CONTEXT() REPRESENTATION_CONTEXT('2D SPACE',''
  ) );
#100 = PCURVE('',#101,#106);
#101 = PLANE('',#102);
#102 = AXIS2_PLACEMENT_3D('',#103,#104,#105);
#103 = CARTESIAN_POINT('',(1.,-12.65,-2.));
#104 = DIRECTION('',(0.,1.,0.));
#105 = DIRECTION('',(1.,0.,0.));
#106 = DEFINITIONAL_REPRESENTATION('',(#107),#111);
#107 = LINE('',#108,#109);
#108 = CARTESIAN_POINT('',(23.6,-18.2));
#109 = VECTOR('',#110,1.);
#110 = DIRECTION('',(1.,0.));
#111 = ( GEOMETRIC_REPRESENTATION_CONTEXT(2) 
PARAMETRIC_REPRESENTATION_CONTEXT() REPRESENTATION_CONTEXT('2D SPACE',''
  ) );
#112 = ORIENTED_EDGE('',*,*,#113,.T.);
#113 = EDGE_CURVE('',#86,#114,#116,.T.);
#114 = VERTEX_POINT('',#115);
#115 = CARTESIAN_POINT('',(22.85,-12.65,16.2));
#116 = SURFACE_CURVE('',#117,(#121,#128),.PCURVE_S1.);
#117 = LINE('',#118,#119);
#118 = CARTESIAN_POINT('',(24.6,-12.65,16.2));
#119 = VECTOR('',#120,1.);
#120 = DIRECTION('',(1.,0.,0.));
#121 = PCURVE('',#32,#122);
#122 = DEFINITIONAL_REPRESENTATION('',(#123),#127);
#123 = LINE('',#124,#125);
#124 = CARTESIAN_POINT('',(0.,-12.65));
#125 = VECTOR('',#126,1.);
#126 = DIRECTION('',(1.,0.));
#127 = ( GEOMETRIC_REPRESENTATION_CONTEXT(2) 
PARAMETRIC_REPRESENTATION_CONTEXT() REPRESENTATION_CONTEXT('2D SPACE',''
  ) );
#128 = PCURVE('',#101,#129);
#129 = DEFINITIONAL_REPRESENTATION('',(#130),#134);
#130 = LINE('',#131,#132);
#131 = CARTESIAN_POINT('',(23.6,-18.2));
#132 = VECTOR('',#133,1.);
#133 = DIRECTION('',(1.,0.));
#134 = ( GEOMETRIC_REPRESENTATION_CONTEXT(2) 
PARAMETRIC_REPRESENTATION_CONTEXT() REPRESENTATION_CONTEXT('2D SPACE',''
  ) );
#135 = ORIENTED_EDGE('',*,*,#136,.T.);
#136 = EDGE_CURVE('',#114,#137,#139,.T.);
#137 = VERTEX_POINT('',#138);
#138 = CARTESIAN_POINT('',(48.2,-12.65,16.2));
#139 = SURFACE_CURVE('',#140,(#144,#151),.PCURVE_S1.);
#140 = LINE('',#141,#142);
#141 = CARTESIAN_POINT('',(24.6,-12.65,16.2));
#142 = VECTOR('',#143,1.);
#143 = DIRECTION('',(1.,0.,0.));
#144 = PCURVE('',#32,#145);
#145 = DEFINITIONAL_REPRESENTATION('',(#146),#150);
#146 = LINE('',#147,#148);
#147 = CARTESIAN_POINT('',(0.,-12.65));
#148 = VECTOR('',#149,1.);
#149 = DIRECTION('',(1.,0.));
#150 = ( GEOMETRIC_REPRESENTATION_CONTEXT(2) 
PARAMETRIC_REPRESENTATION_CONTEXT() REPRESENTATION_CONTEXT('2D SPACE',''
  ) );
#151 = PCURVE('',#101,#152);
#152 = DEFINITIONAL_REPRESENTATION('',(#153),#157);
#153 = LINE('',#154,#155);
#154 = CARTESIAN_POINT('',(23.6,-18.2));
#155 = VECTOR('',#156,1.);
#156 = DIRECTION('',(1.,0.));
#157 = ( GEOMETRIC_REPRESENTATION_CONTEXT(2) 
PARAMETRIC_REPRESENTATION_CONTEXT() REPRESENTATION_CONTEXT('2D SPACE',''
  ) );
#158 = ORIENTED_EDGE('',*,*,#159,.T.);
#159 = EDGE_CURVE('',#137,#160,#162,.T.);
#160 = VERTEX_POINT('',#161);
#161 = CARTESIAN_POINT('',(51.2,-9.65,16.2));
#162 = SURFACE_CURVE('',#163,(#168,#175),.PCURVE_S1.);
#163 = CIRCLE('',#164,3.);
#164 = AXIS2_PLACEMENT_3D('',#165,#166,#167);
#165 = CARTESIAN_POINT('',(48.2,-9.65,16.2));
#166 = DIRECTION('',(0.,0.,1.));
#167 = DIRECTION('',(1.,0.,0.));
#168 = PCURVE('',#32,#169);
#169 = DEFINITIONAL_REPRESENTATION('',(#170),#174);
#170 = CIRCLE('',#171,3.);
#171 = AXIS2_PLACEMENT_2D('',#172,#173);
#172 = CARTESIAN_POINT('',(23.6,-9.65));
#173 = DIRECTION('',(1.,0.));
#174 = ( GEOMETRIC_REPRESENTATION_CONTEXT(2) 
PARAMETRIC_REPRESENTATION_CONTEXT() REPRESENTATION_CONTEXT('2D SPACE',''
  ) );
#175 = PCURVE('',#176,#181);
#176 = CYLINDRICAL_SURFACE('',#177,3.);
#177 = AXIS2_PLACEMENT_3D('',#178,#179,#180);
#178 = CARTESIAN_POINT('',(48.2,-9.65,-2.));
#179 = DIRECTION('',(-0.,-0.,-1.));
#180 = DIRECTION('',(1.,0.,0.));
#181 = DEFINITIONAL_REPRESENTATION('',(#182),#186);
#182 = LINE('',#183,#184);
#183 = CARTESIAN_POINT('',(-0.,-18.2));
#184 = VECTOR('',#185,1.);
#185 = DIRECTION('',(-1.,0.));
#186 = ( GEOMETRIC_REPRESENTATION_CONTEXT(2) 
PARAMETRIC_REPRESENTATION_CONTEXT() REPRESENTATION_CONTEXT('2D SPACE',''
  ) );
#187 = ORIENTED_EDGE('',*,*,#188,.T.);
#188 = EDGE_CURVE('',#160,#189,#191,.T.);
#189 = VERTEX_POINT('',#190);
#190 = CARTESIAN_POINT('',(51.2,-4.82,16.2));
#191 = SURFACE_CURVE('',#192,(#196,#203),.PCURVE_S1.);
#192 = LINE('',#193,#194);
#193 = CARTESIAN_POINT('',(51.2,0.,16.2));
#194 = VECTOR('',#195,1.);
#195 = DIRECTION('',(0.,1.,0.));
#196 = PCURVE('',#32,#197);
#197 = DEFINITIONAL_REPRESENTATION('',(#198),#202);
#198 = LINE('',#199,#200);
#199 = CARTESIAN_POINT('',(26.6,3.631554223173E-16));
#200 = VECTOR('',#201,1.);
#201 = DIRECTION('',(0.,1.));
#202 = ( GEOMETRIC_REPRESENTATION_CONTEXT(2) 
PARAMETRIC_REPRESENTATION_CONTEXT() REPRESENTATION_CONTEXT('2D SPACE',''
  ) );
#203 = PCURVE('',#204,#209);
#204 = PLANE('',#205);
#205 = AXIS2_PLACEMENT_3D('',#206,#207,#208);
#206 = CARTESIAN_POINT('',(51.2,-9.65,-2.));
#207 = DIRECTION('',(-1.,0.,0.));
#208 = DIRECTION('',(0.,1.,0.));
#209 = DEFINITIONAL_REPRESENTATION('',(#210),#214);
#210 = LINE('',#211,#212);
#211 = CARTESIAN_POINT('',(9.65,-18.2));
#212 = VECTOR('',#213,1.);
#213 = DIRECTION('',(1.,0.));
#214 = ( GEOMETRIC_REPRESENTATION_CONTEXT(2) 
PARAMETRIC_REPRESENTATION_CONTEXT() REPRESENTATION_CONTEXT('2D SPACE',''
  ) );
#215 = ORIENTED_EDGE('',*,*,#216,.T.);
#216 = EDGE_CURVE('',#189,#217,#219,.T.);
#217 = VERTEX_POINT('',#218);
#218 = CARTESIAN_POINT('',(49.2,-4.82,16.2));
#219 = SURFACE_CURVE('',#220,(#224,#230),.PCURVE_S1.);
#220 = LINE('',#221,#222);
#221 = CARTESIAN_POINT('',(36.4,-4.82,16.2));
#222 = VECTOR('',#223,1.);
#223 = DIRECTION('',(-1.,-0.,0.));
#224 = PCURVE('',#32,#225);
#225 = DEFINITIONAL_REPRESENTATION('',(#226),#229);
#226 = B_SPLINE_CURVE_WITH_KNOTS('',1,(#227,#228),.UNSPECIFIED.,.F.,.F.,
  (2,2),(-14.8,-11.8),.PIECEWISE_BEZIER_KNOTS.);
#227 = CARTESIAN_POINT('',(26.6,-4.82));
#228 = CARTESIAN_POINT('',(23.6,-4.82));
#229 = ( GEOMETRIC_REPRESENTATION_CONTEXT(2) 
PARAMETRIC_REPRESENTATION_CONTEXT() REPRESENTATION_CONTEXT('2D SPACE',''
  ) );
#230 = PCURVE('',#231,#236);
#231 = PLANE('',#232);
#232 = AXIS2_PLACEMENT_3D('',#233,#234,#235);
#233 = CARTESIAN_POINT('',(48.2,-4.82,9.21));
#234 = DIRECTION('',(-0.,1.,0.));
#235 = DIRECTION('',(0.,0.,1.));
#236 = DEFINITIONAL_REPRESENTATION('',(#237),#240);
#237 = B_SPLINE_CURVE_WITH_KNOTS('',1,(#238,#239),.UNSPECIFIED.,.F.,.F.,
  (2,2),(-14.8,-11.8),.PIECEWISE_BEZIER_KNOTS.);
#238 = CARTESIAN_POINT('',(6.99,3.));
#239 = CARTESIAN_POINT('',(6.99,0.));
#240 = ( GEOMETRIC_REPRESENTATION_CONTEXT(2) 
PARAMETRIC_REPRESENTATION_CONTEXT() REPRESENTATION_CONTEXT('2D SPACE',''
  ) );
#241 = ORIENTED_EDGE('',*,*,#242,.F.);
#242 = EDGE_CURVE('',#243,#217,#245,.T.);
#243 = VERTEX_POINT('',#244);
#244 = CARTESIAN_POINT('',(49.2,-9.65,16.2));
#245 = SURFACE_CURVE('',#246,(#250,#257),.PCURVE_S1.);
#246 = LINE('',#247,#248);
#247 = CARTESIAN_POINT('',(49.2,0.,16.2));
#248 = VECTOR('',#249,1.);
#249 = DIRECTION('',(0.,1.,0.));
#250 = PCURVE('',#32,#251);
#251 = DEFINITIONAL_REPRESENTATION('',(#252),#256);
#252 = LINE('',#253,#254);
#253 = CARTESIAN_POINT('',(24.6,3.631554223173E-16));
#254 = VECTOR('',#255,1.);
#255 = DIRECTION('',(0.,1.));
#256 = ( GEOMETRIC_REPRESENTATION_CONTEXT(2) 
PARAMETRIC_REPRESENTATION_CONTEXT() REPRESENTATION_CONTEXT('2D SPACE',''
  ) );
#257 = PCURVE('',#258,#263);
#258 = PLANE('',#259);
#259 = AXIS2_PLACEMENT_3D('',#260,#261,#262);
#260 = CARTESIAN_POINT('',(49.2,-9.65,0.));
#261 = DIRECTION('',(-1.,0.,0.));
#262 = DIRECTION('',(0.,1.,0.));
#263 = DEFINITIONAL_REPRESENTATION('',(#264),#268);
#264 = LINE('',#265,#266);
#265 = CARTESIAN_POINT('',(9.65,-16.2));
#266 = VECTOR('',#267,1.);
#267 = DIRECTION('',(1.,0.));
#268 = ( GEOMETRIC_REPRESENTATION_CONTEXT(2) 
PARAMETRIC_REPRESENTATION_CONTEXT() REPRESENTATION_CONTEXT('2D SPACE',''
  ) );
#269 = ORIENTED_EDGE('',*,*,#270,.F.);
#270 = EDGE_CURVE('',#271,#243,#273,.T.);
#271 = VERTEX_POINT('',#272);
#272 = CARTESIAN_POINT('',(48.2,-10.65,16.2));
#273 = SURFACE_CURVE('',#274,(#279,#286),.PCURVE_S1.);
#274 = CIRCLE('',#275,1.);
#275 = AXIS2_PLACEMENT_3D('',#276,#277,#278);
#276 = CARTESIAN_POINT('',(48.2,-9.65,16.2));
#277 = DIRECTION('',(0.,0.,1.));
#278 = DIRECTION('',(1.,0.,0.));
#279 = PCURVE('',#32,#280);
#280 = DEFINITIONAL_REPRESENTATION('',(#281),#285);
#281 = CIRCLE('',#282,1.);
#282 = AXIS2_PLACEMENT_2D('',#283,#284);
#283 = CARTESIAN_POINT('',(23.6,-9.65));
#284 = DIRECTION('',(1.,0.));
#285 = ( GEOMETRIC_REPRESENTATION_CONTEXT(2) 
PARAMETRIC_REPRESENTATION_CONTEXT() REPRESENTATION_CONTEXT('2D SPACE',''
  ) );
#286 = PCURVE('',#287,#292);
#287 = CYLINDRICAL_SURFACE('',#288,1.);
#288 = AXIS2_PLACEMENT_3D('',#289,#290,#291);
#289 = CARTESIAN_POINT('',(48.2,-9.65,0.));
#290 = DIRECTION('',(-0.,-0.,-1.));
#291 = DIRECTION('',(1.,0.,0.));
#292 = DEFINITIONAL_REPRESENTATION('',(#293),#297);
#293 = LINE('',#294,#295);
#294 = CARTESIAN_POINT('',(-0.,-16.2));
#295 = VECTOR('',#296,1.);
#296 = DIRECTION('',(-1.,0.));
#297 = ( GEOMETRIC_REPRESENTATION_CONTEXT(2) 
PARAMETRIC_REPRESENTATION_CONTEXT() REPRESENTATION_CONTEXT('2D SPACE',''
  ) );
#298 = ORIENTED_EDGE('',*,*,#299,.F.);
#299 = EDGE_CURVE('',#300,#271,#302,.T.);
#300 = VERTEX_POINT('',#301);
#301 = CARTESIAN_POINT('',(25.45,-10.65,16.2));
#302 = SURFACE_CURVE('',#303,(#307,#314),.PCURVE_S1.);
#303 = LINE('',#304,#305);
#304 = CARTESIAN_POINT('',(24.6,-10.65,16.2));
#305 = VECTOR('',#306,1.);
#306 = DIRECTION('',(1.,0.,0.));
#307 = PCURVE('',#32,#308);
#308 = DEFINITIONAL_REPRESENTATION('',(#309),#313);
#309 = LINE('',#310,#311);
#310 = CARTESIAN_POINT('',(0.,-10.65));
#311 = VECTOR('',#312,1.);
#312 = DIRECTION('',(1.,0.));
#313 = ( GEOMETRIC_REPRESENTATION_CONTEXT(2) 
PARAMETRIC_REPRESENTATION_CONTEXT() REPRESENTATION_CONTEXT('2D SPACE',''
  ) );
#314 = PCURVE('',#315,#320);
#315 = PLANE('',#316);
#316 = AXIS2_PLACEMENT_3D('',#317,#318,#319);
#317 = CARTESIAN_POINT('',(1.,-10.65,0.));
#318 = DIRECTION('',(0.,1.,0.));
#319 = DIRECTION('',(1.,0.,0.));
#320 = DEFINITIONAL_REPRESENTATION('',(#321),#325);
#321 = LINE('',#322,#323);
#322 = CARTESIAN_POINT('',(23.6,-16.2));
#323 = VECTOR('',#324,1.);
#324 = DIRECTION('',(1.,0.));
#325 = ( GEOMETRIC_REPRESENTATION_CONTEXT(2) 
PARAMETRIC_REPRESENTATION_CONTEXT() REPRESENTATION_CONTEXT('2D SPACE',''
  ) );
#326 = ORIENTED_EDGE('',*,*,#327,.T.);
#327 = EDGE_CURVE('',#300,#328,#330,.T.);
#328 = VERTEX_POINT('',#329);
#329 = CARTESIAN_POINT('',(25.45,-10.05,16.2));
#330 = SURFACE_CURVE('',#331,(#335,#342),.PCURVE_S1.);
#331 = LINE('',#332,#333);
#332 = CARTESIAN_POINT('',(25.45,-11.25,16.2));
#333 = VECTOR('',#334,1.);
#334 = DIRECTION('',(0.,1.,0.));
#335 = PCURVE('',#32,#336);
#336 = DEFINITIONAL_REPRESENTATION('',(#337),#341);
#337 = LINE('',#338,#339);
#338 = CARTESIAN_POINT('',(0.85,-11.25));
#339 = VECTOR('',#340,1.);
#340 = DIRECTION('',(0.,1.));
#341 = ( GEOMETRIC_REPRESENTATION_CONTEXT(2) 
PARAMETRIC_REPRESENTATION_CONTEXT() REPRESENTATION_CONTEXT('2D SPACE',''
  ) );
#342 = PCURVE('',#343,#348);
#343 = PLANE('',#344);
#344 = AXIS2_PLACEMENT_3D('',#345,#346,#347);
#345 = CARTESIAN_POINT('',(25.45,-11.25,8.9));
#346 = DIRECTION('',(1.,0.,0.));
#347 = DIRECTION('',(0.,0.,1.));
#348 = DEFINITIONAL_REPRESENTATION('',(#349),#353);
#349 = LINE('',#350,#351);
#350 = CARTESIAN_POINT('',(7.3,0.));
#351 = VECTOR('',#352,1.);
#352 = DIRECTION('',(0.,-1.));
#353 = ( GEOMETRIC_REPRESENTATION_CONTEXT(2) 
PARAMETRIC_REPRESENTATION_CONTEXT() REPRESENTATION_CONTEXT('2D SPACE',''
  ) );
#354 = ORIENTED_EDGE('',*,*,#355,.T.);
#355 = EDGE_CURVE('',#328,#356,#358,.T.);
#356 = VERTEX_POINT('',#357);
#357 = CARTESIAN_POINT('',(20.25,-10.05,16.2));
#358 = SURFACE_CURVE('',#359,(#364,#371),.PCURVE_S1.);
#359 = CIRCLE('',#360,2.6);
#360 = AXIS2_PLACEMENT_3D('',#361,#362,#363);
#361 = CARTESIAN_POINT('',(22.85,-10.05,16.2));
#362 = DIRECTION('',(0.,0.,1.));
#363 = DIRECTION('',(1.,0.,0.));
#364 = PCURVE('',#32,#365);
#365 = DEFINITIONAL_REPRESENTATION('',(#366),#370);
#366 = CIRCLE('',#367,2.6);
#367 = AXIS2_PLACEMENT_2D('',#368,#369);
#368 = CARTESIAN_POINT('',(-1.75,-10.05));
#369 = DIRECTION('',(1.,0.));
#370 = ( GEOMETRIC_REPRESENTATION_CONTEXT(2) 
PARAMETRIC_REPRESENTATION_CONTEXT() REPRESENTATION_CONTEXT('2D SPACE',''
  ) );
#371 = PCURVE('',#372,#377);
#372 = CYLINDRICAL_SURFACE('',#373,2.6);
#373 = AXIS2_PLACEMENT_3D('',#374,#375,#376);
#374 = CARTESIAN_POINT('',(22.85,-10.05,8.9));
#375 = DIRECTION('',(0.,0.,1.));
#376 = DIRECTION('',(1.,0.,0.));
#377 = DEFINITIONAL_REPRESENTATION('',(#378),#382);
#378 = LINE('',#379,#380);
#379 = CARTESIAN_POINT('',(0.,7.3));
#380 = VECTOR('',#381,1.);
#381 = DIRECTION('',(1.,0.));
#382 = ( GEOMETRIC_REPRESENTATION_CONTEXT(2) 
PARAMETRIC_REPRESENTATION_CONTEXT() REPRESENTATION_CONTEXT('2D SPACE',''
  ) );
#383 = ORIENTED_EDGE('',*,*,#384,.F.);
#384 = EDGE_CURVE('',#385,#356,#387,.T.);
#385 = VERTEX_POINT('',#386);
#386 = CARTESIAN_POINT('',(20.25,-10.65,16.2));
#387 = SURFACE_CURVE('',#388,(#392,#399),.PCURVE_S1.);
#388 = LINE('',#389,#390);
#389 = CARTESIAN_POINT('',(20.25,-11.25,16.2));
#390 = VECTOR('',#391,1.);
#391 = DIRECTION('',(0.,1.,0.));
#392 = PCURVE('',#32,#393);
#393 = DEFINITIONAL_REPRESENTATION('',(#394),#398);
#394 = LINE('',#395,#396);
#395 = CARTESIAN_POINT('',(-4.35,-11.25));
#396 = VECTOR('',#397,1.);
#397 = DIRECTION('',(0.,1.));
#398 = ( GEOMETRIC_REPRESENTATION_CONTEXT(2) 
PARAMETRIC_REPRESENTATION_CONTEXT() REPRESENTATION_CONTEXT('2D SPACE',''
  ) );
#399 = PCURVE('',#400,#405);
#400 = PLANE('',#401);
#401 = AXIS2_PLACEMENT_3D('',#402,#403,#404);
#402 = CARTESIAN_POINT('',(20.25,-11.25,8.9));
#403 = DIRECTION('',(1.,0.,0.));
#404 = DIRECTION('',(0.,0.,1.));
#405 = DEFINITIONAL_REPRESENTATION('',(#406),#410);
#406 = LINE('',#407,#408);
#407 = CARTESIAN_POINT('',(7.3,0.));
#408 = VECTOR('',#409,1.);
#409 = DIRECTION('',(0.,-1.));
#410 = ( GEOMETRIC_REPRESENTATION_CONTEXT(2) 
PARAMETRIC_REPRESENTATION_CONTEXT() REPRESENTATION_CONTEXT('2D SPACE',''
  ) );
#411 = ORIENTED_EDGE('',*,*,#412,.F.);
#412 = EDGE_CURVE('',#413,#385,#415,.T.);
#413 = VERTEX_POINT('',#414);
#414 = CARTESIAN_POINT('',(7.6,-10.65,16.2));
#415 = SURFACE_CURVE('',#416,(#420,#427),.PCURVE_S1.);
#416 = LINE('',#417,#418);
#417 = CARTESIAN_POINT('',(24.6,-10.65,16.2));
#418 = VECTOR('',#419,1.);
#419 = DIRECTION('',(1.,0.,0.));
#420 = PCURVE('',#32,#421);
#421 = DEFINITIONAL_REPRESENTATION('',(#422),#426);
#422 = LINE('',#423,#424);
#423 = CARTESIAN_POINT('',(0.,-10.65));
#424 = VECTOR('',#425,1.);
#425 = DIRECTION('',(1.,0.));
#426 = ( GEOMETRIC_REPRESENTATION_CONTEXT(2) 
PARAMETRIC_REPRESENTATION_CONTEXT() REPRESENTATION_CONTEXT('2D SPACE',''
  ) );
#427 = PCURVE('',#315,#428);
#428 = DEFINITIONAL_REPRESENTATION('',(#429),#433);
#429 = LINE('',#430,#431);
#430 = CARTESIAN_POINT('',(23.6,-16.2));
#431 = VECTOR('',#432,1.);
#432 = DIRECTION('',(1.,0.));
#433 = ( GEOMETRIC_REPRESENTATION_CONTEXT(2) 
PARAMETRIC_REPRESENTATION_CONTEXT() REPRESENTATION_CONTEXT('2D SPACE',''
  ) );
#434 = ORIENTED_EDGE('',*,*,#435,.T.);
#435 = EDGE_CURVE('',#413,#436,#438,.T.);
#436 = VERTEX_POINT('',#437);
#437 = CARTESIAN_POINT('',(7.6,-10.05,16.2));
#438 = SURFACE_CURVE('',#439,(#443,#450),.PCURVE_S1.);
#439 = LINE('',#440,#441);
#440 = CARTESIAN_POINT('',(7.6,-11.25,16.2));
#441 = VECTOR('',#442,1.);
#442 = DIRECTION('',(0.,1.,0.));
#443 = PCURVE('',#32,#444);
#444 = DEFINITIONAL_REPRESENTATION('',(#445),#449);
#445 = LINE('',#446,#447);
#446 = CARTESIAN_POINT('',(-17.,-11.25));
#447 = VECTOR('',#448,1.);
#448 = DIRECTION('',(0.,1.));
#449 = ( GEOMETRIC_REPRESENTATION_CONTEXT(2) 
PARAMETRIC_REPRESENTATION_CONTEXT() REPRESENTATION_CONTEXT('2D SPACE',''
  ) );
#450 = PCURVE('',#451,#456);
#451 = PLANE('',#452);
#452 = AXIS2_PLACEMENT_3D('',#453,#454,#455);
#453 = CARTESIAN_POINT('',(7.6,-11.25,8.9));
#454 = DIRECTION('',(1.,0.,0.));
#455 = DIRECTION('',(0.,0.,1.));
#456 = DEFINITIONAL_REPRESENTATION('',(#457),#461);
#457 = LINE('',#458,#459);
#458 = CARTESIAN_POINT('',(7.3,0.));
#459 = VECTOR('',#460,1.);
#460 = DIRECTION('',(0.,-1.));
#461 = ( GEOMETRIC_REPRESENTATION_CONTEXT(2) 
PARAMETRIC_REPRESENTATION_CONTEXT() REPRESENTATION_CONTEXT('2D SPACE',''
  ) );
#462 = ORIENTED_EDGE('',*,*,#463,.T.);
#463 = EDGE_CURVE('',#436,#464,#466,.T.);
#464 = VERTEX_POINT('',#465);
#465 = CARTESIAN_POINT('',(2.4,-10.05,16.2));
#466 = SURFACE_CURVE('',#467,(#472,#479),.PCURVE_S1.);
#467 = CIRCLE('',#468,2.6);
#468 = AXIS2_PLACEMENT_3D('',#469,#470,#471);
#469 = CARTESIAN_POINT('',(5.,-10.05,16.2));
#470 = DIRECTION('',(0.,0.,1.));
#471 = DIRECTION('',(1.,0.,0.));
#472 = PCURVE('',#32,#473);
#473 = DEFINITIONAL_REPRESENTATION('',(#474),#478);
#474 = CIRCLE('',#475,2.6);
#475 = AXIS2_PLACEMENT_2D('',#476,#477);
#476 = CARTESIAN_POINT('',(-19.6,-10.05));
#477 = DIRECTION('',(1.,0.));
#478 = ( GEOMETRIC_REPRESENTATION_CONTEXT(2) 
PARAMETRIC_REPRESENTATION_CONTEXT() REPRESENTATION_CONTEXT('2D SPACE',''
  ) );
#479 = PCURVE('',#480,#485);
#480 = CYLINDRICAL_SURFACE('',#481,2.6);
#481 = AXIS2_PLACEMENT_3D('',#482,#483,#484);
#482 = CARTESIAN_POINT('',(5.,-10.05,8.9));
#483 = DIRECTION('',(0.,0.,1.));
#484 = DIRECTION('',(1.,0.,0.));
#485 = DEFINITIONAL_REPRESENTATION('',(#486),#490);
#486 = LINE('',#487,#488);
#487 = CARTESIAN_POINT('',(0.,7.3));
#488 = VECTOR('',#489,1.);
#489 = DIRECTION('',(1.,0.));
#490 = ( GEOMETRIC_REPRESENTATION_CONTEXT(2) 
PARAMETRIC_REPRESENTATION_CONTEXT() REPRESENTATION_CONTEXT('2D SPACE',''
  ) );
#491 = ORIENTED_EDGE('',*,*,#492,.F.);
#492 = EDGE_CURVE('',#493,#464,#495,.T.);
#493 = VERTEX_POINT('',#494);
#494 = CARTESIAN_POINT('',(2.4,-10.65,16.2));
#495 = SURFACE_CURVE('',#496,(#500,#507),.PCURVE_S1.);
#496 = LINE('',#497,#498);
#497 = CARTESIAN_POINT('',(2.4,-11.25,16.2));
#498 = VECTOR('',#499,1.);
#499 = DIRECTION('',(0.,1.,0.));
#500 = PCURVE('',#32,#501);
#501 = DEFINITIONAL_REPRESENTATION('',(#502),#506);
#502 = LINE('',#503,#504);
#503 = CARTESIAN_POINT('',(-22.2,-11.25));
#504 = VECTOR('',#505,1.);
#505 = DIRECTION('',(0.,1.));
#506 = ( GEOMETRIC_REPRESENTATION_CONTEXT(2) 
PARAMETRIC_REPRESENTATION_CONTEXT() REPRESENTATION_CONTEXT('2D SPACE',''
  ) );
#507 = PCURVE('',#508,#513);
#508 = PLANE('',#509);
#509 = AXIS2_PLACEMENT_3D('',#510,#511,#512);
#510 = CARTESIAN_POINT('',(2.4,-11.25,8.9));
#511 = DIRECTION('',(1.,0.,0.));
#512 = DIRECTION('',(0.,0.,1.));
#513 = DEFINITIONAL_REPRESENTATION('',(#514),#518);
#514 = LINE('',#515,#516);
#515 = CARTESIAN_POINT('',(7.3,0.));
#516 = VECTOR('',#517,1.);
#517 = DIRECTION('',(0.,-1.));
#518 = ( GEOMETRIC_REPRESENTATION_CONTEXT(2) 
PARAMETRIC_REPRESENTATION_CONTEXT() REPRESENTATION_CONTEXT('2D SPACE',''
  ) );
#519 = ORIENTED_EDGE('',*,*,#520,.F.);
#520 = EDGE_CURVE('',#521,#493,#523,.T.);
#521 = VERTEX_POINT('',#522);
#522 = CARTESIAN_POINT('',(1.,-10.65,16.2));
#523 = SURFACE_CURVE('',#524,(#528,#535),.PCURVE_S1.);
#524 = LINE('',#525,#526);
#525 = CARTESIAN_POINT('',(24.6,-10.65,16.2));
#526 = VECTOR('',#527,1.);
#527 = DIRECTION('',(1.,0.,0.));
#528 = PCURVE('',#32,#529);
#529 = DEFINITIONAL_REPRESENTATION('',(#530),#534);
#530 = LINE('',#531,#532);
#531 = CARTESIAN_POINT('',(0.,-10.65));
#532 = VECTOR('',#533,1.);
#533 = DIRECTION('',(1.,0.));
#534 = ( GEOMETRIC_REPRESENTATION_CONTEXT(2) 
PARAMETRIC_REPRESENTATION_CONTEXT() REPRESENTATION_CONTEXT('2D SPACE',''
  ) );
#535 = PCURVE('',#315,#536);
#536 = DEFINITIONAL_REPRESENTATION('',(#537),#541);
#537 = LINE('',#538,#539);
#538 = CARTESIAN_POINT('',(23.6,-16.2));
#539 = VECTOR('',#540,1.);
#540 = DIRECTION('',(1.,0.));
#541 = ( GEOMETRIC_REPRESENTATION_CONTEXT(2) 
PARAMETRIC_REPRESENTATION_CONTEXT() REPRESENTATION_CONTEXT('2D SPACE',''
  ) );
#542 = ORIENTED_EDGE('',*,*,#543,.F.);
#543 = EDGE_CURVE('',#544,#521,#546,.T.);
#544 = VERTEX_POINT('',#545);
#545 = CARTESIAN_POINT('',(0.,-9.65,16.2));
#546 = SURFACE_CURVE('',#547,(#552,#559),.PCURVE_S1.);
#547 = CIRCLE('',#548,1.);
#548 = AXIS2_PLACEMENT_3D('',#549,#550,#551);
#549 = CARTESIAN_POINT('',(1.,-9.65,16.2));
#550 = DIRECTION('',(0.,0.,1.));
#551 = DIRECTION('',(1.,0.,0.));
#552 = PCURVE('',#32,#553);
#553 = DEFINITIONAL_REPRESENTATION('',(#554),#558);
#554 = CIRCLE('',#555,1.);
#555 = AXIS2_PLACEMENT_2D('',#556,#557);
#556 = CARTESIAN_POINT('',(-23.6,-9.65));
#557 = DIRECTION('',(1.,0.));
#558 = ( GEOMETRIC_REPRESENTATION_CONTEXT(2) 
PARAMETRIC_REPRESENTATION_CONTEXT() REPRESENTATION_CONTEXT('2D SPACE',''
  ) );
#559 = PCURVE('',#560,#565);
#560 = CYLINDRICAL_SURFACE('',#561,1.);
#561 = AXIS2_PLACEMENT_3D('',#562,#563,#564);
#562 = CARTESIAN_POINT('',(1.,-9.65,0.));
#563 = DIRECTION('',(-0.,-0.,-1.));
#564 = DIRECTION('',(1.,0.,0.));
#565 = DEFINITIONAL_REPRESENTATION('',(#566),#570);
#566 = LINE('',#567,#568);
#567 = CARTESIAN_POINT('',(-0.,-16.2));
#568 = VECTOR('',#569,1.);
#569 = DIRECTION('',(-1.,0.));
#570 = ( GEOMETRIC_REPRESENTATION_CONTEXT(2) 
PARAMETRIC_REPRESENTATION_CONTEXT() REPRESENTATION_CONTEXT('2D SPACE',''
  ) );
#571 = ORIENTED_EDGE('',*,*,#572,.T.);
#572 = EDGE_CURVE('',#544,#573,#575,.T.);
#573 = VERTEX_POINT('',#574);
#574 = CARTESIAN_POINT('',(0.,9.65,16.2));
#575 = SURFACE_CURVE('',#576,(#580,#587),.PCURVE_S1.);
#576 = LINE('',#577,#578);
#577 = CARTESIAN_POINT('',(0.,0.,16.2));
#578 = VECTOR('',#579,1.);
#579 = DIRECTION('',(0.,1.,0.));
#580 = PCURVE('',#32,#581);
#581 = DEFINITIONAL_REPRESENTATION('',(#582),#586);
#582 = LINE('',#583,#584);
#583 = CARTESIAN_POINT('',(-24.6,3.631554223173E-16));
#584 = VECTOR('',#585,1.);
#585 = DIRECTION('',(0.,1.));
#586 = ( GEOMETRIC_REPRESENTATION_CONTEXT(2) 
PARAMETRIC_REPRESENTATION_CONTEXT() REPRESENTATION_CONTEXT('2D SPACE',''
  ) );
#587 = PCURVE('',#588,#593);
#588 = PLANE('',#589);
#589 = AXIS2_PLACEMENT_3D('',#590,#591,#592);
#590 = CARTESIAN_POINT('',(0.,-9.65,0.));
#591 = DIRECTION('',(-1.,0.,0.));
#592 = DIRECTION('',(0.,1.,0.));
#593 = DEFINITIONAL_REPRESENTATION('',(#594),#598);
#594 = LINE('',#595,#596);
#595 = CARTESIAN_POINT('',(9.65,-16.2));
#596 = VECTOR('',#597,1.);
#597 = DIRECTION('',(1.,0.));
#598 = ( GEOMETRIC_REPRESENTATION_CONTEXT(2) 
PARAMETRIC_REPRESENTATION_CONTEXT() REPRESENTATION_CONTEXT('2D SPACE',''
  ) );
#599 = ORIENTED_EDGE('',*,*,#600,.F.);
#600 = EDGE_CURVE('',#601,#573,#603,.T.);
#601 = VERTEX_POINT('',#602);
#602 = CARTESIAN_POINT('',(1.,10.65,16.2));
#603 = SURFACE_CURVE('',#604,(#609,#616),.PCURVE_S1.);
#604 = CIRCLE('',#605,1.);
#605 = AXIS2_PLACEMENT_3D('',#606,#607,#608);
#606 = CARTESIAN_POINT('',(1.,9.65,16.2));
#607 = DIRECTION('',(0.,0.,1.));
#608 = DIRECTION('',(1.,0.,0.));
#609 = PCURVE('',#32,#610);
#610 = DEFINITIONAL_REPRESENTATION('',(#611),#615);
#611 = CIRCLE('',#612,1.);
#612 = AXIS2_PLACEMENT_2D('',#613,#614);
#613 = CARTESIAN_POINT('',(-23.6,9.65));
#614 = DIRECTION('',(1.,0.));
#615 = ( GEOMETRIC_REPRESENTATION_CONTEXT(2) 
PARAMETRIC_REPRESENTATION_CONTEXT() REPRESENTATION_CONTEXT('2D SPACE',''
  ) );
#616 = PCURVE('',#617,#622);
#617 = CYLINDRICAL_SURFACE('',#618,1.);
#618 = AXIS2_PLACEMENT_3D('',#619,#620,#621);
#619 = CARTESIAN_POINT('',(1.,9.65,0.));
#620 = DIRECTION('',(-0.,-0.,-1.));
#621 = DIRECTION('',(1.,0.,0.));
#622 = DEFINITIONAL_REPRESENTATION('',(#623),#627);
#623 = LINE('',#624,#625);
#624 = CARTESIAN_POINT('',(-0.,-16.2));
#625 = VECTOR('',#626,1.);
#626 = DIRECTION('',(-1.,0.));
#627 = ( GEOMETRIC_REPRESENTATION_CONTEXT(2) 
PARAMETRIC_REPRESENTATION_CONTEXT() REPRESENTATION_CONTEXT('2D SPACE',''
  ) );
#628 = ORIENTED_EDGE('',*,*,#629,.T.);
#629 = EDGE_CURVE('',#601,#630,#632,.T.);
#630 = VERTEX_POINT('',#631);
#631 = CARTESIAN_POINT('',(2.4,10.65,16.2));
#632 = SURFACE_CURVE('',#633,(#637,#644),.PCURVE_S1.);
#633 = LINE('',#634,#635);
#634 = CARTESIAN_POINT('',(24.6,10.65,16.2));
#635 = VECTOR('',#636,1.);
#636 = DIRECTION('',(1.,0.,0.));
#637 = PCURVE('',#32,#638);
#638 = DEFINITIONAL_REPRESENTATION('',(#639),#643);
#639 = LINE('',#640,#641);
#640 = CARTESIAN_POINT('',(0.,10.65));
#641 = VECTOR('',#642,1.);
#642 = DIRECTION('',(1.,0.));
#643 = ( GEOMETRIC_REPRESENTATION_CONTEXT(2) 
PARAMETRIC_REPRESENTATION_CONTEXT() REPRESENTATION_CONTEXT('2D SPACE',''
  ) );
#644 = PCURVE('',#645,#650);
#645 = PLANE('',#646);
#646 = AXIS2_PLACEMENT_3D('',#647,#648,#649);
#647 = CARTESIAN_POINT('',(1.,10.65,0.));
#648 = DIRECTION('',(0.,1.,0.));
#649 = DIRECTION('',(1.,0.,0.));
#650 = DEFINITIONAL_REPRESENTATION('',(#651),#655);
#651 = LINE('',#652,#653);
#652 = CARTESIAN_POINT('',(23.6,-16.2));
#653 = VECTOR('',#654,1.);
#654 = DIRECTION('',(1.,0.));
#655 = ( GEOMETRIC_REPRESENTATION_CONTEXT(2) 
PARAMETRIC_REPRESENTATION_CONTEXT() REPRESENTATION_CONTEXT('2D SPACE',''
  ) );
#656 = ORIENTED_EDGE('',*,*,#657,.F.);
#657 = EDGE_CURVE('',#658,#630,#660,.T.);
#658 = VERTEX_POINT('',#659);
#659 = CARTESIAN_POINT('',(2.4,10.05,16.2));
#660 = SURFACE_CURVE('',#661,(#665,#672),.PCURVE_S1.);
#661 = LINE('',#662,#663);
#662 = CARTESIAN_POINT('',(2.4,10.05,16.2));
#663 = VECTOR('',#664,1.);
#664 = DIRECTION('',(0.,1.,0.));
#665 = PCURVE('',#32,#666);
#666 = DEFINITIONAL_REPRESENTATION('',(#667),#671);
#667 = LINE('',#668,#669);
#668 = CARTESIAN_POINT('',(-22.2,10.05));
#669 = VECTOR('',#670,1.);
#670 = DIRECTION('',(0.,1.));
#671 = ( GEOMETRIC_REPRESENTATION_CONTEXT(2) 
PARAMETRIC_REPRESENTATION_CONTEXT() REPRESENTATION_CONTEXT('2D SPACE',''
  ) );
#672 = PCURVE('',#673,#678);
#673 = PLANE('',#674);
#674 = AXIS2_PLACEMENT_3D('',#675,#676,#677);
#675 = CARTESIAN_POINT('',(2.4,10.05,8.9));
#676 = DIRECTION('',(1.,0.,0.));
#677 = DIRECTION('',(0.,0.,1.));
#678 = DEFINITIONAL_REPRESENTATION('',(#679),#683);
#679 = LINE('',#680,#681);
#680 = CARTESIAN_POINT('',(7.3,0.));
#681 = VECTOR('',#682,1.);
#682 = DIRECTION('',(0.,-1.));
#683 = ( GEOMETRIC_REPRESENTATION_CONTEXT(2) 
PARAMETRIC_REPRESENTATION_CONTEXT() REPRESENTATION_CONTEXT('2D SPACE',''
  ) );
#684 = ORIENTED_EDGE('',*,*,#685,.T.);
#685 = EDGE_CURVE('',#658,#686,#688,.T.);
#686 = VERTEX_POINT('',#687);
#687 = CARTESIAN_POINT('',(7.6,10.05,16.2));
#688 = SURFACE_CURVE('',#689,(#694,#701),.PCURVE_S1.);
#689 = CIRCLE('',#690,2.6);
#690 = AXIS2_PLACEMENT_3D('',#691,#692,#693);
#691 = CARTESIAN_POINT('',(5.,10.05,16.2));
#692 = DIRECTION('',(0.,0.,1.));
#693 = DIRECTION('',(1.,0.,0.));
#694 = PCURVE('',#32,#695);
#695 = DEFINITIONAL_REPRESENTATION('',(#696),#700);
#696 = CIRCLE('',#697,2.6);
#697 = AXIS2_PLACEMENT_2D('',#698,#699);
#698 = CARTESIAN_POINT('',(-19.6,10.05));
#699 = DIRECTION('',(1.,0.));
#700 = ( GEOMETRIC_REPRESENTATION_CONTEXT(2) 
PARAMETRIC_REPRESENTATION_CONTEXT() REPRESENTATION_CONTEXT('2D SPACE',''
  ) );
#701 = PCURVE('',#702,#707);
#702 = CYLINDRICAL_SURFACE('',#703,2.6);
#703 = AXIS2_PLACEMENT_3D('',#704,#705,#706);
#704 = CARTESIAN_POINT('',(5.,10.05,8.9));
#705 = DIRECTION('',(0.,0.,1.));
#706 = DIRECTION('',(1.,0.,0.));
#707 = DEFINITIONAL_REPRESENTATION('',(#708),#712);
#708 = LINE('',#709,#710);
#709 = CARTESIAN_POINT('',(0.,7.3));
#710 = VECTOR('',#711,1.);
#711 = DIRECTION('',(1.,0.));
#712 = ( GEOMETRIC_REPRESENTATION_CONTEXT(2) 
PARAMETRIC_REPRESENTATION_CONTEXT() REPRESENTATION_CONTEXT('2D SPACE',''
  ) );
#713 = ORIENTED_EDGE('',*,*,#714,.T.);
#714 = EDGE_CURVE('',#686,#715,#717,.T.);
#715 = VERTEX_POINT('',#716);
#716 = CARTESIAN_POINT('',(7.6,10.65,16.2));
#717 = SURFACE_CURVE('',#718,(#722,#729),.PCURVE_S1.);
#718 = LINE('',#719,#720);
#719 = CARTESIAN_POINT('',(7.6,10.05,16.2));
#720 = VECTOR('',#721,1.);
#721 = DIRECTION('',(0.,1.,0.));
#722 = PCURVE('',#32,#723);
#723 = DEFINITIONAL_REPRESENTATION('',(#724),#728);
#724 = LINE('',#725,#726);
#725 = CARTESIAN_POINT('',(-17.,10.05));
#726 = VECTOR('',#727,1.);
#727 = DIRECTION('',(0.,1.));
#728 = ( GEOMETRIC_REPRESENTATION_CONTEXT(2) 
PARAMETRIC_REPRESENTATION_CONTEXT() REPRESENTATION_CONTEXT('2D SPACE',''
  ) );
#729 = PCURVE('',#730,#735);
#730 = PLANE('',#731);
#731 = AXIS2_PLACEMENT_3D('',#732,#733,#734);
#732 = CARTESIAN_POINT('',(7.6,10.05,8.9));
#733 = DIRECTION('',(1.,0.,0.));
#734 = DIRECTION('',(0.,0.,1.));
#735 = DEFINITIONAL_REPRESENTATION('',(#736),#740);
#736 = LINE('',#737,#738);
#737 = CARTESIAN_POINT('',(7.3,0.));
#738 = VECTOR('',#739,1.);
#739 = DIRECTION('',(0.,-1.));
#740 = ( GEOMETRIC_REPRESENTATION_CONTEXT(2) 
PARAMETRIC_REPRESENTATION_CONTEXT() REPRESENTATION_CONTEXT('2D SPACE',''
  ) );
#741 = ORIENTED_EDGE('',*,*,#742,.T.);
#742 = EDGE_CURVE('',#715,#743,#745,.T.);
#743 = VERTEX_POINT('',#744);
#744 = CARTESIAN_POINT('',(20.25,10.65,16.2));
#745 = SURFACE_CURVE('',#746,(#750,#757),.PCURVE_S1.);
#746 = LINE('',#747,#748);
#747 = CARTESIAN_POINT('',(24.6,10.65,16.2));
#748 = VECTOR('',#749,1.);
#749 = DIRECTION('',(1.,0.,0.));
#750 = PCURVE('',#32,#751);
#751 = DEFINITIONAL_REPRESENTATION('',(#752),#756);
#752 = LINE('',#753,#754);
#753 = CARTESIAN_POINT('',(0.,10.65));
#754 = VECTOR('',#755,1.);
#755 = DIRECTION('',(1.,0.));
#756 = ( GEOMETRIC_REPRESENTATION_CONTEXT(2) 
PARAMETRIC_REPRESENTATION_CONTEXT() REPRESENTATION_CONTEXT('2D SPACE',''
  ) );
#757 = PCURVE('',#645,#758);
#758 = DEFINITIONAL_REPRESENTATION('',(#759),#763);
#759 = LINE('',#760,#761);
#760 = CARTESIAN_POINT('',(23.6,-16.2));
#761 = VECTOR('',#762,1.);
#762 = DIRECTION('',(1.,0.));
#763 = ( GEOMETRIC_REPRESENTATION_CONTEXT(2) 
PARAMETRIC_REPRESENTATION_CONTEXT() REPRESENTATION_CONTEXT('2D SPACE',''
  ) );
#764 = ORIENTED_EDGE('',*,*,#765,.F.);
#765 = EDGE_CURVE('',#766,#743,#768,.T.);
#766 = VERTEX_POINT('',#767);
#767 = CARTESIAN_POINT('',(20.25,10.05,16.2));
#768 = SURFACE_CURVE('',#769,(#773,#780),.PCURVE_S1.);
#769 = LINE('',#770,#771);
#770 = CARTESIAN_POINT('',(20.25,10.05,16.2));
#771 = VECTOR('',#772,1.);
#772 = DIRECTION('',(0.,1.,0.));
#773 = PCURVE('',#32,#774);
#774 = DEFINITIONAL_REPRESENTATION('',(#775),#779);
#775 = LINE('',#776,#777);
#776 = CARTESIAN_POINT('',(-4.35,10.05));
#777 = VECTOR('',#778,1.);
#778 = DIRECTION('',(0.,1.));
#779 = ( GEOMETRIC_REPRESENTATION_CONTEXT(2) 
PARAMETRIC_REPRESENTATION_CONTEXT() REPRESENTATION_CONTEXT('2D SPACE',''
  ) );
#780 = PCURVE('',#781,#786);
#781 = PLANE('',#782);
#782 = AXIS2_PLACEMENT_3D('',#783,#784,#785);
#783 = CARTESIAN_POINT('',(20.25,10.05,8.9));
#784 = DIRECTION('',(1.,0.,0.));
#785 = DIRECTION('',(0.,0.,1.));
#786 = DEFINITIONAL_REPRESENTATION('',(#787),#791);
#787 = LINE('',#788,#789);
#788 = CARTESIAN_POINT('',(7.3,0.));
#789 = VECTOR('',#790,1.);
#790 = DIRECTION('',(0.,-1.));
#791 = ( GEOMETRIC_REPRESENTATION_CONTEXT(2) 
PARAMETRIC_REPRESENTATION_CONTEXT() REPRESENTATION_CONTEXT('2D SPACE',''
  ) );
#792 = ORIENTED_EDGE('',*,*,#793,.T.);
#793 = EDGE_CURVE('',#766,#794,#796,.T.);
#794 = VERTEX_POINT('',#795);
#795 = CARTESIAN_POINT('',(25.45,10.05,16.2));
#796 = SURFACE_CURVE('',#797,(#802,#809),.PCURVE_S1.);
#797 = CIRCLE('',#798,2.6);
#798 = AXIS2_PLACEMENT_3D('',#799,#800,#801);
#799 = CARTESIAN_POINT('',(22.85,10.05,16.2));
#800 = DIRECTION('',(0.,0.,1.));
#801 = DIRECTION('',(1.,0.,0.));
#802 = PCURVE('',#32,#803);
#803 = DEFINITIONAL_REPRESENTATION('',(#804),#808);
#804 = CIRCLE('',#805,2.6);
#805 = AXIS2_PLACEMENT_2D('',#806,#807);
#806 = CARTESIAN_POINT('',(-1.75,10.05));
#807 = DIRECTION('',(1.,0.));
#808 = ( GEOMETRIC_REPRESENTATION_CONTEXT(2) 
PARAMETRIC_REPRESENTATION_CONTEXT() REPRESENTATION_CONTEXT('2D SPACE',''
  ) );
#809 = PCURVE('',#810,#815);
#810 = CYLINDRICAL_SURFACE('',#811,2.6);
#811 = AXIS2_PLACEMENT_3D('',#812,#813,#814);
#812 = CARTESIAN_POINT('',(22.85,10.05,8.9));
#813 = DIRECTION('',(0.,0.,1.));
#814 = DIRECTION('',(1.,0.,0.));
#815 = DEFINITIONAL_REPRESENTATION('',(#816),#820);
#816 = LINE('',#817,#818);
#817 = CARTESIAN_POINT('',(0.,7.3));
#818 = VECTOR('',#819,1.);
#819 = DIRECTION('',(1.,0.));
#820 = ( GEOMETRIC_REPRESENTATION_CONTEXT(2) 
PARAMETRIC_REPRESENTATION_CONTEXT() REPRESENTATION_CONTEXT('2D SPACE',''
  ) );
#821 = ORIENTED_EDGE('',*,*,#822,.T.);
#822 = EDGE_CURVE('',#794,#823,#825,.T.);
#823 = VERTEX_POINT('',#824);
#824 = CARTESIAN_POINT('',(25.45,10.65,16.2));
#825 = SURFACE_CURVE('',#826,(#830,#837),.PCURVE_S1.);
#826 = LINE('',#827,#828);
#827 = CARTESIAN_POINT('',(25.45,10.05,16.2));
#828 = VECTOR('',#829,1.);
#829 = DIRECTION('',(0.,1.,0.));
#830 = PCURVE('',#32,#831);
#831 = DEFINITIONAL_REPRESENTATION('',(#832),#836);
#832 = LINE('',#833,#834);
#833 = CARTESIAN_POINT('',(0.85,10.05));
#834 = VECTOR('',#835,1.);
#835 = DIRECTION('',(0.,1.));
#836 = ( GEOMETRIC_REPRESENTATION_CONTEXT(2) 
PARAMETRIC_REPRESENTATION_CONTEXT() REPRESENTATION_CONTEXT('2D SPACE',''
  ) );
#837 = PCURVE('',#838,#843);
#838 = PLANE('',#839);
#839 = AXIS2_PLACEMENT_3D('',#840,#841,#842);
#840 = CARTESIAN_POINT('',(25.45,10.05,8.9));
#841 = DIRECTION('',(1.,0.,0.));
#842 = DIRECTION('',(0.,0.,1.));
#843 = DEFINITIONAL_REPRESENTATION('',(#844),#848);
#844 = LINE('',#845,#846);
#845 = CARTESIAN_POINT('',(7.3,0.));
#846 = VECTOR('',#847,1.);
#847 = DIRECTION('',(0.,-1.));
#848 = ( GEOMETRIC_REPRESENTATION_CONTEXT(2) 
PARAMETRIC_REPRESENTATION_CONTEXT() REPRESENTATION_CONTEXT('2D SPACE',''
  ) );
#849 = ORIENTED_EDGE('',*,*,#850,.T.);
#850 = EDGE_CURVE('',#823,#851,#853,.T.);
#851 = VERTEX_POINT('',#852);
#852 = CARTESIAN_POINT('',(48.2,10.65,16.2));
#853 = SURFACE_CURVE('',#854,(#858,#865),.PCURVE_S1.);
#854 = LINE('',#855,#856);
#855 = CARTESIAN_POINT('',(24.6,10.65,16.2));
#856 = VECTOR('',#857,1.);
#857 = DIRECTION('',(1.,0.,0.));
#858 = PCURVE('',#32,#859);
#859 = DEFINITIONAL_REPRESENTATION('',(#860),#864);
#860 = LINE('',#861,#862);
#861 = CARTESIAN_POINT('',(0.,10.65));
#862 = VECTOR('',#863,1.);
#863 = DIRECTION('',(1.,0.));
#864 = ( GEOMETRIC_REPRESENTATION_CONTEXT(2) 
PARAMETRIC_REPRESENTATION_CONTEXT() REPRESENTATION_CONTEXT('2D SPACE',''
  ) );
#865 = PCURVE('',#645,#866);
#866 = DEFINITIONAL_REPRESENTATION('',(#867),#871);
#867 = LINE('',#868,#869);
#868 = CARTESIAN_POINT('',(23.6,-16.2));
#869 = VECTOR('',#870,1.);
#870 = DIRECTION('',(1.,0.));
#871 = ( GEOMETRIC_REPRESENTATION_CONTEXT(2) 
PARAMETRIC_REPRESENTATION_CONTEXT() REPRESENTATION_CONTEXT('2D SPACE',''
  ) );
#872 = ORIENTED_EDGE('',*,*,#873,.F.);
#873 = EDGE_CURVE('',#874,#851,#876,.T.);
#874 = VERTEX_POINT('',#875);
#875 = CARTESIAN_POINT('',(49.2,9.65,16.2));
#876 = SURFACE_CURVE('',#877,(#882,#889),.PCURVE_S1.);
#877 = CIRCLE('',#878,1.);
#878 = AXIS2_PLACEMENT_3D('',#879,#880,#881);
#879 = CARTESIAN_POINT('',(48.2,9.65,16.2));
#880 = DIRECTION('',(0.,0.,1.));
#881 = DIRECTION('',(1.,0.,0.));
#882 = PCURVE('',#32,#883);
#883 = DEFINITIONAL_REPRESENTATION('',(#884),#888);
#884 = CIRCLE('',#885,1.);
#885 = AXIS2_PLACEMENT_2D('',#886,#887);
#886 = CARTESIAN_POINT('',(23.6,9.65));
#887 = DIRECTION('',(1.,0.));
#888 = ( GEOMETRIC_REPRESENTATION_CONTEXT(2) 
PARAMETRIC_REPRESENTATION_CONTEXT() REPRESENTATION_CONTEXT('2D SPACE',''
  ) );
#889 = PCURVE('',#890,#895);
#890 = CYLINDRICAL_SURFACE('',#891,1.);
#891 = AXIS2_PLACEMENT_3D('',#892,#893,#894);
#892 = CARTESIAN_POINT('',(48.2,9.65,0.));
#893 = DIRECTION('',(-0.,-0.,-1.));
#894 = DIRECTION('',(1.,0.,0.));
#895 = DEFINITIONAL_REPRESENTATION('',(#896),#900);
#896 = LINE('',#897,#898);
#897 = CARTESIAN_POINT('',(-0.,-16.2));
#898 = VECTOR('',#899,1.);
#899 = DIRECTION('',(-1.,0.));
#900 = ( GEOMETRIC_REPRESENTATION_CONTEXT(2) 
PARAMETRIC_REPRESENTATION_CONTEXT() REPRESENTATION_CONTEXT('2D SPACE',''
  ) );
#901 = ORIENTED_EDGE('',*,*,#902,.F.);
#902 = EDGE_CURVE('',#903,#874,#905,.T.);
#903 = VERTEX_POINT('',#904);
#904 = CARTESIAN_POINT('',(49.2,4.82,16.2));
#905 = SURFACE_CURVE('',#906,(#910,#917),.PCURVE_S1.);
#906 = LINE('',#907,#908);
#907 = CARTESIAN_POINT('',(49.2,0.,16.2));
#908 = VECTOR('',#909,1.);
#909 = DIRECTION('',(0.,1.,0.));
#910 = PCURVE('',#32,#911);
#911 = DEFINITIONAL_REPRESENTATION('',(#912),#916);
#912 = LINE('',#913,#914);
#913 = CARTESIAN_POINT('',(24.6,3.631554223173E-16));
#914 = VECTOR('',#915,1.);
#915 = DIRECTION('',(0.,1.));
#916 = ( GEOMETRIC_REPRESENTATION_CONTEXT(2) 
PARAMETRIC_REPRESENTATION_CONTEXT() REPRESENTATION_CONTEXT('2D SPACE',''
  ) );
#917 = PCURVE('',#258,#918);
#918 = DEFINITIONAL_REPRESENTATION('',(#919),#923);
#919 = LINE('',#920,#921);
#920 = CARTESIAN_POINT('',(9.65,-16.2));
#921 = VECTOR('',#922,1.);
#922 = DIRECTION('',(1.,0.));
#923 = ( GEOMETRIC_REPRESENTATION_CONTEXT(2) 
PARAMETRIC_REPRESENTATION_CONTEXT() REPRESENTATION_CONTEXT('2D SPACE',''
  ) );
#924 = ORIENTED_EDGE('',*,*,#925,.F.);
#925 = EDGE_CURVE('',#926,#903,#928,.T.);
#926 = VERTEX_POINT('',#927);
#927 = CARTESIAN_POINT('',(51.2,4.82,16.2));
#928 = SURFACE_CURVE('',#929,(#933,#939),.PCURVE_S1.);
#929 = LINE('',#930,#931);
#930 = CARTESIAN_POINT('',(36.4,4.82,16.2));
#931 = VECTOR('',#932,1.);
#932 = DIRECTION('',(-1.,-0.,0.));
#933 = PCURVE('',#32,#934);
#934 = DEFINITIONAL_REPRESENTATION('',(#935),#938);
#935 = B_SPLINE_CURVE_WITH_KNOTS('',1,(#936,#937),.UNSPECIFIED.,.F.,.F.,
  (2,2),(-14.8,-11.8),.PIECEWISE_BEZIER_KNOTS.);
#936 = CARTESIAN_POINT('',(26.6,4.82));
#937 = CARTESIAN_POINT('',(23.6,4.82));
#938 = ( GEOMETRIC_REPRESENTATION_CONTEXT(2) 
PARAMETRIC_REPRESENTATION_CONTEXT() REPRESENTATION_CONTEXT('2D SPACE',''
  ) );
#939 = PCURVE('',#940,#945);
#940 = PLANE('',#941);
#941 = AXIS2_PLACEMENT_3D('',#942,#943,#944);
#942 = CARTESIAN_POINT('',(48.2,4.82,9.21));
#943 = DIRECTION('',(-0.,1.,0.));
#944 = DIRECTION('',(0.,0.,1.));
#945 = DEFINITIONAL_REPRESENTATION('',(#946),#949);
#946 = B_SPLINE_CURVE_WITH_KNOTS('',1,(#947,#948),.UNSPECIFIED.,.F.,.F.,
  (2,2),(-14.8,-11.8),.PIECEWISE_BEZIER_KNOTS.);
#947 = CARTESIAN_POINT('',(6.99,3.));
#948 = CARTESIAN_POINT('',(6.99,0.));
#949 = ( GEOMETRIC_REPRESENTATION_CONTEXT(2) 
PARAMETRIC_REPRESENTATION_CONTEXT() REPRESENTATION_CONTEXT('2D SPACE',''
  ) );
#950 = ORIENTED_EDGE('',*,*,#951,.T.);
#951 = EDGE_CURVE('',#926,#952,#954,.T.);
#952 = VERTEX_POINT('',#953);
#953 = CARTESIAN_POINT('',(51.2,9.65,16.2));
#954 = SURFACE_CURVE('',#955,(#959,#966),.PCURVE_S1.);
#955 = LINE('',#956,#957);
#956 = CARTESIAN_POINT('',(51.2,0.,16.2));
#957 = VECTOR('',#958,1.);
#958 = DIRECTION('',(0.,1.,0.));
#959 = PCURVE('',#32,#960);
#960 = DEFINITIONAL_REPRESENTATION('',(#961),#965);
#961 = LINE('',#962,#963);
#962 = CARTESIAN_POINT('',(26.6,3.631554223173E-16));
#963 = VECTOR('',#964,1.);
#964 = DIRECTION('',(0.,1.));
#965 = ( GEOMETRIC_REPRESENTATION_CONTEXT(2) 
PARAMETRIC_REPRESENTATION_CONTEXT() REPRESENTATION_CONTEXT('2D SPACE',''
  ) );
#966 = PCURVE('',#204,#967);
#967 = DEFINITIONAL_REPRESENTATION('',(#968),#972);
#968 = LINE('',#969,#970);
#969 = CARTESIAN_POINT('',(9.65,-18.2));
#970 = VECTOR('',#971,1.);
#971 = DIRECTION('',(1.,0.));
#972 = ( GEOMETRIC_REPRESENTATION_CONTEXT(2) 
PARAMETRIC_REPRESENTATION_CONTEXT() REPRESENTATION_CONTEXT('2D SPACE',''
  ) );
#973 = ORIENTED_EDGE('',*,*,#974,.T.);
#974 = EDGE_CURVE('',#952,#975,#977,.T.);
#975 = VERTEX_POINT('',#976);
#976 = CARTESIAN_POINT('',(48.2,12.65,16.2));
#977 = SURFACE_CURVE('',#978,(#983,#990),.PCURVE_S1.);
#978 = CIRCLE('',#979,3.);
#979 = AXIS2_PLACEMENT_3D('',#980,#981,#982);
#980 = CARTESIAN_POINT('',(48.2,9.65,16.2));
#981 = DIRECTION('',(0.,0.,1.));
#982 = DIRECTION('',(1.,0.,0.));
#983 = PCURVE('',#32,#984);
#984 = DEFINITIONAL_REPRESENTATION('',(#985),#989);
#985 = CIRCLE('',#986,3.);
#986 = AXIS2_PLACEMENT_2D('',#987,#988);
#987 = CARTESIAN_POINT('',(23.6,9.65));
#988 = DIRECTION('',(1.,0.));
#989 = ( GEOMETRIC_REPRESENTATION_CONTEXT(2) 
PARAMETRIC_REPRESENTATION_CONTEXT() REPRESENTATION_CONTEXT('2D SPACE',''
  ) );
#990 = PCURVE('',#991,#996);
#991 = CYLINDRICAL_SURFACE('',#992,3.);
#992 = AXIS2_PLACEMENT_3D('',#993,#994,#995);
#993 = CARTESIAN_POINT('',(48.2,9.65,-2.));
#994 = DIRECTION('',(-0.,-0.,-1.));
#995 = DIRECTION('',(1.,0.,0.));
#996 = DEFINITIONAL_REPRESENTATION('',(#997),#1001);
#997 = LINE('',#998,#999);
#998 = CARTESIAN_POINT('',(-0.,-18.2));
#999 = VECTOR('',#1000,1.);
#1000 = DIRECTION('',(-1.,0.));
#1001 = ( GEOMETRIC_REPRESENTATION_CONTEXT(2) 
PARAMETRIC_REPRESENTATION_CONTEXT() REPRESENTATION_CONTEXT('2D SPACE',''
  ) );
#1002 = ORIENTED_EDGE('',*,*,#1003,.F.);
#1003 = EDGE_CURVE('',#1004,#975,#1006,.T.);
#1004 = VERTEX_POINT('',#1005);
#1005 = CARTESIAN_POINT('',(22.85,12.65,16.2));
#1006 = SURFACE_CURVE('',#1007,(#1011,#1018),.PCURVE_S1.);
#1007 = LINE('',#1008,#1009);
#1008 = CARTESIAN_POINT('',(24.6,12.65,16.2));
#1009 = VECTOR('',#1010,1.);
#1010 = DIRECTION('',(1.,0.,0.));
#1011 = PCURVE('',#32,#1012);
#1012 = DEFINITIONAL_REPRESENTATION('',(#1013),#1017);
#1013 = LINE('',#1014,#1015);
#1014 = CARTESIAN_POINT('',(0.,12.65));
#1015 = VECTOR('',#1016,1.);
#1016 = DIRECTION('',(1.,0.));
#1017 = ( GEOMETRIC_REPRESENTATION_CONTEXT(2) 
PARAMETRIC_REPRESENTATION_CONTEXT() REPRESENTATION_CONTEXT('2D SPACE',''
  ) );
#1018 = PCURVE('',#1019,#1024);
#1019 = PLANE('',#1020);
#1020 = AXIS2_PLACEMENT_3D('',#1021,#1022,#1023);
#1021 = CARTESIAN_POINT('',(1.,12.65,-2.));
#1022 = DIRECTION('',(0.,1.,0.));
#1023 = DIRECTION('',(1.,0.,0.));
#1024 = DEFINITIONAL_REPRESENTATION('',(#1025),#1029);
#1025 = LINE('',#1026,#1027);
#1026 = CARTESIAN_POINT('',(23.6,-18.2));
#1027 = VECTOR('',#1028,1.);
#1028 = DIRECTION('',(1.,0.));
#1029 = ( GEOMETRIC_REPRESENTATION_CONTEXT(2) 
PARAMETRIC_REPRESENTATION_CONTEXT() REPRESENTATION_CONTEXT('2D SPACE',''
  ) );
#1030 = ORIENTED_EDGE('',*,*,#1031,.F.);
#1031 = EDGE_CURVE('',#1032,#1004,#1034,.T.);
#1032 = VERTEX_POINT('',#1033);
#1033 = CARTESIAN_POINT('',(5.,12.65,16.2));
#1034 = SURFACE_CURVE('',#1035,(#1039,#1046),.PCURVE_S1.);
#1035 = LINE('',#1036,#1037);
#1036 = CARTESIAN_POINT('',(24.6,12.65,16.2));
#1037 = VECTOR('',#1038,1.);
#1038 = DIRECTION('',(1.,0.,0.));
#1039 = PCURVE('',#32,#1040);
#1040 = DEFINITIONAL_REPRESENTATION('',(#1041),#1045);
#1041 = LINE('',#1042,#1043);
#1042 = CARTESIAN_POINT('',(0.,12.65));
#1043 = VECTOR('',#1044,1.);
#1044 = DIRECTION('',(1.,0.));
#1045 = ( GEOMETRIC_REPRESENTATION_CONTEXT(2) 
PARAMETRIC_REPRESENTATION_CONTEXT() REPRESENTATION_CONTEXT('2D SPACE',''
  ) );
#1046 = PCURVE('',#1019,#1047);
#1047 = DEFINITIONAL_REPRESENTATION('',(#1048),#1052);
#1048 = LINE('',#1049,#1050);
#1049 = CARTESIAN_POINT('',(23.6,-18.2));
#1050 = VECTOR('',#1051,1.);
#1051 = DIRECTION('',(1.,0.));
#1052 = ( GEOMETRIC_REPRESENTATION_CONTEXT(2) 
PARAMETRIC_REPRESENTATION_CONTEXT() REPRESENTATION_CONTEXT('2D SPACE',''
  ) );
#1053 = ORIENTED_EDGE('',*,*,#1054,.F.);
#1054 = EDGE_CURVE('',#1055,#1032,#1057,.T.);
#1055 = VERTEX_POINT('',#1056);
#1056 = CARTESIAN_POINT('',(1.,12.65,16.2));
#1057 = SURFACE_CURVE('',#1058,(#1062,#1069),.PCURVE_S1.);
#1058 = LINE('',#1059,#1060);
#1059 = CARTESIAN_POINT('',(24.6,12.65,16.2));
#1060 = VECTOR('',#1061,1.);
#1061 = DIRECTION('',(1.,0.,0.));
#1062 = PCURVE('',#32,#1063);
#1063 = DEFINITIONAL_REPRESENTATION('',(#1064),#1068);
#1064 = LINE('',#1065,#1066);
#1065 = CARTESIAN_POINT('',(0.,12.65));
#1066 = VECTOR('',#1067,1.);
#1067 = DIRECTION('',(1.,0.));
#1068 = ( GEOMETRIC_REPRESENTATION_CONTEXT(2) 
PARAMETRIC_REPRESENTATION_CONTEXT() REPRESENTATION_CONTEXT('2D SPACE',''
  ) );
#1069 = PCURVE('',#1019,#1070);
#1070 = DEFINITIONAL_REPRESENTATION('',(#1071),#1075);
#1071 = LINE('',#1072,#1073);
#1072 = CARTESIAN_POINT('',(23.6,-18.2));
#1073 = VECTOR('',#1074,1.);
#1074 = DIRECTION('',(1.,0.));
#1075 = ( GEOMETRIC_REPRESENTATION_CONTEXT(2) 
PARAMETRIC_REPRESENTATION_CONTEXT() REPRESENTATION_CONTEXT('2D SPACE',''
  ) );
#1076 = ORIENTED_EDGE('',*,*,#1077,.T.);
#1077 = EDGE_CURVE('',#1055,#24,#1078,.T.);
#1078 = SURFACE_CURVE('',#1079,(#1084,#1091),.PCURVE_S1.);
#1079 = CIRCLE('',#1080,3.);
#1080 = AXIS2_PLACEMENT_3D('',#1081,#1082,#1083);
#1081 = CARTESIAN_POINT('',(1.,9.65,16.2));
#1082 = DIRECTION('',(0.,0.,1.));
#1083 = DIRECTION('',(1.,0.,0.));
#1084 = PCURVE('',#32,#1085);
#1085 = DEFINITIONAL_REPRESENTATION('',(#1086),#1090);
#1086 = CIRCLE('',#1087,3.);
#1087 = AXIS2_PLACEMENT_2D('',#1088,#1089);
#1088 = CARTESIAN_POINT('',(-23.6,9.65));
#1089 = DIRECTION('',(1.,0.));
#1090 = ( GEOMETRIC_REPRESENTATION_CONTEXT(2) 
PARAMETRIC_REPRESENTATION_CONTEXT() REPRESENTATION_CONTEXT('2D SPACE',''
  ) );
#1091 = PCURVE('',#1092,#1097);
#1092 = CYLINDRICAL_SURFACE('',#1093,3.);
#1093 = AXIS2_PLACEMENT_3D('',#1094,#1095,#1096);
#1094 = CARTESIAN_POINT('',(1.,9.65,-2.));
#1095 = DIRECTION('',(-0.,-0.,-1.));
#1096 = DIRECTION('',(1.,0.,0.));
#1097 = DEFINITIONAL_REPRESENTATION('',(#1098),#1102);
#1098 = LINE('',#1099,#1100);
#1099 = CARTESIAN_POINT('',(-0.,-18.2));
#1100 = VECTOR('',#1101,1.);
#1101 = DIRECTION('',(-1.,0.));
#1102 = ( GEOMETRIC_REPRESENTATION_CONTEXT(2) 
PARAMETRIC_REPRESENTATION_CONTEXT() REPRESENTATION_CONTEXT('2D SPACE',''
  ) );
#1103 = FACE_BOUND('',#1104,.T.);
#1104 = EDGE_LOOP('',(#1105));
#1105 = ORIENTED_EDGE('',*,*,#1106,.F.);
#1106 = EDGE_CURVE('',#1107,#1107,#1109,.T.);
#1107 = VERTEX_POINT('',#1108);
#1108 = CARTESIAN_POINT('',(5.85,-10.05,16.2));
#1109 = SURFACE_CURVE('',#1110,(#1115,#1122),.PCURVE_S1.);
#1110 = CIRCLE('',#1111,0.85);
#1111 = AXIS2_PLACEMENT_3D('',#1112,#1113,#1114);
#1112 = CARTESIAN_POINT('',(5.,-10.05,16.2));
#1113 = DIRECTION('',(0.,0.,1.));
#1114 = DIRECTION('',(1.,0.,-0.));
#1115 = PCURVE('',#32,#1116);
#1116 = DEFINITIONAL_REPRESENTATION('',(#1117),#1121);
#1117 = CIRCLE('',#1118,0.85);
#1118 = AXIS2_PLACEMENT_2D('',#1119,#1120);
#1119 = CARTESIAN_POINT('',(-19.6,-10.05));
#1120 = DIRECTION('',(1.,0.));
#1121 = ( GEOMETRIC_REPRESENTATION_CONTEXT(2) 
PARAMETRIC_REPRESENTATION_CONTEXT() REPRESENTATION_CONTEXT('2D SPACE',''
  ) );
#1122 = PCURVE('',#1123,#1128);
#1123 = CYLINDRICAL_SURFACE('',#1124,0.85);
#1124 = AXIS2_PLACEMENT_3D('',#1125,#1126,#1127);
#1125 = CARTESIAN_POINT('',(5.,-10.05,9.4));
#1126 = DIRECTION('',(0.,0.,1.));
#1127 = DIRECTION('',(1.,0.,-0.));
#1128 = DEFINITIONAL_REPRESENTATION('',(#1129),#1133);
#1129 = LINE('',#1130,#1131);
#1130 = CARTESIAN_POINT('',(0.,6.8));
#1131 = VECTOR('',#1132,1.);
#1132 = DIRECTION('',(1.,0.));
#1133 = ( GEOMETRIC_REPRESENTATION_CONTEXT(2) 
PARAMETRIC_REPRESENTATION_CONTEXT() REPRESENTATION_CONTEXT('2D SPACE',''
  ) );
#1134 = FACE_BOUND('',#1135,.T.);
#1135 = EDGE_LOOP('',(#1136));
#1136 = ORIENTED_EDGE('',*,*,#1137,.F.);
#1137 = EDGE_CURVE('',#1138,#1138,#1140,.T.);
#1138 = VERTEX_POINT('',#1139);
#1139 = CARTESIAN_POINT('',(23.7,-10.05,16.2));
#1140 = SURFACE_CURVE('',#1141,(#1146,#1153),.PCURVE_S1.);
#1141 = CIRCLE('',#1142,0.85);
#1142 = AXIS2_PLACEMENT_3D('',#1143,#1144,#1145);
#1143 = CARTESIAN_POINT('',(22.85,-10.05,16.2));
#1144 = DIRECTION('',(0.,0.,1.));
#1145 = DIRECTION('',(1.,0.,-0.));
#1146 = PCURVE('',#32,#1147);
#1147 = DEFINITIONAL_REPRESENTATION('',(#1148),#1152);
#1148 = CIRCLE('',#1149,0.85);
#1149 = AXIS2_PLACEMENT_2D('',#1150,#1151);
#1150 = CARTESIAN_POINT('',(-1.75,-10.05));
#1151 = DIRECTION('',(1.,0.));
#1152 = ( GEOMETRIC_REPRESENTATION_CONTEXT(2) 
PARAMETRIC_REPRESENTATION_CONTEXT() REPRESENTATION_CONTEXT('2D SPACE',''
  ) );
#1153 = PCURVE('',#1154,#1159);
#1154 = CYLINDRICAL_SURFACE('',#1155,0.85);
#1155 = AXIS2_PLACEMENT_3D('',#1156,#1157,#1158);
#1156 = CARTESIAN_POINT('',(22.85,-10.05,9.4));
#1157 = DIRECTION('',(0.,0.,1.));
#1158 = DIRECTION('',(1.,0.,-0.));
#1159 = DEFINITIONAL_REPRESENTATION('',(#1160),#1164);
#1160 = LINE('',#1161,#1162);
#1161 = CARTESIAN_POINT('',(0.,6.8));
#1162 = VECTOR('',#1163,1.);
#1163 = DIRECTION('',(1.,0.));
#1164 = ( GEOMETRIC_REPRESENTATION_CONTEXT(2) 
PARAMETRIC_REPRESENTATION_CONTEXT() REPRESENTATION_CONTEXT('2D SPACE',''
  ) );
#1165 = FACE_BOUND('',#1166,.T.);
#1166 = EDGE_LOOP('',(#1167));
#1167 = ORIENTED_EDGE('',*,*,#1168,.F.);
#1168 = EDGE_CURVE('',#1169,#1169,#1171,.T.);
#1169 = VERTEX_POINT('',#1170);
#1170 = CARTESIAN_POINT('',(5.85,10.05,16.2));
#1171 = SURFACE_CURVE('',#1172,(#1177,#1184),.PCURVE_S1.);
#1172 = CIRCLE('',#1173,0.85);
#1173 = AXIS2_PLACEMENT_3D('',#1174,#1175,#1176);
#1174 = CARTESIAN_POINT('',(5.,10.05,16.2));
#1175 = DIRECTION('',(0.,0.,1.));
#1176 = DIRECTION('',(1.,0.,-0.));
#1177 = PCURVE('',#32,#1178);
#1178 = DEFINITIONAL_REPRESENTATION('',(#1179),#1183);
#1179 = CIRCLE('',#1180,0.85);
#1180 = AXIS2_PLACEMENT_2D('',#1181,#1182);
#1181 = CARTESIAN_POINT('',(-19.6,10.05));
#1182 = DIRECTION('',(1.,0.));
#1183 = ( GEOMETRIC_REPRESENTATION_CONTEXT(2) 
PARAMETRIC_REPRESENTATION_CONTEXT() REPRESENTATION_CONTEXT('2D SPACE',''
  ) );
#1184 = PCURVE('',#1185,#1190);
#1185 = CYLINDRICAL_SURFACE('',#1186,0.85);
#1186 = AXIS2_PLACEMENT_3D('',#1187,#1188,#1189);
#1187 = CARTESIAN_POINT('',(5.,10.05,9.4));
#1188 = DIRECTION('',(0.,0.,1.));
#1189 = DIRECTION('',(1.,0.,-0.));
#1190 = DEFINITIONAL_REPRESENTATION('',(#1191),#1195);
#1191 = LINE('',#1192,#1193);
#1192 = CARTESIAN_POINT('',(0.,6.8));
#1193 = VECTOR('',#1194,1.);
#1194 = DIRECTION('',(1.,0.));
#1195 = ( GEOMETRIC_REPRESENTATION_CONTEXT(2) 
PARAMETRIC_REPRESENTATION_CONTEXT() REPRESENTATION_CONTEXT('2D SPACE',''
  ) );
#1196 = FACE_BOUND('',#1197,.T.);
#1197 = EDGE_LOOP('',(#1198));
#1198 = ORIENTED_EDGE('',*,*,#1199,.F.);
#1199 = EDGE_CURVE('',#1200,#1200,#1202,.T.);
#1200 = VERTEX_POINT('',#1201);
#1201 = CARTESIAN_POINT('',(23.7,10.05,16.2));
#1202 = SURFACE_CURVE('',#1203,(#1208,#1215),.PCURVE_S1.);
#1203 = CIRCLE('',#1204,0.85);
#1204 = AXIS2_PLACEMENT_3D('',#1205,#1206,#1207);
#1205 = CARTESIAN_POINT('',(22.85,10.05,16.2));
#1206 = DIRECTION('',(0.,0.,1.));
#1207 = DIRECTION('',(1.,0.,-0.));
#1208 = PCURVE('',#32,#1209);
#1209 = DEFINITIONAL_REPRESENTATION('',(#1210),#1214);
#1210 = CIRCLE('',#1211,0.85);
#1211 = AXIS2_PLACEMENT_2D('',#1212,#1213);
#1212 = CARTESIAN_POINT('',(-1.75,10.05));
#1213 = DIRECTION('',(1.,0.));
#1214 = ( GEOMETRIC_REPRESENTATION_CONTEXT(2) 
PARAMETRIC_REPRESENTATION_CONTEXT() REPRESENTATION_CONTEXT('2D SPACE',''
  ) );
#1215 = PCURVE('',#1216,#1221);
#1216 = CYLINDRICAL_SURFACE('',#1217,0.85);
#1217 = AXIS2_PLACEMENT_3D('',#1218,#1219,#1220);
#1218 = CARTESIAN_POINT('',(22.85,10.05,9.4));
#1219 = DIRECTION('',(0.,0.,1.));
#1220 = DIRECTION('',(1.,0.,-0.));
#1221 = DEFINITIONAL_REPRESENTATION('',(#1222),#1226);
#1222 = LINE('',#1223,#1224);
#1223 = CARTESIAN_POINT('',(0.,6.8));
#1224 = VECTOR('',#1225,1.);
#1225 = DIRECTION('',(1.,0.));
#1226 = ( GEOMETRIC_REPRESENTATION_CONTEXT(2) 
PARAMETRIC_REPRESENTATION_CONTEXT() REPRESENTATION_CONTEXT('2D SPACE',''
  ) );
#1227 = ADVANCED_FACE('',(#1228,#1303),#44,.T.);
#1228 = FACE_BOUND('',#1229,.T.);
#1229 = EDGE_LOOP('',(#1230,#1253,#1254,#1277));
#1230 = ORIENTED_EDGE('',*,*,#1231,.T.);
#1231 = EDGE_CURVE('',#1232,#22,#1234,.T.);
#1232 = VERTEX_POINT('',#1233);
#1233 = CARTESIAN_POINT('',(-2.,-9.65,-2.));
#1234 = SURFACE_CURVE('',#1235,(#1239,#1246),.PCURVE_S1.);
#1235 = LINE('',#1236,#1237);
#1236 = CARTESIAN_POINT('',(-2.,-9.65,-2.));
#1237 = VECTOR('',#1238,1.);
#1238 = DIRECTION('',(0.,0.,1.));
#1239 = PCURVE('',#44,#1240);
#1240 = DEFINITIONAL_REPRESENTATION('',(#1241),#1245);
#1241 = LINE('',#1242,#1243);
#1242 = CARTESIAN_POINT('',(0.,0.));
#1243 = VECTOR('',#1244,1.);
#1244 = DIRECTION('',(0.,-1.));
#1245 = ( GEOMETRIC_REPRESENTATION_CONTEXT(2) 
PARAMETRIC_REPRESENTATION_CONTEXT() REPRESENTATION_CONTEXT('2D SPACE',''
  ) );
#1246 = PCURVE('',#73,#1247);
#1247 = DEFINITIONAL_REPRESENTATION('',(#1248),#1252);
#1248 = LINE('',#1249,#1250);
#1249 = CARTESIAN_POINT('',(-3.14159265359,0.));
#1250 = VECTOR('',#1251,1.);
#1251 = DIRECTION('',(-0.,-1.));
#1252 = ( GEOMETRIC_REPRESENTATION_CONTEXT(2) 
PARAMETRIC_REPRESENTATION_CONTEXT() REPRESENTATION_CONTEXT('2D SPACE',''
  ) );
#1253 = ORIENTED_EDGE('',*,*,#21,.T.);
#1254 = ORIENTED_EDGE('',*,*,#1255,.F.);
#1255 = EDGE_CURVE('',#1256,#24,#1258,.T.);
#1256 = VERTEX_POINT('',#1257);
#1257 = CARTESIAN_POINT('',(-2.,9.65,-2.));
#1258 = SURFACE_CURVE('',#1259,(#1263,#1270),.PCURVE_S1.);
#1259 = LINE('',#1260,#1261);
#1260 = CARTESIAN_POINT('',(-2.,9.65,-2.));
#1261 = VECTOR('',#1262,1.);
#1262 = DIRECTION('',(0.,0.,1.));
#1263 = PCURVE('',#44,#1264);
#1264 = DEFINITIONAL_REPRESENTATION('',(#1265),#1269);
#1265 = LINE('',#1266,#1267);
#1266 = CARTESIAN_POINT('',(19.3,0.));
#1267 = VECTOR('',#1268,1.);
#1268 = DIRECTION('',(0.,-1.));
#1269 = ( GEOMETRIC_REPRESENTATION_CONTEXT(2) 
PARAMETRIC_REPRESENTATION_CONTEXT() REPRESENTATION_CONTEXT('2D SPACE',''
  ) );
#1270 = PCURVE('',#1092,#1271);
#1271 = DEFINITIONAL_REPRESENTATION('',(#1272),#1276);
#1272 = LINE('',#1273,#1274);
#1273 = CARTESIAN_POINT('',(-3.14159265359,0.));
#1274 = VECTOR('',#1275,1.);
#1275 = DIRECTION('',(-0.,-1.));
#1276 = ( GEOMETRIC_REPRESENTATION_CONTEXT(2) 
PARAMETRIC_REPRESENTATION_CONTEXT() REPRESENTATION_CONTEXT('2D SPACE',''
  ) );
#1277 = ORIENTED_EDGE('',*,*,#1278,.F.);
#1278 = EDGE_CURVE('',#1232,#1256,#1279,.T.);
#1279 = SURFACE_CURVE('',#1280,(#1284,#1291),.PCURVE_S1.);
#1280 = LINE('',#1281,#1282);
#1281 = CARTESIAN_POINT('',(-2.,0.,-2.));
#1282 = VECTOR('',#1283,1.);
#1283 = DIRECTION('',(0.,1.,0.));
#1284 = PCURVE('',#44,#1285);
#1285 = DEFINITIONAL_REPRESENTATION('',(#1286),#1290);
#1286 = LINE('',#1287,#1288);
#1287 = CARTESIAN_POINT('',(9.65,0.));
#1288 = VECTOR('',#1289,1.);
#1289 = DIRECTION('',(1.,0.));
#1290 = ( GEOMETRIC_REPRESENTATION_CONTEXT(2) 
PARAMETRIC_REPRESENTATION_CONTEXT() REPRESENTATION_CONTEXT('2D SPACE',''
  ) );
#1291 = PCURVE('',#1292,#1297);
#1292 = PLANE('',#1293);
#1293 = AXIS2_PLACEMENT_3D('',#1294,#1295,#1296);
#1294 = CARTESIAN_POINT('',(24.6,-3.631554223173E-16,-2.));
#1295 = DIRECTION('',(0.,0.,1.));
#1296 = DIRECTION('',(1.,0.,-0.));
#1297 = DEFINITIONAL_REPRESENTATION('',(#1298),#1302);
#1298 = LINE('',#1299,#1300);
#1299 = CARTESIAN_POINT('',(-26.6,3.631554223173E-16));
#1300 = VECTOR('',#1301,1.);
#1301 = DIRECTION('',(0.,1.));
#1302 = ( GEOMETRIC_REPRESENTATION_CONTEXT(2) 
PARAMETRIC_REPRESENTATION_CONTEXT() REPRESENTATION_CONTEXT('2D SPACE',''
  ) );
#1303 = FACE_BOUND('',#1304,.T.);
#1304 = EDGE_LOOP('',(#1305));
#1305 = ORIENTED_EDGE('',*,*,#1306,.T.);
#1306 = EDGE_CURVE('',#1307,#1307,#1309,.T.);
#1307 = VERTEX_POINT('',#1308);
#1308 = CARTESIAN_POINT('',(-2.,-1.040949779275E-15,6.85));
#1309 = SURFACE_CURVE('',#1310,(#1315,#1326),.PCURVE_S1.);
#1310 = CIRCLE('',#1311,4.25);
#1311 = AXIS2_PLACEMENT_3D('',#1312,#1313,#1314);
#1312 = CARTESIAN_POINT('',(-2.,0.,11.1));
#1313 = DIRECTION('',(1.,0.,2.22044604925E-16));
#1314 = DIRECTION('',(2.22044604925E-16,0.,-1.));
#1315 = PCURVE('',#44,#1316);
#1316 = DEFINITIONAL_REPRESENTATION('',(#1317),#1325);
#1317 = ( BOUNDED_CURVE() B_SPLINE_CURVE(2,(#1318,#1319,#1320,#1321,
#1322,#1323,#1324),.UNSPECIFIED.,.T.,.F.) B_SPLINE_CURVE_WITH_KNOTS((1,2
    ,2,2,2,1),(-2.094395102393,0.,2.094395102393,4.188790204786,
6.28318530718,8.377580409573),.UNSPECIFIED.) CURVE() 
GEOMETRIC_REPRESENTATION_ITEM() RATIONAL_B_SPLINE_CURVE((1.,0.5,1.,0.5,
1.,0.5,1.)) REPRESENTATION_ITEM('') );
#1318 = CARTESIAN_POINT('',(9.65,-8.85));
#1319 = CARTESIAN_POINT('',(17.011215932168,-8.85));
#1320 = CARTESIAN_POINT('',(13.330607966084,-15.225));
#1321 = CARTESIAN_POINT('',(9.65,-21.6));
#1322 = CARTESIAN_POINT('',(5.969392033916,-15.225));
#1323 = CARTESIAN_POINT('',(2.288784067832,-8.85));
#1324 = CARTESIAN_POINT('',(9.65,-8.85));
#1325 = ( GEOMETRIC_REPRESENTATION_CONTEXT(2) 
PARAMETRIC_REPRESENTATION_CONTEXT() REPRESENTATION_CONTEXT('2D SPACE',''
  ) );
#1326 = PCURVE('',#1327,#1332);
#1327 = CYLINDRICAL_SURFACE('',#1328,4.25);
#1328 = AXIS2_PLACEMENT_3D('',#1329,#1330,#1331);
#1329 = CARTESIAN_POINT('',(-3.,0.,11.1));
#1330 = DIRECTION('',(1.,0.,2.22044604925E-16));
#1331 = DIRECTION('',(2.22044604925E-16,0.,-1.));
#1332 = DEFINITIONAL_REPRESENTATION('',(#1333),#1337);
#1333 = LINE('',#1334,#1335);
#1334 = CARTESIAN_POINT('',(0.,1.));
#1335 = VECTOR('',#1336,1.);
#1336 = DIRECTION('',(1.,0.));
#1337 = ( GEOMETRIC_REPRESENTATION_CONTEXT(2) 
PARAMETRIC_REPRESENTATION_CONTEXT() REPRESENTATION_CONTEXT('2D SPACE',''
  ) );
#1338 = ADVANCED_FACE('',(#1339),#1092,.T.);
#1339 = FACE_BOUND('',#1340,.F.);
#1340 = EDGE_LOOP('',(#1341,#1364,#1365,#1366));
#1341 = ORIENTED_EDGE('',*,*,#1342,.T.);
#1342 = EDGE_CURVE('',#1343,#1055,#1345,.T.);
#1343 = VERTEX_POINT('',#1344);
#1344 = CARTESIAN_POINT('',(1.,12.65,-2.));
#1345 = SURFACE_CURVE('',#1346,(#1350,#1357),.PCURVE_S1.);
#1346 = LINE('',#1347,#1348);
#1347 = CARTESIAN_POINT('',(1.,12.65,-2.));
#1348 = VECTOR('',#1349,1.);
#1349 = DIRECTION('',(0.,0.,1.));
#1350 = PCURVE('',#1092,#1351);
#1351 = DEFINITIONAL_REPRESENTATION('',(#1352),#1356);
#1352 = LINE('',#1353,#1354);
#1353 = CARTESIAN_POINT('',(-1.570796326795,0.));
#1354 = VECTOR('',#1355,1.);
#1355 = DIRECTION('',(-0.,-1.));
#1356 = ( GEOMETRIC_REPRESENTATION_CONTEXT(2) 
PARAMETRIC_REPRESENTATION_CONTEXT() REPRESENTATION_CONTEXT('2D SPACE',''
  ) );
#1357 = PCURVE('',#1019,#1358);
#1358 = DEFINITIONAL_REPRESENTATION('',(#1359),#1363);
#1359 = LINE('',#1360,#1361);
#1360 = CARTESIAN_POINT('',(0.,0.));
#1361 = VECTOR('',#1362,1.);
#1362 = DIRECTION('',(0.,-1.));
#1363 = ( GEOMETRIC_REPRESENTATION_CONTEXT(2) 
PARAMETRIC_REPRESENTATION_CONTEXT() REPRESENTATION_CONTEXT('2D SPACE',''
  ) );
#1364 = ORIENTED_EDGE('',*,*,#1077,.T.);
#1365 = ORIENTED_EDGE('',*,*,#1255,.F.);
#1366 = ORIENTED_EDGE('',*,*,#1367,.F.);
#1367 = EDGE_CURVE('',#1343,#1256,#1368,.T.);
#1368 = SURFACE_CURVE('',#1369,(#1374,#1381),.PCURVE_S1.);
#1369 = CIRCLE('',#1370,3.);
#1370 = AXIS2_PLACEMENT_3D('',#1371,#1372,#1373);
#1371 = CARTESIAN_POINT('',(1.,9.65,-2.));
#1372 = DIRECTION('',(0.,0.,1.));
#1373 = DIRECTION('',(1.,0.,0.));
#1374 = PCURVE('',#1092,#1375);
#1375 = DEFINITIONAL_REPRESENTATION('',(#1376),#1380);
#1376 = LINE('',#1377,#1378);
#1377 = CARTESIAN_POINT('',(-0.,0.));
#1378 = VECTOR('',#1379,1.);
#1379 = DIRECTION('',(-1.,0.));
#1380 = ( GEOMETRIC_REPRESENTATION_CONTEXT(2) 
PARAMETRIC_REPRESENTATION_CONTEXT() REPRESENTATION_CONTEXT('2D SPACE',''
  ) );
#1381 = PCURVE('',#1292,#1382);
#1382 = DEFINITIONAL_REPRESENTATION('',(#1383),#1387);
#1383 = CIRCLE('',#1384,3.);
#1384 = AXIS2_PLACEMENT_2D('',#1385,#1386);
#1385 = CARTESIAN_POINT('',(-23.6,9.65));
#1386 = DIRECTION('',(1.,0.));
#1387 = ( GEOMETRIC_REPRESENTATION_CONTEXT(2) 
PARAMETRIC_REPRESENTATION_CONTEXT() REPRESENTATION_CONTEXT('2D SPACE',''
  ) );
#1388 = ADVANCED_FACE('',(#1389),#1019,.T.);
#1389 = FACE_BOUND('',#1390,.T.);
#1390 = EDGE_LOOP('',(#1391,#1392,#1393,#1394,#1395,#1418));
#1391 = ORIENTED_EDGE('',*,*,#1342,.T.);
#1392 = ORIENTED_EDGE('',*,*,#1054,.T.);
#1393 = ORIENTED_EDGE('',*,*,#1031,.T.);
#1394 = ORIENTED_EDGE('',*,*,#1003,.T.);
#1395 = ORIENTED_EDGE('',*,*,#1396,.F.);
#1396 = EDGE_CURVE('',#1397,#975,#1399,.T.);
#1397 = VERTEX_POINT('',#1398);
#1398 = CARTESIAN_POINT('',(48.2,12.65,-2.));
#1399 = SURFACE_CURVE('',#1400,(#1404,#1411),.PCURVE_S1.);
#1400 = LINE('',#1401,#1402);
#1401 = CARTESIAN_POINT('',(48.2,12.65,-2.));
#1402 = VECTOR('',#1403,1.);
#1403 = DIRECTION('',(0.,0.,1.));
#1404 = PCURVE('',#1019,#1405);
#1405 = DEFINITIONAL_REPRESENTATION('',(#1406),#1410);
#1406 = LINE('',#1407,#1408);
#1407 = CARTESIAN_POINT('',(47.2,0.));
#1408 = VECTOR('',#1409,1.);
#1409 = DIRECTION('',(0.,-1.));
#1410 = ( GEOMETRIC_REPRESENTATION_CONTEXT(2) 
PARAMETRIC_REPRESENTATION_CONTEXT() REPRESENTATION_CONTEXT('2D SPACE',''
  ) );
#1411 = PCURVE('',#991,#1412);
#1412 = DEFINITIONAL_REPRESENTATION('',(#1413),#1417);
#1413 = LINE('',#1414,#1415);
#1414 = CARTESIAN_POINT('',(-1.570796326795,0.));
#1415 = VECTOR('',#1416,1.);
#1416 = DIRECTION('',(-0.,-1.));
#1417 = ( GEOMETRIC_REPRESENTATION_CONTEXT(2) 
PARAMETRIC_REPRESENTATION_CONTEXT() REPRESENTATION_CONTEXT('2D SPACE',''
  ) );
#1418 = ORIENTED_EDGE('',*,*,#1419,.F.);
#1419 = EDGE_CURVE('',#1343,#1397,#1420,.T.);
#1420 = SURFACE_CURVE('',#1421,(#1425,#1432),.PCURVE_S1.);
#1421 = LINE('',#1422,#1423);
#1422 = CARTESIAN_POINT('',(24.6,12.65,-2.));
#1423 = VECTOR('',#1424,1.);
#1424 = DIRECTION('',(1.,0.,0.));
#1425 = PCURVE('',#1019,#1426);
#1426 = DEFINITIONAL_REPRESENTATION('',(#1427),#1431);
#1427 = LINE('',#1428,#1429);
#1428 = CARTESIAN_POINT('',(23.6,0.));
#1429 = VECTOR('',#1430,1.);
#1430 = DIRECTION('',(1.,0.));
#1431 = ( GEOMETRIC_REPRESENTATION_CONTEXT(2) 
PARAMETRIC_REPRESENTATION_CONTEXT() REPRESENTATION_CONTEXT('2D SPACE',''
  ) );
#1432 = PCURVE('',#1292,#1433);
#1433 = DEFINITIONAL_REPRESENTATION('',(#1434),#1438);
#1434 = LINE('',#1435,#1436);
#1435 = CARTESIAN_POINT('',(-1.358904160929E-15,12.65));
#1436 = VECTOR('',#1437,1.);
#1437 = DIRECTION('',(1.,0.));
#1438 = ( GEOMETRIC_REPRESENTATION_CONTEXT(2) 
PARAMETRIC_REPRESENTATION_CONTEXT() REPRESENTATION_CONTEXT('2D SPACE',''
  ) );
#1439 = ADVANCED_FACE('',(#1440),#991,.T.);
#1440 = FACE_BOUND('',#1441,.F.);
#1441 = EDGE_LOOP('',(#1442,#1465,#1466,#1467));
#1442 = ORIENTED_EDGE('',*,*,#1443,.T.);
#1443 = EDGE_CURVE('',#1444,#952,#1446,.T.);
#1444 = VERTEX_POINT('',#1445);
#1445 = CARTESIAN_POINT('',(51.2,9.65,-2.));
#1446 = SURFACE_CURVE('',#1447,(#1451,#1458),.PCURVE_S1.);
#1447 = LINE('',#1448,#1449);
#1448 = CARTESIAN_POINT('',(51.2,9.65,-2.));
#1449 = VECTOR('',#1450,1.);
#1450 = DIRECTION('',(0.,0.,1.));
#1451 = PCURVE('',#991,#1452);
#1452 = DEFINITIONAL_REPRESENTATION('',(#1453),#1457);
#1453 = LINE('',#1454,#1455);
#1454 = CARTESIAN_POINT('',(-0.,0.));
#1455 = VECTOR('',#1456,1.);
#1456 = DIRECTION('',(-0.,-1.));
#1457 = ( GEOMETRIC_REPRESENTATION_CONTEXT(2) 
PARAMETRIC_REPRESENTATION_CONTEXT() REPRESENTATION_CONTEXT('2D SPACE',''
  ) );
#1458 = PCURVE('',#204,#1459);
#1459 = DEFINITIONAL_REPRESENTATION('',(#1460),#1464);
#1460 = LINE('',#1461,#1462);
#1461 = CARTESIAN_POINT('',(19.3,0.));
#1462 = VECTOR('',#1463,1.);
#1463 = DIRECTION('',(0.,-1.));
#1464 = ( GEOMETRIC_REPRESENTATION_CONTEXT(2) 
PARAMETRIC_REPRESENTATION_CONTEXT() REPRESENTATION_CONTEXT('2D SPACE',''
  ) );
#1465 = ORIENTED_EDGE('',*,*,#974,.T.);
#1466 = ORIENTED_EDGE('',*,*,#1396,.F.);
#1467 = ORIENTED_EDGE('',*,*,#1468,.F.);
#1468 = EDGE_CURVE('',#1444,#1397,#1469,.T.);
#1469 = SURFACE_CURVE('',#1470,(#1475,#1482),.PCURVE_S1.);
#1470 = CIRCLE('',#1471,3.);
#1471 = AXIS2_PLACEMENT_3D('',#1472,#1473,#1474);
#1472 = CARTESIAN_POINT('',(48.2,9.65,-2.));
#1473 = DIRECTION('',(0.,0.,1.));
#1474 = DIRECTION('',(1.,0.,0.));
#1475 = PCURVE('',#991,#1476);
#1476 = DEFINITIONAL_REPRESENTATION('',(#1477),#1481);
#1477 = LINE('',#1478,#1479);
#1478 = CARTESIAN_POINT('',(-0.,0.));
#1479 = VECTOR('',#1480,1.);
#1480 = DIRECTION('',(-1.,0.));
#1481 = ( GEOMETRIC_REPRESENTATION_CONTEXT(2) 
PARAMETRIC_REPRESENTATION_CONTEXT() REPRESENTATION_CONTEXT('2D SPACE',''
  ) );
#1482 = PCURVE('',#1292,#1483);
#1483 = DEFINITIONAL_REPRESENTATION('',(#1484),#1488);
#1484 = CIRCLE('',#1485,3.);
#1485 = AXIS2_PLACEMENT_2D('',#1486,#1487);
#1486 = CARTESIAN_POINT('',(23.6,9.65));
#1487 = DIRECTION('',(1.,0.));
#1488 = ( GEOMETRIC_REPRESENTATION_CONTEXT(2) 
PARAMETRIC_REPRESENTATION_CONTEXT() REPRESENTATION_CONTEXT('2D SPACE',''
  ) );
#1489 = ADVANCED_FACE('',(#1490),#204,.F.);
#1490 = FACE_BOUND('',#1491,.F.);
#1491 = EDGE_LOOP('',(#1492,#1515,#1536,#1537,#1558,#1584,#1610,#1636,
    #1662,#1688,#1707,#1708));
#1492 = ORIENTED_EDGE('',*,*,#1493,.F.);
#1493 = EDGE_CURVE('',#1494,#1444,#1496,.T.);
#1494 = VERTEX_POINT('',#1495);
#1495 = CARTESIAN_POINT('',(51.2,-9.65,-2.));
#1496 = SURFACE_CURVE('',#1497,(#1501,#1508),.PCURVE_S1.);
#1497 = LINE('',#1498,#1499);
#1498 = CARTESIAN_POINT('',(51.2,0.,-2.));
#1499 = VECTOR('',#1500,1.);
#1500 = DIRECTION('',(0.,1.,0.));
#1501 = PCURVE('',#204,#1502);
#1502 = DEFINITIONAL_REPRESENTATION('',(#1503),#1507);
#1503 = LINE('',#1504,#1505);
#1504 = CARTESIAN_POINT('',(9.65,0.));
#1505 = VECTOR('',#1506,1.);
#1506 = DIRECTION('',(1.,0.));
#1507 = ( GEOMETRIC_REPRESENTATION_CONTEXT(2) 
PARAMETRIC_REPRESENTATION_CONTEXT() REPRESENTATION_CONTEXT('2D SPACE',''
  ) );
#1508 = PCURVE('',#1292,#1509);
#1509 = DEFINITIONAL_REPRESENTATION('',(#1510),#1514);
#1510 = LINE('',#1511,#1512);
#1511 = CARTESIAN_POINT('',(26.6,3.631554223173E-16));
#1512 = VECTOR('',#1513,1.);
#1513 = DIRECTION('',(0.,1.));
#1514 = ( GEOMETRIC_REPRESENTATION_CONTEXT(2) 
PARAMETRIC_REPRESENTATION_CONTEXT() REPRESENTATION_CONTEXT('2D SPACE',''
  ) );
#1515 = ORIENTED_EDGE('',*,*,#1516,.T.);
#1516 = EDGE_CURVE('',#1494,#160,#1517,.T.);
#1517 = SURFACE_CURVE('',#1518,(#1522,#1529),.PCURVE_S1.);
#1518 = LINE('',#1519,#1520);
#1519 = CARTESIAN_POINT('',(51.2,-9.65,-2.));
#1520 = VECTOR('',#1521,1.);
#1521 = DIRECTION('',(0.,0.,1.));
#1522 = PCURVE('',#204,#1523);
#1523 = DEFINITIONAL_REPRESENTATION('',(#1524),#1528);
#1524 = LINE('',#1525,#1526);
#1525 = CARTESIAN_POINT('',(0.,0.));
#1526 = VECTOR('',#1527,1.);
#1527 = DIRECTION('',(0.,-1.));
#1528 = ( GEOMETRIC_REPRESENTATION_CONTEXT(2) 
PARAMETRIC_REPRESENTATION_CONTEXT() REPRESENTATION_CONTEXT('2D SPACE',''
  ) );
#1529 = PCURVE('',#176,#1530);
#1530 = DEFINITIONAL_REPRESENTATION('',(#1531),#1535);
#1531 = LINE('',#1532,#1533);
#1532 = CARTESIAN_POINT('',(-6.28318530718,0.));
#1533 = VECTOR('',#1534,1.);
#1534 = DIRECTION('',(-0.,-1.));
#1535 = ( GEOMETRIC_REPRESENTATION_CONTEXT(2) 
PARAMETRIC_REPRESENTATION_CONTEXT() REPRESENTATION_CONTEXT('2D SPACE',''
  ) );
#1536 = ORIENTED_EDGE('',*,*,#188,.T.);
#1537 = ORIENTED_EDGE('',*,*,#1538,.T.);
#1538 = EDGE_CURVE('',#189,#1539,#1541,.T.);
#1539 = VERTEX_POINT('',#1540);
#1540 = CARTESIAN_POINT('',(51.2,-4.82,15.16));
#1541 = SURFACE_CURVE('',#1542,(#1546,#1552),.PCURVE_S1.);
#1542 = LINE('',#1543,#1544);
#1543 = CARTESIAN_POINT('',(51.2,-4.82,3.605));
#1544 = VECTOR('',#1545,1.);
#1545 = DIRECTION('',(0.,0.,-1.));
#1546 = PCURVE('',#204,#1547);
#1547 = DEFINITIONAL_REPRESENTATION('',(#1548),#1551);
#1548 = B_SPLINE_CURVE_WITH_KNOTS('',1,(#1549,#1550),.UNSPECIFIED.,.F.,
  .F.,(2,2),(-12.595,-5.605),.PIECEWISE_BEZIER_KNOTS.);
#1549 = CARTESIAN_POINT('',(4.83,-18.2));
#1550 = CARTESIAN_POINT('',(4.83,-11.21));
#1551 = ( GEOMETRIC_REPRESENTATION_CONTEXT(2) 
PARAMETRIC_REPRESENTATION_CONTEXT() REPRESENTATION_CONTEXT('2D SPACE',''
  ) );
#1552 = PCURVE('',#231,#1553);
#1553 = DEFINITIONAL_REPRESENTATION('',(#1554),#1557);
#1554 = B_SPLINE_CURVE_WITH_KNOTS('',1,(#1555,#1556),.UNSPECIFIED.,.F.,
  .F.,(2,2),(-12.595,-5.605),.PIECEWISE_BEZIER_KNOTS.);
#1555 = CARTESIAN_POINT('',(6.99,3.));
#1556 = CARTESIAN_POINT('',(0.,3.));
#1557 = ( GEOMETRIC_REPRESENTATION_CONTEXT(2) 
PARAMETRIC_REPRESENTATION_CONTEXT() REPRESENTATION_CONTEXT('2D SPACE',''
  ) );
#1558 = ORIENTED_EDGE('',*,*,#1559,.F.);
#1559 = EDGE_CURVE('',#1560,#1539,#1562,.T.);
#1560 = VERTEX_POINT('',#1561);
#1561 = CARTESIAN_POINT('',(51.2,-6.2,15.16));
#1562 = SURFACE_CURVE('',#1563,(#1567,#1573),.PCURVE_S1.);
#1563 = LINE('',#1564,#1565);
#1564 = CARTESIAN_POINT('',(51.2,-7.925,15.16));
#1565 = VECTOR('',#1566,1.);
#1566 = DIRECTION('',(0.,1.,-0.));
#1567 = PCURVE('',#204,#1568);
#1568 = DEFINITIONAL_REPRESENTATION('',(#1569),#1572);
#1569 = B_SPLINE_CURVE_WITH_KNOTS('',1,(#1570,#1571),.UNSPECIFIED.,.F.,
  .F.,(2,2),(1.725,14.125),.PIECEWISE_BEZIER_KNOTS.);
#1570 = CARTESIAN_POINT('',(3.45,-17.16));
#1571 = CARTESIAN_POINT('',(15.85,-17.16));
#1572 = ( GEOMETRIC_REPRESENTATION_CONTEXT(2) 
PARAMETRIC_REPRESENTATION_CONTEXT() REPRESENTATION_CONTEXT('2D SPACE',''
  ) );
#1573 = PCURVE('',#1574,#1579);
#1574 = PLANE('',#1575);
#1575 = AXIS2_PLACEMENT_3D('',#1576,#1577,#1578);
#1576 = CARTESIAN_POINT('',(50.7,-6.2,15.16));
#1577 = DIRECTION('',(0.,0.,1.));
#1578 = DIRECTION('',(1.,0.,-0.));
#1579 = DEFINITIONAL_REPRESENTATION('',(#1580),#1583);
#1580 = B_SPLINE_CURVE_WITH_KNOTS('',1,(#1581,#1582),.UNSPECIFIED.,.F.,
  .F.,(2,2),(1.725,14.125),.PIECEWISE_BEZIER_KNOTS.);
#1581 = CARTESIAN_POINT('',(0.5,0.));
#1582 = CARTESIAN_POINT('',(0.5,12.4));
#1583 = ( GEOMETRIC_REPRESENTATION_CONTEXT(2) 
PARAMETRIC_REPRESENTATION_CONTEXT() REPRESENTATION_CONTEXT('2D SPACE',''
  ) );
#1584 = ORIENTED_EDGE('',*,*,#1585,.T.);
#1585 = EDGE_CURVE('',#1560,#1586,#1588,.T.);
#1586 = VERTEX_POINT('',#1587);
#1587 = CARTESIAN_POINT('',(51.2,-6.2,8.16));
#1588 = SURFACE_CURVE('',#1589,(#1593,#1599),.PCURVE_S1.);
#1589 = LINE('',#1590,#1591);
#1590 = CARTESIAN_POINT('',(51.2,-6.2,3.08));
#1591 = VECTOR('',#1592,1.);
#1592 = DIRECTION('',(0.,0.,-1.));
#1593 = PCURVE('',#204,#1594);
#1594 = DEFINITIONAL_REPRESENTATION('',(#1595),#1598);
#1595 = B_SPLINE_CURVE_WITH_KNOTS('',1,(#1596,#1597),.UNSPECIFIED.,.F.,
  .F.,(2,2),(-12.08,-5.08),.PIECEWISE_BEZIER_KNOTS.);
#1596 = CARTESIAN_POINT('',(3.45,-17.16));
#1597 = CARTESIAN_POINT('',(3.45,-10.16));
#1598 = ( GEOMETRIC_REPRESENTATION_CONTEXT(2) 
PARAMETRIC_REPRESENTATION_CONTEXT() REPRESENTATION_CONTEXT('2D SPACE',''
  ) );
#1599 = PCURVE('',#1600,#1605);
#1600 = PLANE('',#1601);
#1601 = AXIS2_PLACEMENT_3D('',#1602,#1603,#1604);
#1602 = CARTESIAN_POINT('',(50.7,-6.2,8.16));
#1603 = DIRECTION('',(-0.,1.,0.));
#1604 = DIRECTION('',(0.,0.,1.));
#1605 = DEFINITIONAL_REPRESENTATION('',(#1606),#1609);
#1606 = B_SPLINE_CURVE_WITH_KNOTS('',1,(#1607,#1608),.UNSPECIFIED.,.F.,
  .F.,(2,2),(-12.08,-5.08),.PIECEWISE_BEZIER_KNOTS.);
#1607 = CARTESIAN_POINT('',(7.,0.5));
#1608 = CARTESIAN_POINT('',(0.,0.5));
#1609 = ( GEOMETRIC_REPRESENTATION_CONTEXT(2) 
PARAMETRIC_REPRESENTATION_CONTEXT() REPRESENTATION_CONTEXT('2D SPACE',''
  ) );
#1610 = ORIENTED_EDGE('',*,*,#1611,.T.);
#1611 = EDGE_CURVE('',#1586,#1612,#1614,.T.);
#1612 = VERTEX_POINT('',#1613);
#1613 = CARTESIAN_POINT('',(51.2,6.2,8.16));
#1614 = SURFACE_CURVE('',#1615,(#1619,#1625),.PCURVE_S1.);
#1615 = LINE('',#1616,#1617);
#1616 = CARTESIAN_POINT('',(51.2,-7.925,8.16));
#1617 = VECTOR('',#1618,1.);
#1618 = DIRECTION('',(0.,1.,-0.));
#1619 = PCURVE('',#204,#1620);
#1620 = DEFINITIONAL_REPRESENTATION('',(#1621),#1624);
#1621 = B_SPLINE_CURVE_WITH_KNOTS('',1,(#1622,#1623),.UNSPECIFIED.,.F.,
  .F.,(2,2),(1.725,14.125),.PIECEWISE_BEZIER_KNOTS.);
#1622 = CARTESIAN_POINT('',(3.45,-10.16));
#1623 = CARTESIAN_POINT('',(15.85,-10.16));
#1624 = ( GEOMETRIC_REPRESENTATION_CONTEXT(2) 
PARAMETRIC_REPRESENTATION_CONTEXT() REPRESENTATION_CONTEXT('2D SPACE',''
  ) );
#1625 = PCURVE('',#1626,#1631);
#1626 = PLANE('',#1627);
#1627 = AXIS2_PLACEMENT_3D('',#1628,#1629,#1630);
#1628 = CARTESIAN_POINT('',(50.7,-6.2,8.16));
#1629 = DIRECTION('',(0.,0.,1.));
#1630 = DIRECTION('',(1.,0.,-0.));
#1631 = DEFINITIONAL_REPRESENTATION('',(#1632),#1635);
#1632 = B_SPLINE_CURVE_WITH_KNOTS('',1,(#1633,#1634),.UNSPECIFIED.,.F.,
  .F.,(2,2),(1.725,14.125),.PIECEWISE_BEZIER_KNOTS.);
#1633 = CARTESIAN_POINT('',(0.5,0.));
#1634 = CARTESIAN_POINT('',(0.5,12.4));
#1635 = ( GEOMETRIC_REPRESENTATION_CONTEXT(2) 
PARAMETRIC_REPRESENTATION_CONTEXT() REPRESENTATION_CONTEXT('2D SPACE',''
  ) );
#1636 = ORIENTED_EDGE('',*,*,#1637,.F.);
#1637 = EDGE_CURVE('',#1638,#1612,#1640,.T.);
#1638 = VERTEX_POINT('',#1639);
#1639 = CARTESIAN_POINT('',(51.2,6.2,15.16));
#1640 = SURFACE_CURVE('',#1641,(#1645,#1651),.PCURVE_S1.);
#1641 = LINE('',#1642,#1643);
#1642 = CARTESIAN_POINT('',(51.2,6.2,3.08));
#1643 = VECTOR('',#1644,1.);
#1644 = DIRECTION('',(0.,0.,-1.));
#1645 = PCURVE('',#204,#1646);
#1646 = DEFINITIONAL_REPRESENTATION('',(#1647),#1650);
#1647 = B_SPLINE_CURVE_WITH_KNOTS('',1,(#1648,#1649),.UNSPECIFIED.,.F.,
  .F.,(2,2),(-12.08,-5.08),.PIECEWISE_BEZIER_KNOTS.);
#1648 = CARTESIAN_POINT('',(15.85,-17.16));
#1649 = CARTESIAN_POINT('',(15.85,-10.16));
#1650 = ( GEOMETRIC_REPRESENTATION_CONTEXT(2) 
PARAMETRIC_REPRESENTATION_CONTEXT() REPRESENTATION_CONTEXT('2D SPACE',''
  ) );
#1651 = PCURVE('',#1652,#1657);
#1652 = PLANE('',#1653);
#1653 = AXIS2_PLACEMENT_3D('',#1654,#1655,#1656);
#1654 = CARTESIAN_POINT('',(50.7,6.2,8.16));
#1655 = DIRECTION('',(-0.,1.,0.));
#1656 = DIRECTION('',(0.,0.,1.));
#1657 = DEFINITIONAL_REPRESENTATION('',(#1658),#1661);
#1658 = B_SPLINE_CURVE_WITH_KNOTS('',1,(#1659,#1660),.UNSPECIFIED.,.F.,
  .F.,(2,2),(-12.08,-5.08),.PIECEWISE_BEZIER_KNOTS.);
#1659 = CARTESIAN_POINT('',(7.,0.5));
#1660 = CARTESIAN_POINT('',(0.,0.5));
#1661 = ( GEOMETRIC_REPRESENTATION_CONTEXT(2) 
PARAMETRIC_REPRESENTATION_CONTEXT() REPRESENTATION_CONTEXT('2D SPACE',''
  ) );
#1662 = ORIENTED_EDGE('',*,*,#1663,.F.);
#1663 = EDGE_CURVE('',#1664,#1638,#1666,.T.);
#1664 = VERTEX_POINT('',#1665);
#1665 = CARTESIAN_POINT('',(51.2,4.82,15.16));
#1666 = SURFACE_CURVE('',#1667,(#1671,#1677),.PCURVE_S1.);
#1667 = LINE('',#1668,#1669);
#1668 = CARTESIAN_POINT('',(51.2,-7.925,15.16));
#1669 = VECTOR('',#1670,1.);
#1670 = DIRECTION('',(0.,1.,-0.));
#1671 = PCURVE('',#204,#1672);
#1672 = DEFINITIONAL_REPRESENTATION('',(#1673),#1676);
#1673 = B_SPLINE_CURVE_WITH_KNOTS('',1,(#1674,#1675),.UNSPECIFIED.,.F.,
  .F.,(2,2),(1.725,14.125),.PIECEWISE_BEZIER_KNOTS.);
#1674 = CARTESIAN_POINT('',(3.45,-17.16));
#1675 = CARTESIAN_POINT('',(15.85,-17.16));
#1676 = ( GEOMETRIC_REPRESENTATION_CONTEXT(2) 
PARAMETRIC_REPRESENTATION_CONTEXT() REPRESENTATION_CONTEXT('2D SPACE',''
  ) );
#1677 = PCURVE('',#1678,#1683);
#1678 = PLANE('',#1679);
#1679 = AXIS2_PLACEMENT_3D('',#1680,#1681,#1682);
#1680 = CARTESIAN_POINT('',(50.7,-6.2,15.16));
#1681 = DIRECTION('',(0.,0.,1.));
#1682 = DIRECTION('',(1.,0.,-0.));
#1683 = DEFINITIONAL_REPRESENTATION('',(#1684),#1687);
#1684 = B_SPLINE_CURVE_WITH_KNOTS('',1,(#1685,#1686),.UNSPECIFIED.,.F.,
  .F.,(2,2),(1.725,14.125),.PIECEWISE_BEZIER_KNOTS.);
#1685 = CARTESIAN_POINT('',(0.5,0.));
#1686 = CARTESIAN_POINT('',(0.5,12.4));
#1687 = ( GEOMETRIC_REPRESENTATION_CONTEXT(2) 
PARAMETRIC_REPRESENTATION_CONTEXT() REPRESENTATION_CONTEXT('2D SPACE',''
  ) );
#1688 = ORIENTED_EDGE('',*,*,#1689,.F.);
#1689 = EDGE_CURVE('',#926,#1664,#1690,.T.);
#1690 = SURFACE_CURVE('',#1691,(#1695,#1701),.PCURVE_S1.);
#1691 = LINE('',#1692,#1693);
#1692 = CARTESIAN_POINT('',(51.2,4.82,3.605));
#1693 = VECTOR('',#1694,1.);
#1694 = DIRECTION('',(0.,0.,-1.));
#1695 = PCURVE('',#204,#1696);
#1696 = DEFINITIONAL_REPRESENTATION('',(#1697),#1700);
#1697 = B_SPLINE_CURVE_WITH_KNOTS('',1,(#1698,#1699),.UNSPECIFIED.,.F.,
  .F.,(2,2),(-12.595,-5.605),.PIECEWISE_BEZIER_KNOTS.);
#1698 = CARTESIAN_POINT('',(14.47,-18.2));
#1699 = CARTESIAN_POINT('',(14.47,-11.21));
#1700 = ( GEOMETRIC_REPRESENTATION_CONTEXT(2) 
PARAMETRIC_REPRESENTATION_CONTEXT() REPRESENTATION_CONTEXT('2D SPACE',''
  ) );
#1701 = PCURVE('',#940,#1702);
#1702 = DEFINITIONAL_REPRESENTATION('',(#1703),#1706);
#1703 = B_SPLINE_CURVE_WITH_KNOTS('',1,(#1704,#1705),.UNSPECIFIED.,.F.,
  .F.,(2,2),(-12.595,-5.605),.PIECEWISE_BEZIER_KNOTS.);
#1704 = CARTESIAN_POINT('',(6.99,3.));
#1705 = CARTESIAN_POINT('',(0.,3.));
#1706 = ( GEOMETRIC_REPRESENTATION_CONTEXT(2) 
PARAMETRIC_REPRESENTATION_CONTEXT() REPRESENTATION_CONTEXT('2D SPACE',''
  ) );
#1707 = ORIENTED_EDGE('',*,*,#951,.T.);
#1708 = ORIENTED_EDGE('',*,*,#1443,.F.);
#1709 = ADVANCED_FACE('',(#1710),#940,.F.);
#1710 = FACE_BOUND('',#1711,.F.);
#1711 = EDGE_LOOP('',(#1712,#1742,#1761,#1762,#1763,#1784));
#1712 = ORIENTED_EDGE('',*,*,#1713,.F.);
#1713 = EDGE_CURVE('',#1714,#1716,#1718,.T.);
#1714 = VERTEX_POINT('',#1715);
#1715 = CARTESIAN_POINT('',(49.2,4.82,9.21));
#1716 = VERTEX_POINT('',#1717);
#1717 = CARTESIAN_POINT('',(50.7,4.82,9.21));
#1718 = SURFACE_CURVE('',#1719,(#1723,#1730),.PCURVE_S1.);
#1719 = LINE('',#1720,#1721);
#1720 = CARTESIAN_POINT('',(48.2,4.82,9.21));
#1721 = VECTOR('',#1722,1.);
#1722 = DIRECTION('',(1.,0.,-0.));
#1723 = PCURVE('',#940,#1724);
#1724 = DEFINITIONAL_REPRESENTATION('',(#1725),#1729);
#1725 = LINE('',#1726,#1727);
#1726 = CARTESIAN_POINT('',(0.,0.));
#1727 = VECTOR('',#1728,1.);
#1728 = DIRECTION('',(0.,1.));
#1729 = ( GEOMETRIC_REPRESENTATION_CONTEXT(2) 
PARAMETRIC_REPRESENTATION_CONTEXT() REPRESENTATION_CONTEXT('2D SPACE',''
  ) );
#1730 = PCURVE('',#1731,#1736);
#1731 = PLANE('',#1732);
#1732 = AXIS2_PLACEMENT_3D('',#1733,#1734,#1735);
#1733 = CARTESIAN_POINT('',(48.2,-4.82,9.21));
#1734 = DIRECTION('',(0.,0.,1.));
#1735 = DIRECTION('',(1.,0.,-0.));
#1736 = DEFINITIONAL_REPRESENTATION('',(#1737),#1741);
#1737 = LINE('',#1738,#1739);
#1738 = CARTESIAN_POINT('',(0.,9.64));
#1739 = VECTOR('',#1740,1.);
#1740 = DIRECTION('',(1.,0.));
#1741 = ( GEOMETRIC_REPRESENTATION_CONTEXT(2) 
PARAMETRIC_REPRESENTATION_CONTEXT() REPRESENTATION_CONTEXT('2D SPACE',''
  ) );
#1742 = ORIENTED_EDGE('',*,*,#1743,.F.);
#1743 = EDGE_CURVE('',#903,#1714,#1744,.T.);
#1744 = SURFACE_CURVE('',#1745,(#1749,#1755),.PCURVE_S1.);
#1745 = LINE('',#1746,#1747);
#1746 = CARTESIAN_POINT('',(49.2,4.82,4.605));
#1747 = VECTOR('',#1748,1.);
#1748 = DIRECTION('',(0.,0.,-1.));
#1749 = PCURVE('',#940,#1750);
#1750 = DEFINITIONAL_REPRESENTATION('',(#1751),#1754);
#1751 = B_SPLINE_CURVE_WITH_KNOTS('',1,(#1752,#1753),.UNSPECIFIED.,.F.,
  .F.,(2,2),(-11.595,-4.605),.PIECEWISE_BEZIER_KNOTS.);
#1752 = CARTESIAN_POINT('',(6.99,1.));
#1753 = CARTESIAN_POINT('',(0.,1.));
#1754 = ( GEOMETRIC_REPRESENTATION_CONTEXT(2) 
PARAMETRIC_REPRESENTATION_CONTEXT() REPRESENTATION_CONTEXT('2D SPACE',''
  ) );
#1755 = PCURVE('',#258,#1756);
#1756 = DEFINITIONAL_REPRESENTATION('',(#1757),#1760);
#1757 = B_SPLINE_CURVE_WITH_KNOTS('',1,(#1758,#1759),.UNSPECIFIED.,.F.,
  .F.,(2,2),(-11.595,-4.605),.PIECEWISE_BEZIER_KNOTS.);
#1758 = CARTESIAN_POINT('',(14.47,-16.2));
#1759 = CARTESIAN_POINT('',(14.47,-9.21));
#1760 = ( GEOMETRIC_REPRESENTATION_CONTEXT(2) 
PARAMETRIC_REPRESENTATION_CONTEXT() REPRESENTATION_CONTEXT('2D SPACE',''
  ) );
#1761 = ORIENTED_EDGE('',*,*,#925,.F.);
#1762 = ORIENTED_EDGE('',*,*,#1689,.T.);
#1763 = ORIENTED_EDGE('',*,*,#1764,.F.);
#1764 = EDGE_CURVE('',#1765,#1664,#1767,.T.);
#1765 = VERTEX_POINT('',#1766);
#1766 = CARTESIAN_POINT('',(50.7,4.82,15.16));
#1767 = SURFACE_CURVE('',#1768,(#1772,#1778),.PCURVE_S1.);
#1768 = LINE('',#1769,#1770);
#1769 = CARTESIAN_POINT('',(49.45,4.82,15.16));
#1770 = VECTOR('',#1771,1.);
#1771 = DIRECTION('',(1.,0.,-0.));
#1772 = PCURVE('',#940,#1773);
#1773 = DEFINITIONAL_REPRESENTATION('',(#1774),#1777);
#1774 = B_SPLINE_CURVE_WITH_KNOTS('',1,(#1775,#1776),.UNSPECIFIED.,.F.,
  .F.,(2,2),(1.25,1.75),.PIECEWISE_BEZIER_KNOTS.);
#1775 = CARTESIAN_POINT('',(5.95,2.5));
#1776 = CARTESIAN_POINT('',(5.95,3.));
#1777 = ( GEOMETRIC_REPRESENTATION_CONTEXT(2) 
PARAMETRIC_REPRESENTATION_CONTEXT() REPRESENTATION_CONTEXT('2D SPACE',''
  ) );
#1778 = PCURVE('',#1678,#1779);
#1779 = DEFINITIONAL_REPRESENTATION('',(#1780),#1783);
#1780 = B_SPLINE_CURVE_WITH_KNOTS('',1,(#1781,#1782),.UNSPECIFIED.,.F.,
  .F.,(2,2),(1.25,1.75),.PIECEWISE_BEZIER_KNOTS.);
#1781 = CARTESIAN_POINT('',(0.,11.02));
#1782 = CARTESIAN_POINT('',(0.5,11.02));
#1783 = ( GEOMETRIC_REPRESENTATION_CONTEXT(2) 
PARAMETRIC_REPRESENTATION_CONTEXT() REPRESENTATION_CONTEXT('2D SPACE',''
  ) );
#1784 = ORIENTED_EDGE('',*,*,#1785,.T.);
#1785 = EDGE_CURVE('',#1765,#1716,#1786,.T.);
#1786 = SURFACE_CURVE('',#1787,(#1791,#1797),.PCURVE_S1.);
#1787 = LINE('',#1788,#1789);
#1788 = CARTESIAN_POINT('',(50.7,4.82,8.685));
#1789 = VECTOR('',#1790,1.);
#1790 = DIRECTION('',(-0.,0.,-1.));
#1791 = PCURVE('',#940,#1792);
#1792 = DEFINITIONAL_REPRESENTATION('',(#1793),#1796);
#1793 = B_SPLINE_CURVE_WITH_KNOTS('',1,(#1794,#1795),.UNSPECIFIED.,.F.,
  .F.,(2,2),(-6.475,-0.525),.PIECEWISE_BEZIER_KNOTS.);
#1794 = CARTESIAN_POINT('',(5.95,2.5));
#1795 = CARTESIAN_POINT('',(0.,2.5));
#1796 = ( GEOMETRIC_REPRESENTATION_CONTEXT(2) 
PARAMETRIC_REPRESENTATION_CONTEXT() REPRESENTATION_CONTEXT('2D SPACE',''
  ) );
#1797 = PCURVE('',#1798,#1803);
#1798 = PLANE('',#1799);
#1799 = AXIS2_PLACEMENT_3D('',#1800,#1801,#1802);
#1800 = CARTESIAN_POINT('',(50.7,-6.2,8.16));
#1801 = DIRECTION('',(1.,0.,-0.));
#1802 = DIRECTION('',(0.,0.,1.));
#1803 = DEFINITIONAL_REPRESENTATION('',(#1804),#1807);
#1804 = B_SPLINE_CURVE_WITH_KNOTS('',1,(#1805,#1806),.UNSPECIFIED.,.F.,
  .F.,(2,2),(-6.475,-0.525),.PIECEWISE_BEZIER_KNOTS.);
#1805 = CARTESIAN_POINT('',(7.,-11.02));
#1806 = CARTESIAN_POINT('',(1.05,-11.02));
#1807 = ( GEOMETRIC_REPRESENTATION_CONTEXT(2) 
PARAMETRIC_REPRESENTATION_CONTEXT() REPRESENTATION_CONTEXT('2D SPACE',''
  ) );
#1808 = ADVANCED_FACE('',(#1809),#258,.T.);
#1809 = FACE_BOUND('',#1810,.T.);
#1810 = EDGE_LOOP('',(#1811,#1841,#1869,#1897,#1925,#1953,#1981,#2009,
    #2037,#2065,#2093,#2121,#2142,#2143,#2164,#2183,#2184,#2185,#2208,
    #2236,#2264,#2292,#2320,#2348,#2376,#2404,#2432,#2460));
#1811 = ORIENTED_EDGE('',*,*,#1812,.F.);
#1812 = EDGE_CURVE('',#1813,#1815,#1817,.T.);
#1813 = VERTEX_POINT('',#1814);
#1814 = CARTESIAN_POINT('',(49.2,-9.65,0.));
#1815 = VERTEX_POINT('',#1816);
#1816 = CARTESIAN_POINT('',(49.2,9.65,0.));
#1817 = SURFACE_CURVE('',#1818,(#1822,#1829),.PCURVE_S1.);
#1818 = LINE('',#1819,#1820);
#1819 = CARTESIAN_POINT('',(49.2,0.,0.));
#1820 = VECTOR('',#1821,1.);
#1821 = DIRECTION('',(0.,1.,0.));
#1822 = PCURVE('',#258,#1823);
#1823 = DEFINITIONAL_REPRESENTATION('',(#1824),#1828);
#1824 = LINE('',#1825,#1826);
#1825 = CARTESIAN_POINT('',(9.65,0.));
#1826 = VECTOR('',#1827,1.);
#1827 = DIRECTION('',(1.,0.));
#1828 = ( GEOMETRIC_REPRESENTATION_CONTEXT(2) 
PARAMETRIC_REPRESENTATION_CONTEXT() REPRESENTATION_CONTEXT('2D SPACE',''
  ) );
#1829 = PCURVE('',#1830,#1835);
#1830 = PLANE('',#1831);
#1831 = AXIS2_PLACEMENT_3D('',#1832,#1833,#1834);
#1832 = CARTESIAN_POINT('',(24.6,-5.997254339294E-16,0.));
#1833 = DIRECTION('',(0.,0.,1.));
#1834 = DIRECTION('',(1.,0.,-0.));
#1835 = DEFINITIONAL_REPRESENTATION('',(#1836),#1840);
#1836 = LINE('',#1837,#1838);
#1837 = CARTESIAN_POINT('',(24.6,5.997254339294E-16));
#1838 = VECTOR('',#1839,1.);
#1839 = DIRECTION('',(0.,1.));
#1840 = ( GEOMETRIC_REPRESENTATION_CONTEXT(2) 
PARAMETRIC_REPRESENTATION_CONTEXT() REPRESENTATION_CONTEXT('2D SPACE',''
  ) );
#1841 = ORIENTED_EDGE('',*,*,#1842,.T.);
#1842 = EDGE_CURVE('',#1813,#1843,#1845,.T.);
#1843 = VERTEX_POINT('',#1844);
#1844 = CARTESIAN_POINT('',(49.2,-9.65,7.35));
#1845 = SURFACE_CURVE('',#1846,(#1850,#1857),.PCURVE_S1.);
#1846 = LINE('',#1847,#1848);
#1847 = CARTESIAN_POINT('',(49.2,-9.65,0.));
#1848 = VECTOR('',#1849,1.);
#1849 = DIRECTION('',(0.,0.,1.));
#1850 = PCURVE('',#258,#1851);
#1851 = DEFINITIONAL_REPRESENTATION('',(#1852),#1856);
#1852 = LINE('',#1853,#1854);
#1853 = CARTESIAN_POINT('',(0.,0.));
#1854 = VECTOR('',#1855,1.);
#1855 = DIRECTION('',(0.,-1.));
#1856 = ( GEOMETRIC_REPRESENTATION_CONTEXT(2) 
PARAMETRIC_REPRESENTATION_CONTEXT() REPRESENTATION_CONTEXT('2D SPACE',''
  ) );
#1857 = PCURVE('',#1858,#1863);
#1858 = CYLINDRICAL_SURFACE('',#1859,1.);
#1859 = AXIS2_PLACEMENT_3D('',#1860,#1861,#1862);
#1860 = CARTESIAN_POINT('',(48.2,-9.65,0.));
#1861 = DIRECTION('',(-0.,-0.,-1.));
#1862 = DIRECTION('',(1.,0.,0.));
#1863 = DEFINITIONAL_REPRESENTATION('',(#1864),#1868);
#1864 = LINE('',#1865,#1866);
#1865 = CARTESIAN_POINT('',(-6.28318530718,0.));
#1866 = VECTOR('',#1867,1.);
#1867 = DIRECTION('',(-0.,-1.));
#1868 = ( GEOMETRIC_REPRESENTATION_CONTEXT(2) 
PARAMETRIC_REPRESENTATION_CONTEXT() REPRESENTATION_CONTEXT('2D SPACE',''
  ) );
#1869 = ORIENTED_EDGE('',*,*,#1870,.T.);
#1870 = EDGE_CURVE('',#1843,#1871,#1873,.T.);
#1871 = VERTEX_POINT('',#1872);
#1872 = CARTESIAN_POINT('',(49.2,-9.3,7.7));
#1873 = SURFACE_CURVE('',#1874,(#1878,#1885),.PCURVE_S1.);
#1874 = LINE('',#1875,#1876);
#1875 = CARTESIAN_POINT('',(49.2,-11.15,5.85));
#1876 = VECTOR('',#1877,1.);
#1877 = DIRECTION('',(0.,0.707106781187,0.707106781187));
#1878 = PCURVE('',#258,#1879);
#1879 = DEFINITIONAL_REPRESENTATION('',(#1880),#1884);
#1880 = LINE('',#1881,#1882);
#1881 = CARTESIAN_POINT('',(-1.5,-5.85));
#1882 = VECTOR('',#1883,1.);
#1883 = DIRECTION('',(0.707106781187,-0.707106781187));
#1884 = ( GEOMETRIC_REPRESENTATION_CONTEXT(2) 
PARAMETRIC_REPRESENTATION_CONTEXT() REPRESENTATION_CONTEXT('2D SPACE',''
  ) );
#1885 = PCURVE('',#1886,#1891);
#1886 = PLANE('',#1887);
#1887 = AXIS2_PLACEMENT_3D('',#1888,#1889,#1890);
#1888 = CARTESIAN_POINT('',(47.2,-11.15,5.85));
#1889 = DIRECTION('',(0.,-0.707106781187,0.707106781187));
#1890 = DIRECTION('',(0.,0.707106781187,0.707106781187));
#1891 = DEFINITIONAL_REPRESENTATION('',(#1892),#1896);
#1892 = LINE('',#1893,#1894);
#1893 = CARTESIAN_POINT('',(0.,-2.));
#1894 = VECTOR('',#1895,1.);
#1895 = DIRECTION('',(1.,0.));
#1896 = ( GEOMETRIC_REPRESENTATION_CONTEXT(2) 
PARAMETRIC_REPRESENTATION_CONTEXT() REPRESENTATION_CONTEXT('2D SPACE',''
  ) );
#1897 = ORIENTED_EDGE('',*,*,#1898,.T.);
#1898 = EDGE_CURVE('',#1871,#1899,#1901,.T.);
#1899 = VERTEX_POINT('',#1900);
#1900 = CARTESIAN_POINT('',(49.2,-9.075,7.7));
#1901 = SURFACE_CURVE('',#1902,(#1906,#1913),.PCURVE_S1.);
#1902 = LINE('',#1903,#1904);
#1903 = CARTESIAN_POINT('',(49.2,-9.875,7.7));
#1904 = VECTOR('',#1905,1.);
#1905 = DIRECTION('',(0.,1.,0.));
#1906 = PCURVE('',#258,#1907);
#1907 = DEFINITIONAL_REPRESENTATION('',(#1908),#1912);
#1908 = LINE('',#1909,#1910);
#1909 = CARTESIAN_POINT('',(-0.225,-7.7));
#1910 = VECTOR('',#1911,1.);
#1911 = DIRECTION('',(1.,0.));
#1912 = ( GEOMETRIC_REPRESENTATION_CONTEXT(2) 
PARAMETRIC_REPRESENTATION_CONTEXT() REPRESENTATION_CONTEXT('2D SPACE',''
  ) );
#1913 = PCURVE('',#1914,#1919);
#1914 = PLANE('',#1915);
#1915 = AXIS2_PLACEMENT_3D('',#1916,#1917,#1918);
#1916 = CARTESIAN_POINT('',(47.2,-9.875,7.7));
#1917 = DIRECTION('',(0.,0.,1.));
#1918 = DIRECTION('',(0.,1.,0.));
#1919 = DEFINITIONAL_REPRESENTATION('',(#1920),#1924);
#1920 = LINE('',#1921,#1922);
#1921 = CARTESIAN_POINT('',(0.,-2.));
#1922 = VECTOR('',#1923,1.);
#1923 = DIRECTION('',(1.,0.));
#1924 = ( GEOMETRIC_REPRESENTATION_CONTEXT(2) 
PARAMETRIC_REPRESENTATION_CONTEXT() REPRESENTATION_CONTEXT('2D SPACE',''
  ) );
#1925 = ORIENTED_EDGE('',*,*,#1926,.T.);
#1926 = EDGE_CURVE('',#1899,#1927,#1929,.T.);
#1927 = VERTEX_POINT('',#1928);
#1928 = CARTESIAN_POINT('',(49.2,-9.075,7.925));
#1929 = SURFACE_CURVE('',#1930,(#1934,#1941),.PCURVE_S1.);
#1930 = LINE('',#1931,#1932);
#1931 = CARTESIAN_POINT('',(49.2,-9.075,7.7));
#1932 = VECTOR('',#1933,1.);
#1933 = DIRECTION('',(0.,0.,1.));
#1934 = PCURVE('',#258,#1935);
#1935 = DEFINITIONAL_REPRESENTATION('',(#1936),#1940);
#1936 = LINE('',#1937,#1938);
#1937 = CARTESIAN_POINT('',(0.575,-7.7));
#1938 = VECTOR('',#1939,1.);
#1939 = DIRECTION('',(0.,-1.));
#1940 = ( GEOMETRIC_REPRESENTATION_CONTEXT(2) 
PARAMETRIC_REPRESENTATION_CONTEXT() REPRESENTATION_CONTEXT('2D SPACE',''
  ) );
#1941 = PCURVE('',#1942,#1947);
#1942 = PLANE('',#1943);
#1943 = AXIS2_PLACEMENT_3D('',#1944,#1945,#1946);
#1944 = CARTESIAN_POINT('',(47.2,-9.075,7.7));
#1945 = DIRECTION('',(0.,-1.,0.));
#1946 = DIRECTION('',(0.,0.,1.));
#1947 = DEFINITIONAL_REPRESENTATION('',(#1948),#1952);
#1948 = LINE('',#1949,#1950);
#1949 = CARTESIAN_POINT('',(0.,-2.));
#1950 = VECTOR('',#1951,1.);
#1951 = DIRECTION('',(1.,0.));
#1952 = ( GEOMETRIC_REPRESENTATION_CONTEXT(2) 
PARAMETRIC_REPRESENTATION_CONTEXT() REPRESENTATION_CONTEXT('2D SPACE',''
  ) );
#1953 = ORIENTED_EDGE('',*,*,#1954,.T.);
#1954 = EDGE_CURVE('',#1927,#1955,#1957,.T.);
#1955 = VERTEX_POINT('',#1956);
#1956 = CARTESIAN_POINT('',(49.2,-7.7,9.3));
#1957 = SURFACE_CURVE('',#1958,(#1962,#1969),.PCURVE_S1.);
#1958 = LINE('',#1959,#1960);
#1959 = CARTESIAN_POINT('',(49.2,-11.15,5.85));
#1960 = VECTOR('',#1961,1.);
#1961 = DIRECTION('',(0.,0.707106781187,0.707106781187));
#1962 = PCURVE('',#258,#1963);
#1963 = DEFINITIONAL_REPRESENTATION('',(#1964),#1968);
#1964 = LINE('',#1965,#1966);
#1965 = CARTESIAN_POINT('',(-1.5,-5.85));
#1966 = VECTOR('',#1967,1.);
#1967 = DIRECTION('',(0.707106781187,-0.707106781187));
#1968 = ( GEOMETRIC_REPRESENTATION_CONTEXT(2) 
PARAMETRIC_REPRESENTATION_CONTEXT() REPRESENTATION_CONTEXT('2D SPACE',''
  ) );
#1969 = PCURVE('',#1970,#1975);
#1970 = PLANE('',#1971);
#1971 = AXIS2_PLACEMENT_3D('',#1972,#1973,#1974);
#1972 = CARTESIAN_POINT('',(47.2,-11.15,5.85));
#1973 = DIRECTION('',(0.,-0.707106781187,0.707106781187));
#1974 = DIRECTION('',(0.,0.707106781187,0.707106781187));
#1975 = DEFINITIONAL_REPRESENTATION('',(#1976),#1980);
#1976 = LINE('',#1977,#1978);
#1977 = CARTESIAN_POINT('',(0.,-2.));
#1978 = VECTOR('',#1979,1.);
#1979 = DIRECTION('',(1.,0.));
#1980 = ( GEOMETRIC_REPRESENTATION_CONTEXT(2) 
PARAMETRIC_REPRESENTATION_CONTEXT() REPRESENTATION_CONTEXT('2D SPACE',''
  ) );
#1981 = ORIENTED_EDGE('',*,*,#1982,.T.);
#1982 = EDGE_CURVE('',#1955,#1983,#1985,.T.);
#1983 = VERTEX_POINT('',#1984);
#1984 = CARTESIAN_POINT('',(49.2,-9.075,9.3));
#1985 = SURFACE_CURVE('',#1986,(#1990,#1997),.PCURVE_S1.);
#1986 = LINE('',#1987,#1988);
#1987 = CARTESIAN_POINT('',(49.2,-7.7,9.3));
#1988 = VECTOR('',#1989,1.);
#1989 = DIRECTION('',(0.,-1.,0.));
#1990 = PCURVE('',#258,#1991);
#1991 = DEFINITIONAL_REPRESENTATION('',(#1992),#1996);
#1992 = LINE('',#1993,#1994);
#1993 = CARTESIAN_POINT('',(1.95,-9.3));
#1994 = VECTOR('',#1995,1.);
#1995 = DIRECTION('',(-1.,0.));
#1996 = ( GEOMETRIC_REPRESENTATION_CONTEXT(2) 
PARAMETRIC_REPRESENTATION_CONTEXT() REPRESENTATION_CONTEXT('2D SPACE',''
  ) );
#1997 = PCURVE('',#1998,#2003);
#1998 = PLANE('',#1999);
#1999 = AXIS2_PLACEMENT_3D('',#2000,#2001,#2002);
#2000 = CARTESIAN_POINT('',(47.2,-7.7,9.3));
#2001 = DIRECTION('',(0.,0.,-1.));
#2002 = DIRECTION('',(0.,-1.,0.));
#2003 = DEFINITIONAL_REPRESENTATION('',(#2004),#2008);
#2004 = LINE('',#2005,#2006);
#2005 = CARTESIAN_POINT('',(0.,-2.));
#2006 = VECTOR('',#2007,1.);
#2007 = DIRECTION('',(1.,0.));
#2008 = ( GEOMETRIC_REPRESENTATION_CONTEXT(2) 
PARAMETRIC_REPRESENTATION_CONTEXT() REPRESENTATION_CONTEXT('2D SPACE',''
  ) );
#2009 = ORIENTED_EDGE('',*,*,#2010,.T.);
#2010 = EDGE_CURVE('',#1983,#2011,#2013,.T.);
#2011 = VERTEX_POINT('',#2012);
#2012 = CARTESIAN_POINT('',(49.2,-9.075,10.65));
#2013 = SURFACE_CURVE('',#2014,(#2018,#2025),.PCURVE_S1.);
#2014 = LINE('',#2015,#2016);
#2015 = CARTESIAN_POINT('',(49.2,-9.075,7.7));
#2016 = VECTOR('',#2017,1.);
#2017 = DIRECTION('',(0.,0.,1.));
#2018 = PCURVE('',#258,#2019);
#2019 = DEFINITIONAL_REPRESENTATION('',(#2020),#2024);
#2020 = LINE('',#2021,#2022);
#2021 = CARTESIAN_POINT('',(0.575,-7.7));
#2022 = VECTOR('',#2023,1.);
#2023 = DIRECTION('',(0.,-1.));
#2024 = ( GEOMETRIC_REPRESENTATION_CONTEXT(2) 
PARAMETRIC_REPRESENTATION_CONTEXT() REPRESENTATION_CONTEXT('2D SPACE',''
  ) );
#2025 = PCURVE('',#2026,#2031);
#2026 = PLANE('',#2027);
#2027 = AXIS2_PLACEMENT_3D('',#2028,#2029,#2030);
#2028 = CARTESIAN_POINT('',(47.2,-9.075,7.7));
#2029 = DIRECTION('',(0.,-1.,0.));
#2030 = DIRECTION('',(0.,0.,1.));
#2031 = DEFINITIONAL_REPRESENTATION('',(#2032),#2036);
#2032 = LINE('',#2033,#2034);
#2033 = CARTESIAN_POINT('',(0.,-2.));
#2034 = VECTOR('',#2035,1.);
#2035 = DIRECTION('',(1.,0.));
#2036 = ( GEOMETRIC_REPRESENTATION_CONTEXT(2) 
PARAMETRIC_REPRESENTATION_CONTEXT() REPRESENTATION_CONTEXT('2D SPACE',''
  ) );
#2037 = ORIENTED_EDGE('',*,*,#2038,.T.);
#2038 = EDGE_CURVE('',#2011,#2039,#2041,.T.);
#2039 = VERTEX_POINT('',#2040);
#2040 = CARTESIAN_POINT('',(49.2,-8.65,10.65));
#2041 = SURFACE_CURVE('',#2042,(#2046,#2053),.PCURVE_S1.);
#2042 = LINE('',#2043,#2044);
#2043 = CARTESIAN_POINT('',(49.2,-9.075,10.65));
#2044 = VECTOR('',#2045,1.);
#2045 = DIRECTION('',(0.,1.,0.));
#2046 = PCURVE('',#258,#2047);
#2047 = DEFINITIONAL_REPRESENTATION('',(#2048),#2052);
#2048 = LINE('',#2049,#2050);
#2049 = CARTESIAN_POINT('',(0.575,-10.65));
#2050 = VECTOR('',#2051,1.);
#2051 = DIRECTION('',(1.,0.));
#2052 = ( GEOMETRIC_REPRESENTATION_CONTEXT(2) 
PARAMETRIC_REPRESENTATION_CONTEXT() REPRESENTATION_CONTEXT('2D SPACE',''
  ) );
#2053 = PCURVE('',#2054,#2059);
#2054 = PLANE('',#2055);
#2055 = AXIS2_PLACEMENT_3D('',#2056,#2057,#2058);
#2056 = CARTESIAN_POINT('',(47.2,-9.075,10.65));
#2057 = DIRECTION('',(0.,0.,1.));
#2058 = DIRECTION('',(0.,1.,0.));
#2059 = DEFINITIONAL_REPRESENTATION('',(#2060),#2064);
#2060 = LINE('',#2061,#2062);
#2061 = CARTESIAN_POINT('',(0.,-2.));
#2062 = VECTOR('',#2063,1.);
#2063 = DIRECTION('',(1.,0.));
#2064 = ( GEOMETRIC_REPRESENTATION_CONTEXT(2) 
PARAMETRIC_REPRESENTATION_CONTEXT() REPRESENTATION_CONTEXT('2D SPACE',''
  ) );
#2065 = ORIENTED_EDGE('',*,*,#2066,.T.);
#2066 = EDGE_CURVE('',#2039,#2067,#2069,.T.);
#2067 = VERTEX_POINT('',#2068);
#2068 = CARTESIAN_POINT('',(49.2,-9.575,11.25));
#2069 = SURFACE_CURVE('',#2070,(#2074,#2081),.PCURVE_S1.);
#2070 = LINE('',#2071,#2072);
#2071 = CARTESIAN_POINT('',(49.2,-8.65,10.65));
#2072 = VECTOR('',#2073,1.);
#2073 = DIRECTION('',(0.,-0.838961287028,0.544191105099));
#2074 = PCURVE('',#258,#2075);
#2075 = DEFINITIONAL_REPRESENTATION('',(#2076),#2080);
#2076 = LINE('',#2077,#2078);
#2077 = CARTESIAN_POINT('',(1.,-10.65));
#2078 = VECTOR('',#2079,1.);
#2079 = DIRECTION('',(-0.838961287028,-0.544191105099));
#2080 = ( GEOMETRIC_REPRESENTATION_CONTEXT(2) 
PARAMETRIC_REPRESENTATION_CONTEXT() REPRESENTATION_CONTEXT('2D SPACE',''
  ) );
#2081 = PCURVE('',#2082,#2087);
#2082 = PLANE('',#2083);
#2083 = AXIS2_PLACEMENT_3D('',#2084,#2085,#2086);
#2084 = CARTESIAN_POINT('',(47.2,-8.65,10.65));
#2085 = DIRECTION('',(0.,-0.544191105099,-0.838961287028));
#2086 = DIRECTION('',(0.,-0.838961287028,0.544191105099));
#2087 = DEFINITIONAL_REPRESENTATION('',(#2088),#2092);
#2088 = LINE('',#2089,#2090);
#2089 = CARTESIAN_POINT('',(0.,-2.));
#2090 = VECTOR('',#2091,1.);
#2091 = DIRECTION('',(1.,0.));
#2092 = ( GEOMETRIC_REPRESENTATION_CONTEXT(2) 
PARAMETRIC_REPRESENTATION_CONTEXT() REPRESENTATION_CONTEXT('2D SPACE',''
  ) );
#2093 = ORIENTED_EDGE('',*,*,#2094,.T.);
#2094 = EDGE_CURVE('',#2067,#2095,#2097,.T.);
#2095 = VERTEX_POINT('',#2096);
#2096 = CARTESIAN_POINT('',(49.2,-9.65,11.25));
#2097 = SURFACE_CURVE('',#2098,(#2102,#2109),.PCURVE_S1.);
#2098 = LINE('',#2099,#2100);
#2099 = CARTESIAN_POINT('',(49.2,-9.575,11.25));
#2100 = VECTOR('',#2101,1.);
#2101 = DIRECTION('',(0.,-1.,0.));
#2102 = PCURVE('',#258,#2103);
#2103 = DEFINITIONAL_REPRESENTATION('',(#2104),#2108);
#2104 = LINE('',#2105,#2106);
#2105 = CARTESIAN_POINT('',(7.5E-02,-11.25));
#2106 = VECTOR('',#2107,1.);
#2107 = DIRECTION('',(-1.,0.));
#2108 = ( GEOMETRIC_REPRESENTATION_CONTEXT(2) 
PARAMETRIC_REPRESENTATION_CONTEXT() REPRESENTATION_CONTEXT('2D SPACE',''
  ) );
#2109 = PCURVE('',#2110,#2115);
#2110 = PLANE('',#2111);
#2111 = AXIS2_PLACEMENT_3D('',#2112,#2113,#2114);
#2112 = CARTESIAN_POINT('',(47.2,-9.575,11.25));
#2113 = DIRECTION('',(0.,0.,-1.));
#2114 = DIRECTION('',(0.,-1.,0.));
#2115 = DEFINITIONAL_REPRESENTATION('',(#2116),#2120);
#2116 = LINE('',#2117,#2118);
#2117 = CARTESIAN_POINT('',(0.,-2.));
#2118 = VECTOR('',#2119,1.);
#2119 = DIRECTION('',(1.,0.));
#2120 = ( GEOMETRIC_REPRESENTATION_CONTEXT(2) 
PARAMETRIC_REPRESENTATION_CONTEXT() REPRESENTATION_CONTEXT('2D SPACE',''
  ) );
#2121 = ORIENTED_EDGE('',*,*,#2122,.T.);
#2122 = EDGE_CURVE('',#2095,#243,#2123,.T.);
#2123 = SURFACE_CURVE('',#2124,(#2128,#2135),.PCURVE_S1.);
#2124 = LINE('',#2125,#2126);
#2125 = CARTESIAN_POINT('',(49.2,-9.65,0.));
#2126 = VECTOR('',#2127,1.);
#2127 = DIRECTION('',(0.,0.,1.));
#2128 = PCURVE('',#258,#2129);
#2129 = DEFINITIONAL_REPRESENTATION('',(#2130),#2134);
#2130 = LINE('',#2131,#2132);
#2131 = CARTESIAN_POINT('',(0.,0.));
#2132 = VECTOR('',#2133,1.);
#2133 = DIRECTION('',(0.,-1.));
#2134 = ( GEOMETRIC_REPRESENTATION_CONTEXT(2) 
PARAMETRIC_REPRESENTATION_CONTEXT() REPRESENTATION_CONTEXT('2D SPACE',''
  ) );
#2135 = PCURVE('',#287,#2136);
#2136 = DEFINITIONAL_REPRESENTATION('',(#2137),#2141);
#2137 = LINE('',#2138,#2139);
#2138 = CARTESIAN_POINT('',(-6.28318530718,0.));
#2139 = VECTOR('',#2140,1.);
#2140 = DIRECTION('',(-0.,-1.));
#2141 = ( GEOMETRIC_REPRESENTATION_CONTEXT(2) 
PARAMETRIC_REPRESENTATION_CONTEXT() REPRESENTATION_CONTEXT('2D SPACE',''
  ) );
#2142 = ORIENTED_EDGE('',*,*,#242,.T.);
#2143 = ORIENTED_EDGE('',*,*,#2144,.T.);
#2144 = EDGE_CURVE('',#217,#2145,#2147,.T.);
#2145 = VERTEX_POINT('',#2146);
#2146 = CARTESIAN_POINT('',(49.2,-4.82,9.21));
#2147 = SURFACE_CURVE('',#2148,(#2152,#2158),.PCURVE_S1.);
#2148 = LINE('',#2149,#2150);
#2149 = CARTESIAN_POINT('',(49.2,-4.82,4.605));
#2150 = VECTOR('',#2151,1.);
#2151 = DIRECTION('',(0.,0.,-1.));
#2152 = PCURVE('',#258,#2153);
#2153 = DEFINITIONAL_REPRESENTATION('',(#2154),#2157);
#2154 = B_SPLINE_CURVE_WITH_KNOTS('',1,(#2155,#2156),.UNSPECIFIED.,.F.,
  .F.,(2,2),(-11.595,-4.605),.PIECEWISE_BEZIER_KNOTS.);
#2155 = CARTESIAN_POINT('',(4.83,-16.2));
#2156 = CARTESIAN_POINT('',(4.83,-9.21));
#2157 = ( GEOMETRIC_REPRESENTATION_CONTEXT(2) 
PARAMETRIC_REPRESENTATION_CONTEXT() REPRESENTATION_CONTEXT('2D SPACE',''
  ) );
#2158 = PCURVE('',#231,#2159);
#2159 = DEFINITIONAL_REPRESENTATION('',(#2160),#2163);
#2160 = B_SPLINE_CURVE_WITH_KNOTS('',1,(#2161,#2162),.UNSPECIFIED.,.F.,
  .F.,(2,2),(-11.595,-4.605),.PIECEWISE_BEZIER_KNOTS.);
#2161 = CARTESIAN_POINT('',(6.99,1.));
#2162 = CARTESIAN_POINT('',(0.,1.));
#2163 = ( GEOMETRIC_REPRESENTATION_CONTEXT(2) 
PARAMETRIC_REPRESENTATION_CONTEXT() REPRESENTATION_CONTEXT('2D SPACE',''
  ) );
#2164 = ORIENTED_EDGE('',*,*,#2165,.T.);
#2165 = EDGE_CURVE('',#2145,#1714,#2166,.T.);
#2166 = SURFACE_CURVE('',#2167,(#2171,#2177),.PCURVE_S1.);
#2167 = LINE('',#2168,#2169);
#2168 = CARTESIAN_POINT('',(49.2,-7.235,9.21));
#2169 = VECTOR('',#2170,1.);
#2170 = DIRECTION('',(0.,1.,-0.));
#2171 = PCURVE('',#258,#2172);
#2172 = DEFINITIONAL_REPRESENTATION('',(#2173),#2176);
#2173 = B_SPLINE_CURVE_WITH_KNOTS('',1,(#2174,#2175),.UNSPECIFIED.,.F.,
  .F.,(2,2),(2.415,12.055),.PIECEWISE_BEZIER_KNOTS.);
#2174 = CARTESIAN_POINT('',(4.83,-9.21));
#2175 = CARTESIAN_POINT('',(14.47,-9.21));
#2176 = ( GEOMETRIC_REPRESENTATION_CONTEXT(2) 
PARAMETRIC_REPRESENTATION_CONTEXT() REPRESENTATION_CONTEXT('2D SPACE',''
  ) );
#2177 = PCURVE('',#1731,#2178);
#2178 = DEFINITIONAL_REPRESENTATION('',(#2179),#2182);
#2179 = B_SPLINE_CURVE_WITH_KNOTS('',1,(#2180,#2181),.UNSPECIFIED.,.F.,
  .F.,(2,2),(2.415,12.055),.PIECEWISE_BEZIER_KNOTS.);
#2180 = CARTESIAN_POINT('',(1.,0.));
#2181 = CARTESIAN_POINT('',(1.,9.64));
#2182 = ( GEOMETRIC_REPRESENTATION_CONTEXT(2) 
PARAMETRIC_REPRESENTATION_CONTEXT() REPRESENTATION_CONTEXT('2D SPACE',''
  ) );
#2183 = ORIENTED_EDGE('',*,*,#1743,.F.);
#2184 = ORIENTED_EDGE('',*,*,#902,.T.);
#2185 = ORIENTED_EDGE('',*,*,#2186,.F.);
#2186 = EDGE_CURVE('',#2187,#874,#2189,.T.);
#2187 = VERTEX_POINT('',#2188);
#2188 = CARTESIAN_POINT('',(49.2,9.65,11.25));
#2189 = SURFACE_CURVE('',#2190,(#2194,#2201),.PCURVE_S1.);
#2190 = LINE('',#2191,#2192);
#2191 = CARTESIAN_POINT('',(49.2,9.65,0.));
#2192 = VECTOR('',#2193,1.);
#2193 = DIRECTION('',(0.,0.,1.));
#2194 = PCURVE('',#258,#2195);
#2195 = DEFINITIONAL_REPRESENTATION('',(#2196),#2200);
#2196 = LINE('',#2197,#2198);
#2197 = CARTESIAN_POINT('',(19.3,0.));
#2198 = VECTOR('',#2199,1.);
#2199 = DIRECTION('',(0.,-1.));
#2200 = ( GEOMETRIC_REPRESENTATION_CONTEXT(2) 
PARAMETRIC_REPRESENTATION_CONTEXT() REPRESENTATION_CONTEXT('2D SPACE',''
  ) );
#2201 = PCURVE('',#890,#2202);
#2202 = DEFINITIONAL_REPRESENTATION('',(#2203),#2207);
#2203 = LINE('',#2204,#2205);
#2204 = CARTESIAN_POINT('',(-0.,0.));
#2205 = VECTOR('',#2206,1.);
#2206 = DIRECTION('',(-0.,-1.));
#2207 = ( GEOMETRIC_REPRESENTATION_CONTEXT(2) 
PARAMETRIC_REPRESENTATION_CONTEXT() REPRESENTATION_CONTEXT('2D SPACE',''
  ) );
#2208 = ORIENTED_EDGE('',*,*,#2209,.F.);
#2209 = EDGE_CURVE('',#2210,#2187,#2212,.T.);
#2210 = VERTEX_POINT('',#2211);
#2211 = CARTESIAN_POINT('',(49.2,9.575,11.25));
#2212 = SURFACE_CURVE('',#2213,(#2217,#2224),.PCURVE_S1.);
#2213 = LINE('',#2214,#2215);
#2214 = CARTESIAN_POINT('',(49.2,9.575,11.25));
#2215 = VECTOR('',#2216,1.);
#2216 = DIRECTION('',(0.,1.,0.));
#2217 = PCURVE('',#258,#2218);
#2218 = DEFINITIONAL_REPRESENTATION('',(#2219),#2223);
#2219 = LINE('',#2220,#2221);
#2220 = CARTESIAN_POINT('',(19.225,-11.25));
#2221 = VECTOR('',#2222,1.);
#2222 = DIRECTION('',(1.,0.));
#2223 = ( GEOMETRIC_REPRESENTATION_CONTEXT(2) 
PARAMETRIC_REPRESENTATION_CONTEXT() REPRESENTATION_CONTEXT('2D SPACE',''
  ) );
#2224 = PCURVE('',#2225,#2230);
#2225 = PLANE('',#2226);
#2226 = AXIS2_PLACEMENT_3D('',#2227,#2228,#2229);
#2227 = CARTESIAN_POINT('',(47.2,9.575,11.25));
#2228 = DIRECTION('',(0.,0.,1.));
#2229 = DIRECTION('',(0.,1.,0.));
#2230 = DEFINITIONAL_REPRESENTATION('',(#2231),#2235);
#2231 = LINE('',#2232,#2233);
#2232 = CARTESIAN_POINT('',(0.,-2.));
#2233 = VECTOR('',#2234,1.);
#2234 = DIRECTION('',(1.,0.));
#2235 = ( GEOMETRIC_REPRESENTATION_CONTEXT(2) 
PARAMETRIC_REPRESENTATION_CONTEXT() REPRESENTATION_CONTEXT('2D SPACE',''
  ) );
#2236 = ORIENTED_EDGE('',*,*,#2237,.F.);
#2237 = EDGE_CURVE('',#2238,#2210,#2240,.T.);
#2238 = VERTEX_POINT('',#2239);
#2239 = CARTESIAN_POINT('',(49.2,8.65,10.65));
#2240 = SURFACE_CURVE('',#2241,(#2245,#2252),.PCURVE_S1.);
#2241 = LINE('',#2242,#2243);
#2242 = CARTESIAN_POINT('',(49.2,8.65,10.65));
#2243 = VECTOR('',#2244,1.);
#2244 = DIRECTION('',(0.,0.838961287028,0.544191105099));
#2245 = PCURVE('',#258,#2246);
#2246 = DEFINITIONAL_REPRESENTATION('',(#2247),#2251);
#2247 = LINE('',#2248,#2249);
#2248 = CARTESIAN_POINT('',(18.3,-10.65));
#2249 = VECTOR('',#2250,1.);
#2250 = DIRECTION('',(0.838961287028,-0.544191105099));
#2251 = ( GEOMETRIC_REPRESENTATION_CONTEXT(2) 
PARAMETRIC_REPRESENTATION_CONTEXT() REPRESENTATION_CONTEXT('2D SPACE',''
  ) );
#2252 = PCURVE('',#2253,#2258);
#2253 = PLANE('',#2254);
#2254 = AXIS2_PLACEMENT_3D('',#2255,#2256,#2257);
#2255 = CARTESIAN_POINT('',(47.2,8.65,10.65));
#2256 = DIRECTION('',(0.,-0.544191105099,0.838961287028));
#2257 = DIRECTION('',(0.,0.838961287028,0.544191105099));
#2258 = DEFINITIONAL_REPRESENTATION('',(#2259),#2263);
#2259 = LINE('',#2260,#2261);
#2260 = CARTESIAN_POINT('',(0.,-2.));
#2261 = VECTOR('',#2262,1.);
#2262 = DIRECTION('',(1.,0.));
#2263 = ( GEOMETRIC_REPRESENTATION_CONTEXT(2) 
PARAMETRIC_REPRESENTATION_CONTEXT() REPRESENTATION_CONTEXT('2D SPACE',''
  ) );
#2264 = ORIENTED_EDGE('',*,*,#2265,.F.);
#2265 = EDGE_CURVE('',#2266,#2238,#2268,.T.);
#2266 = VERTEX_POINT('',#2267);
#2267 = CARTESIAN_POINT('',(49.2,9.075,10.65));
#2268 = SURFACE_CURVE('',#2269,(#2273,#2280),.PCURVE_S1.);
#2269 = LINE('',#2270,#2271);
#2270 = CARTESIAN_POINT('',(49.2,9.075,10.65));
#2271 = VECTOR('',#2272,1.);
#2272 = DIRECTION('',(0.,-1.,0.));
#2273 = PCURVE('',#258,#2274);
#2274 = DEFINITIONAL_REPRESENTATION('',(#2275),#2279);
#2275 = LINE('',#2276,#2277);
#2276 = CARTESIAN_POINT('',(18.725,-10.65));
#2277 = VECTOR('',#2278,1.);
#2278 = DIRECTION('',(-1.,0.));
#2279 = ( GEOMETRIC_REPRESENTATION_CONTEXT(2) 
PARAMETRIC_REPRESENTATION_CONTEXT() REPRESENTATION_CONTEXT('2D SPACE',''
  ) );
#2280 = PCURVE('',#2281,#2286);
#2281 = PLANE('',#2282);
#2282 = AXIS2_PLACEMENT_3D('',#2283,#2284,#2285);
#2283 = CARTESIAN_POINT('',(47.2,9.075,10.65));
#2284 = DIRECTION('',(-0.,-0.,-1.));
#2285 = DIRECTION('',(0.,-1.,0.));
#2286 = DEFINITIONAL_REPRESENTATION('',(#2287),#2291);
#2287 = LINE('',#2288,#2289);
#2288 = CARTESIAN_POINT('',(0.,-2.));
#2289 = VECTOR('',#2290,1.);
#2290 = DIRECTION('',(1.,0.));
#2291 = ( GEOMETRIC_REPRESENTATION_CONTEXT(2) 
PARAMETRIC_REPRESENTATION_CONTEXT() REPRESENTATION_CONTEXT('2D SPACE',''
  ) );
#2292 = ORIENTED_EDGE('',*,*,#2293,.F.);
#2293 = EDGE_CURVE('',#2294,#2266,#2296,.T.);
#2294 = VERTEX_POINT('',#2295);
#2295 = CARTESIAN_POINT('',(49.2,9.075,9.3));
#2296 = SURFACE_CURVE('',#2297,(#2301,#2308),.PCURVE_S1.);
#2297 = LINE('',#2298,#2299);
#2298 = CARTESIAN_POINT('',(49.2,9.075,7.7));
#2299 = VECTOR('',#2300,1.);
#2300 = DIRECTION('',(0.,0.,1.));
#2301 = PCURVE('',#258,#2302);
#2302 = DEFINITIONAL_REPRESENTATION('',(#2303),#2307);
#2303 = LINE('',#2304,#2305);
#2304 = CARTESIAN_POINT('',(18.725,-7.7));
#2305 = VECTOR('',#2306,1.);
#2306 = DIRECTION('',(0.,-1.));
#2307 = ( GEOMETRIC_REPRESENTATION_CONTEXT(2) 
PARAMETRIC_REPRESENTATION_CONTEXT() REPRESENTATION_CONTEXT('2D SPACE',''
  ) );
#2308 = PCURVE('',#2309,#2314);
#2309 = PLANE('',#2310);
#2310 = AXIS2_PLACEMENT_3D('',#2311,#2312,#2313);
#2311 = CARTESIAN_POINT('',(47.2,9.075,7.7));
#2312 = DIRECTION('',(0.,-1.,0.));
#2313 = DIRECTION('',(0.,0.,1.));
#2314 = DEFINITIONAL_REPRESENTATION('',(#2315),#2319);
#2315 = LINE('',#2316,#2317);
#2316 = CARTESIAN_POINT('',(0.,-2.));
#2317 = VECTOR('',#2318,1.);
#2318 = DIRECTION('',(1.,0.));
#2319 = ( GEOMETRIC_REPRESENTATION_CONTEXT(2) 
PARAMETRIC_REPRESENTATION_CONTEXT() REPRESENTATION_CONTEXT('2D SPACE',''
  ) );
#2320 = ORIENTED_EDGE('',*,*,#2321,.F.);
#2321 = EDGE_CURVE('',#2322,#2294,#2324,.T.);
#2322 = VERTEX_POINT('',#2323);
#2323 = CARTESIAN_POINT('',(49.2,7.7,9.3));
#2324 = SURFACE_CURVE('',#2325,(#2329,#2336),.PCURVE_S1.);
#2325 = LINE('',#2326,#2327);
#2326 = CARTESIAN_POINT('',(49.2,7.7,9.3));
#2327 = VECTOR('',#2328,1.);
#2328 = DIRECTION('',(0.,1.,0.));
#2329 = PCURVE('',#258,#2330);
#2330 = DEFINITIONAL_REPRESENTATION('',(#2331),#2335);
#2331 = LINE('',#2332,#2333);
#2332 = CARTESIAN_POINT('',(17.35,-9.3));
#2333 = VECTOR('',#2334,1.);
#2334 = DIRECTION('',(1.,0.));
#2335 = ( GEOMETRIC_REPRESENTATION_CONTEXT(2) 
PARAMETRIC_REPRESENTATION_CONTEXT() REPRESENTATION_CONTEXT('2D SPACE',''
  ) );
#2336 = PCURVE('',#2337,#2342);
#2337 = PLANE('',#2338);
#2338 = AXIS2_PLACEMENT_3D('',#2339,#2340,#2341);
#2339 = CARTESIAN_POINT('',(47.2,7.7,9.3));
#2340 = DIRECTION('',(0.,0.,1.));
#2341 = DIRECTION('',(0.,1.,0.));
#2342 = DEFINITIONAL_REPRESENTATION('',(#2343),#2347);
#2343 = LINE('',#2344,#2345);
#2344 = CARTESIAN_POINT('',(0.,-2.));
#2345 = VECTOR('',#2346,1.);
#2346 = DIRECTION('',(1.,0.));
#2347 = ( GEOMETRIC_REPRESENTATION_CONTEXT(2) 
PARAMETRIC_REPRESENTATION_CONTEXT() REPRESENTATION_CONTEXT('2D SPACE',''
  ) );
#2348 = ORIENTED_EDGE('',*,*,#2349,.F.);
#2349 = EDGE_CURVE('',#2350,#2322,#2352,.T.);
#2350 = VERTEX_POINT('',#2351);
#2351 = CARTESIAN_POINT('',(49.2,9.075,7.925));
#2352 = SURFACE_CURVE('',#2353,(#2357,#2364),.PCURVE_S1.);
#2353 = LINE('',#2354,#2355);
#2354 = CARTESIAN_POINT('',(49.2,11.15,5.85));
#2355 = VECTOR('',#2356,1.);
#2356 = DIRECTION('',(0.,-0.707106781187,0.707106781187));
#2357 = PCURVE('',#258,#2358);
#2358 = DEFINITIONAL_REPRESENTATION('',(#2359),#2363);
#2359 = LINE('',#2360,#2361);
#2360 = CARTESIAN_POINT('',(20.8,-5.85));
#2361 = VECTOR('',#2362,1.);
#2362 = DIRECTION('',(-0.707106781187,-0.707106781187));
#2363 = ( GEOMETRIC_REPRESENTATION_CONTEXT(2) 
PARAMETRIC_REPRESENTATION_CONTEXT() REPRESENTATION_CONTEXT('2D SPACE',''
  ) );
#2364 = PCURVE('',#2365,#2370);
#2365 = PLANE('',#2366);
#2366 = AXIS2_PLACEMENT_3D('',#2367,#2368,#2369);
#2367 = CARTESIAN_POINT('',(47.2,11.15,5.85));
#2368 = DIRECTION('',(0.,-0.707106781187,-0.707106781187));
#2369 = DIRECTION('',(0.,-0.707106781187,0.707106781187));
#2370 = DEFINITIONAL_REPRESENTATION('',(#2371),#2375);
#2371 = LINE('',#2372,#2373);
#2372 = CARTESIAN_POINT('',(0.,-2.));
#2373 = VECTOR('',#2374,1.);
#2374 = DIRECTION('',(1.,0.));
#2375 = ( GEOMETRIC_REPRESENTATION_CONTEXT(2) 
PARAMETRIC_REPRESENTATION_CONTEXT() REPRESENTATION_CONTEXT('2D SPACE',''
  ) );
#2376 = ORIENTED_EDGE('',*,*,#2377,.F.);
#2377 = EDGE_CURVE('',#2378,#2350,#2380,.T.);
#2378 = VERTEX_POINT('',#2379);
#2379 = CARTESIAN_POINT('',(49.2,9.075,7.7));
#2380 = SURFACE_CURVE('',#2381,(#2385,#2392),.PCURVE_S1.);
#2381 = LINE('',#2382,#2383);
#2382 = CARTESIAN_POINT('',(49.2,9.075,7.7));
#2383 = VECTOR('',#2384,1.);
#2384 = DIRECTION('',(0.,0.,1.));
#2385 = PCURVE('',#258,#2386);
#2386 = DEFINITIONAL_REPRESENTATION('',(#2387),#2391);
#2387 = LINE('',#2388,#2389);
#2388 = CARTESIAN_POINT('',(18.725,-7.7));
#2389 = VECTOR('',#2390,1.);
#2390 = DIRECTION('',(0.,-1.));
#2391 = ( GEOMETRIC_REPRESENTATION_CONTEXT(2) 
PARAMETRIC_REPRESENTATION_CONTEXT() REPRESENTATION_CONTEXT('2D SPACE',''
  ) );
#2392 = PCURVE('',#2393,#2398);
#2393 = PLANE('',#2394);
#2394 = AXIS2_PLACEMENT_3D('',#2395,#2396,#2397);
#2395 = CARTESIAN_POINT('',(47.2,9.075,7.7));
#2396 = DIRECTION('',(0.,-1.,0.));
#2397 = DIRECTION('',(0.,0.,1.));
#2398 = DEFINITIONAL_REPRESENTATION('',(#2399),#2403);
#2399 = LINE('',#2400,#2401);
#2400 = CARTESIAN_POINT('',(0.,-2.));
#2401 = VECTOR('',#2402,1.);
#2402 = DIRECTION('',(1.,0.));
#2403 = ( GEOMETRIC_REPRESENTATION_CONTEXT(2) 
PARAMETRIC_REPRESENTATION_CONTEXT() REPRESENTATION_CONTEXT('2D SPACE',''
  ) );
#2404 = ORIENTED_EDGE('',*,*,#2405,.F.);
#2405 = EDGE_CURVE('',#2406,#2378,#2408,.T.);
#2406 = VERTEX_POINT('',#2407);
#2407 = CARTESIAN_POINT('',(49.2,9.3,7.7));
#2408 = SURFACE_CURVE('',#2409,(#2413,#2420),.PCURVE_S1.);
#2409 = LINE('',#2410,#2411);
#2410 = CARTESIAN_POINT('',(49.2,9.875,7.7));
#2411 = VECTOR('',#2412,1.);
#2412 = DIRECTION('',(0.,-1.,0.));
#2413 = PCURVE('',#258,#2414);
#2414 = DEFINITIONAL_REPRESENTATION('',(#2415),#2419);
#2415 = LINE('',#2416,#2417);
#2416 = CARTESIAN_POINT('',(19.525,-7.7));
#2417 = VECTOR('',#2418,1.);
#2418 = DIRECTION('',(-1.,0.));
#2419 = ( GEOMETRIC_REPRESENTATION_CONTEXT(2) 
PARAMETRIC_REPRESENTATION_CONTEXT() REPRESENTATION_CONTEXT('2D SPACE',''
  ) );
#2420 = PCURVE('',#2421,#2426);
#2421 = PLANE('',#2422);
#2422 = AXIS2_PLACEMENT_3D('',#2423,#2424,#2425);
#2423 = CARTESIAN_POINT('',(47.2,9.875,7.7));
#2424 = DIRECTION('',(-0.,-0.,-1.));
#2425 = DIRECTION('',(0.,-1.,0.));
#2426 = DEFINITIONAL_REPRESENTATION('',(#2427),#2431);
#2427 = LINE('',#2428,#2429);
#2428 = CARTESIAN_POINT('',(0.,-2.));
#2429 = VECTOR('',#2430,1.);
#2430 = DIRECTION('',(1.,0.));
#2431 = ( GEOMETRIC_REPRESENTATION_CONTEXT(2) 
PARAMETRIC_REPRESENTATION_CONTEXT() REPRESENTATION_CONTEXT('2D SPACE',''
  ) );
#2432 = ORIENTED_EDGE('',*,*,#2433,.F.);
#2433 = EDGE_CURVE('',#2434,#2406,#2436,.T.);
#2434 = VERTEX_POINT('',#2435);
#2435 = CARTESIAN_POINT('',(49.2,9.65,7.35));
#2436 = SURFACE_CURVE('',#2437,(#2441,#2448),.PCURVE_S1.);
#2437 = LINE('',#2438,#2439);
#2438 = CARTESIAN_POINT('',(49.2,11.15,5.85));
#2439 = VECTOR('',#2440,1.);
#2440 = DIRECTION('',(0.,-0.707106781187,0.707106781187));
#2441 = PCURVE('',#258,#2442);
#2442 = DEFINITIONAL_REPRESENTATION('',(#2443),#2447);
#2443 = LINE('',#2444,#2445);
#2444 = CARTESIAN_POINT('',(20.8,-5.85));
#2445 = VECTOR('',#2446,1.);
#2446 = DIRECTION('',(-0.707106781187,-0.707106781187));
#2447 = ( GEOMETRIC_REPRESENTATION_CONTEXT(2) 
PARAMETRIC_REPRESENTATION_CONTEXT() REPRESENTATION_CONTEXT('2D SPACE',''
  ) );
#2448 = PCURVE('',#2449,#2454);
#2449 = PLANE('',#2450);
#2450 = AXIS2_PLACEMENT_3D('',#2451,#2452,#2453);
#2451 = CARTESIAN_POINT('',(47.2,11.15,5.85));
#2452 = DIRECTION('',(0.,-0.707106781187,-0.707106781187));
#2453 = DIRECTION('',(0.,-0.707106781187,0.707106781187));
#2454 = DEFINITIONAL_REPRESENTATION('',(#2455),#2459);
#2455 = LINE('',#2456,#2457);
#2456 = CARTESIAN_POINT('',(0.,-2.));
#2457 = VECTOR('',#2458,1.);
#2458 = DIRECTION('',(1.,0.));
#2459 = ( GEOMETRIC_REPRESENTATION_CONTEXT(2) 
PARAMETRIC_REPRESENTATION_CONTEXT() REPRESENTATION_CONTEXT('2D SPACE',''
  ) );
#2460 = ORIENTED_EDGE('',*,*,#2461,.F.);
#2461 = EDGE_CURVE('',#1815,#2434,#2462,.T.);
#2462 = SURFACE_CURVE('',#2463,(#2467,#2474),.PCURVE_S1.);
#2463 = LINE('',#2464,#2465);
#2464 = CARTESIAN_POINT('',(49.2,9.65,0.));
#2465 = VECTOR('',#2466,1.);
#2466 = DIRECTION('',(0.,0.,1.));
#2467 = PCURVE('',#258,#2468);
#2468 = DEFINITIONAL_REPRESENTATION('',(#2469),#2473);
#2469 = LINE('',#2470,#2471);
#2470 = CARTESIAN_POINT('',(19.3,0.));
#2471 = VECTOR('',#2472,1.);
#2472 = DIRECTION('',(0.,-1.));
#2473 = ( GEOMETRIC_REPRESENTATION_CONTEXT(2) 
PARAMETRIC_REPRESENTATION_CONTEXT() REPRESENTATION_CONTEXT('2D SPACE',''
  ) );
#2474 = PCURVE('',#2475,#2480);
#2475 = CYLINDRICAL_SURFACE('',#2476,1.);
#2476 = AXIS2_PLACEMENT_3D('',#2477,#2478,#2479);
#2477 = CARTESIAN_POINT('',(48.2,9.65,0.));
#2478 = DIRECTION('',(-0.,-0.,-1.));
#2479 = DIRECTION('',(1.,0.,0.));
#2480 = DEFINITIONAL_REPRESENTATION('',(#2481),#2485);
#2481 = LINE('',#2482,#2483);
#2482 = CARTESIAN_POINT('',(-0.,0.));
#2483 = VECTOR('',#2484,1.);
#2484 = DIRECTION('',(-0.,-1.));
#2485 = ( GEOMETRIC_REPRESENTATION_CONTEXT(2) 
PARAMETRIC_REPRESENTATION_CONTEXT() REPRESENTATION_CONTEXT('2D SPACE',''
  ) );
#2486 = ADVANCED_FACE('',(#2487),#890,.F.);
#2487 = FACE_BOUND('',#2488,.T.);
#2488 = EDGE_LOOP('',(#2489,#2517,#2518,#2519,#2542,#2575,#2601,#2634));
#2489 = ORIENTED_EDGE('',*,*,#2490,.T.);
#2490 = EDGE_CURVE('',#2491,#2187,#2493,.T.);
#2491 = VERTEX_POINT('',#2492);
#2492 = CARTESIAN_POINT('',(49.174358763495,9.875,11.25));
#2493 = SURFACE_CURVE('',#2494,(#2499,#2506),.PCURVE_S1.);
#2494 = CIRCLE('',#2495,1.);
#2495 = AXIS2_PLACEMENT_3D('',#2496,#2497,#2498);
#2496 = CARTESIAN_POINT('',(48.2,9.65,11.25));
#2497 = DIRECTION('',(0.,0.,-1.));
#2498 = DIRECTION('',(1.,0.,0.));
#2499 = PCURVE('',#890,#2500);
#2500 = DEFINITIONAL_REPRESENTATION('',(#2501),#2505);
#2501 = LINE('',#2502,#2503);
#2502 = CARTESIAN_POINT('',(-6.28318530718,-11.25));
#2503 = VECTOR('',#2504,1.);
#2504 = DIRECTION('',(1.,-0.));
#2505 = ( GEOMETRIC_REPRESENTATION_CONTEXT(2) 
PARAMETRIC_REPRESENTATION_CONTEXT() REPRESENTATION_CONTEXT('2D SPACE',''
  ) );
#2506 = PCURVE('',#2225,#2507);
#2507 = DEFINITIONAL_REPRESENTATION('',(#2508),#2516);
#2508 = ( BOUNDED_CURVE() B_SPLINE_CURVE(2,(#2509,#2510,#2511,#2512,
#2513,#2514,#2515),.UNSPECIFIED.,.T.,.F.) B_SPLINE_CURVE_WITH_KNOTS((1,2
    ,2,2,2,1),(-2.094395102393,0.,2.094395102393,4.188790204786,
6.28318530718,8.377580409573),.UNSPECIFIED.) CURVE() 
GEOMETRIC_REPRESENTATION_ITEM() RATIONAL_B_SPLINE_CURVE((1.,0.5,1.,0.5,
1.,0.5,1.)) REPRESENTATION_ITEM('') );
#2509 = CARTESIAN_POINT('',(7.5E-02,-2.));
#2510 = CARTESIAN_POINT('',(-1.657050807569,-2.));
#2511 = CARTESIAN_POINT('',(-0.791025403784,-0.5));
#2512 = CARTESIAN_POINT('',(7.5E-02,1.));
#2513 = CARTESIAN_POINT('',(0.941025403784,-0.5));
#2514 = CARTESIAN_POINT('',(1.807050807569,-2.));
#2515 = CARTESIAN_POINT('',(7.5E-02,-2.));
#2516 = ( GEOMETRIC_REPRESENTATION_CONTEXT(2) 
PARAMETRIC_REPRESENTATION_CONTEXT() REPRESENTATION_CONTEXT('2D SPACE',''
  ) );
#2517 = ORIENTED_EDGE('',*,*,#2186,.T.);
#2518 = ORIENTED_EDGE('',*,*,#873,.T.);
#2519 = ORIENTED_EDGE('',*,*,#2520,.F.);
#2520 = EDGE_CURVE('',#2521,#851,#2523,.T.);
#2521 = VERTEX_POINT('',#2522);
#2522 = CARTESIAN_POINT('',(48.2,10.65,9.3));
#2523 = SURFACE_CURVE('',#2524,(#2528,#2535),.PCURVE_S1.);
#2524 = LINE('',#2525,#2526);
#2525 = CARTESIAN_POINT('',(48.2,10.65,0.));
#2526 = VECTOR('',#2527,1.);
#2527 = DIRECTION('',(0.,0.,1.));
#2528 = PCURVE('',#890,#2529);
#2529 = DEFINITIONAL_REPRESENTATION('',(#2530),#2534);
#2530 = LINE('',#2531,#2532);
#2531 = CARTESIAN_POINT('',(-1.570796326795,0.));
#2532 = VECTOR('',#2533,1.);
#2533 = DIRECTION('',(-0.,-1.));
#2534 = ( GEOMETRIC_REPRESENTATION_CONTEXT(2) 
PARAMETRIC_REPRESENTATION_CONTEXT() REPRESENTATION_CONTEXT('2D SPACE',''
  ) );
#2535 = PCURVE('',#645,#2536);
#2536 = DEFINITIONAL_REPRESENTATION('',(#2537),#2541);
#2537 = LINE('',#2538,#2539);
#2538 = CARTESIAN_POINT('',(47.2,0.));
#2539 = VECTOR('',#2540,1.);
#2540 = DIRECTION('',(0.,-1.));
#2541 = ( GEOMETRIC_REPRESENTATION_CONTEXT(2) 
PARAMETRIC_REPRESENTATION_CONTEXT() REPRESENTATION_CONTEXT('2D SPACE',''
  ) );
#2542 = ORIENTED_EDGE('',*,*,#2543,.T.);
#2543 = EDGE_CURVE('',#2521,#2544,#2546,.T.);
#2544 = VERTEX_POINT('',#2545);
#2545 = CARTESIAN_POINT('',(48.765132727773,10.475,9.3));
#2546 = SURFACE_CURVE('',#2547,(#2552,#2559),.PCURVE_S1.);
#2547 = CIRCLE('',#2548,1.);
#2548 = AXIS2_PLACEMENT_3D('',#2549,#2550,#2551);
#2549 = CARTESIAN_POINT('',(48.2,9.65,9.3));
#2550 = DIRECTION('',(0.,0.,-1.));
#2551 = DIRECTION('',(1.,0.,0.));
#2552 = PCURVE('',#890,#2553);
#2553 = DEFINITIONAL_REPRESENTATION('',(#2554),#2558);
#2554 = LINE('',#2555,#2556);
#2555 = CARTESIAN_POINT('',(-6.28318530718,-9.3));
#2556 = VECTOR('',#2557,1.);
#2557 = DIRECTION('',(1.,-0.));
#2558 = ( GEOMETRIC_REPRESENTATION_CONTEXT(2) 
PARAMETRIC_REPRESENTATION_CONTEXT() REPRESENTATION_CONTEXT('2D SPACE',''
  ) );
#2559 = PCURVE('',#2560,#2565);
#2560 = PLANE('',#2561);
#2561 = AXIS2_PLACEMENT_3D('',#2562,#2563,#2564);
#2562 = CARTESIAN_POINT('',(47.2,7.7,9.3));
#2563 = DIRECTION('',(0.,0.,1.));
#2564 = DIRECTION('',(0.,1.,0.));
#2565 = DEFINITIONAL_REPRESENTATION('',(#2566),#2574);
#2566 = ( BOUNDED_CURVE() B_SPLINE_CURVE(2,(#2567,#2568,#2569,#2570,
#2571,#2572,#2573),.UNSPECIFIED.,.T.,.F.) B_SPLINE_CURVE_WITH_KNOTS((1,2
    ,2,2,2,1),(-2.094395102393,0.,2.094395102393,4.188790204786,
6.28318530718,8.377580409573),.UNSPECIFIED.) CURVE() 
GEOMETRIC_REPRESENTATION_ITEM() RATIONAL_B_SPLINE_CURVE((1.,0.5,1.,0.5,
1.,0.5,1.)) REPRESENTATION_ITEM('') );
#2567 = CARTESIAN_POINT('',(1.95,-2.));
#2568 = CARTESIAN_POINT('',(0.217949192431,-2.));
#2569 = CARTESIAN_POINT('',(1.083974596216,-0.5));
#2570 = CARTESIAN_POINT('',(1.95,1.));
#2571 = CARTESIAN_POINT('',(2.816025403784,-0.5));
#2572 = CARTESIAN_POINT('',(3.682050807569,-2.));
#2573 = CARTESIAN_POINT('',(1.95,-2.));
#2574 = ( GEOMETRIC_REPRESENTATION_CONTEXT(2) 
PARAMETRIC_REPRESENTATION_CONTEXT() REPRESENTATION_CONTEXT('2D SPACE',''
  ) );
#2575 = ORIENTED_EDGE('',*,*,#2576,.T.);
#2576 = EDGE_CURVE('',#2544,#2577,#2579,.T.);
#2577 = VERTEX_POINT('',#2578);
#2578 = CARTESIAN_POINT('',(48.765132727773,10.475,7.7));
#2579 = SURFACE_CURVE('',#2580,(#2584,#2590),.PCURVE_S1.);
#2580 = LINE('',#2581,#2582);
#2581 = CARTESIAN_POINT('',(48.765132727773,10.475,0.));
#2582 = VECTOR('',#2583,1.);
#2583 = DIRECTION('',(-0.,-0.,-1.));
#2584 = PCURVE('',#890,#2585);
#2585 = DEFINITIONAL_REPRESENTATION('',(#2586),#2589);
#2586 = B_SPLINE_CURVE_WITH_KNOTS('',1,(#2587,#2588),.UNSPECIFIED.,.F.,
  .F.,(2,2),(-9.46,-7.54),.PIECEWISE_BEZIER_KNOTS.);
#2587 = CARTESIAN_POINT('',(-0.970202199929,-9.46));
#2588 = CARTESIAN_POINT('',(-0.970202199929,-7.54));
#2589 = ( GEOMETRIC_REPRESENTATION_CONTEXT(2) 
PARAMETRIC_REPRESENTATION_CONTEXT() REPRESENTATION_CONTEXT('2D SPACE',''
  ) );
#2590 = PCURVE('',#2591,#2596);
#2591 = PLANE('',#2592);
#2592 = AXIS2_PLACEMENT_3D('',#2593,#2594,#2595);
#2593 = CARTESIAN_POINT('',(46.7,10.475,7.7));
#2594 = DIRECTION('',(0.,1.,0.));
#2595 = DIRECTION('',(0.,0.,1.));
#2596 = DEFINITIONAL_REPRESENTATION('',(#2597),#2600);
#2597 = B_SPLINE_CURVE_WITH_KNOTS('',1,(#2598,#2599),.UNSPECIFIED.,.F.,
  .F.,(2,2),(-9.46,-7.54),.PIECEWISE_BEZIER_KNOTS.);
#2598 = CARTESIAN_POINT('',(1.76,2.065132727773));
#2599 = CARTESIAN_POINT('',(-0.16,2.065132727773));
#2600 = ( GEOMETRIC_REPRESENTATION_CONTEXT(2) 
PARAMETRIC_REPRESENTATION_CONTEXT() REPRESENTATION_CONTEXT('2D SPACE',''
  ) );
#2601 = ORIENTED_EDGE('',*,*,#2602,.T.);
#2602 = EDGE_CURVE('',#2577,#2603,#2605,.T.);
#2603 = VERTEX_POINT('',#2604);
#2604 = CARTESIAN_POINT('',(49.174358763495,9.875,7.7));
#2605 = SURFACE_CURVE('',#2606,(#2611,#2618),.PCURVE_S1.);
#2606 = CIRCLE('',#2607,1.);
#2607 = AXIS2_PLACEMENT_3D('',#2608,#2609,#2610);
#2608 = CARTESIAN_POINT('',(48.2,9.65,7.7));
#2609 = DIRECTION('',(0.,0.,-1.));
#2610 = DIRECTION('',(1.,0.,0.));
#2611 = PCURVE('',#890,#2612);
#2612 = DEFINITIONAL_REPRESENTATION('',(#2613),#2617);
#2613 = LINE('',#2614,#2615);
#2614 = CARTESIAN_POINT('',(-6.28318530718,-7.7));
#2615 = VECTOR('',#2616,1.);
#2616 = DIRECTION('',(1.,-0.));
#2617 = ( GEOMETRIC_REPRESENTATION_CONTEXT(2) 
PARAMETRIC_REPRESENTATION_CONTEXT() REPRESENTATION_CONTEXT('2D SPACE',''
  ) );
#2618 = PCURVE('',#2619,#2624);
#2619 = PLANE('',#2620);
#2620 = AXIS2_PLACEMENT_3D('',#2621,#2622,#2623);
#2621 = CARTESIAN_POINT('',(46.7,9.875,7.7));
#2622 = DIRECTION('',(0.,0.,1.));
#2623 = DIRECTION('',(1.,0.,0.));
#2624 = DEFINITIONAL_REPRESENTATION('',(#2625),#2633);
#2625 = ( BOUNDED_CURVE() B_SPLINE_CURVE(2,(#2626,#2627,#2628,#2629,
#2630,#2631,#2632),.UNSPECIFIED.,.T.,.F.) B_SPLINE_CURVE_WITH_KNOTS((1,2
    ,2,2,2,1),(-2.094395102393,0.,2.094395102393,4.188790204786,
6.28318530718,8.377580409573),.UNSPECIFIED.) CURVE() 
GEOMETRIC_REPRESENTATION_ITEM() RATIONAL_B_SPLINE_CURVE((1.,0.5,1.,0.5,
1.,0.5,1.)) REPRESENTATION_ITEM('') );
#2626 = CARTESIAN_POINT('',(2.5,-0.225));
#2627 = CARTESIAN_POINT('',(2.5,-1.957050807569));
#2628 = CARTESIAN_POINT('',(1.,-1.091025403784));
#2629 = CARTESIAN_POINT('',(-0.5,-0.225));
#2630 = CARTESIAN_POINT('',(1.,0.641025403784));
#2631 = CARTESIAN_POINT('',(2.5,1.507050807569));
#2632 = CARTESIAN_POINT('',(2.5,-0.225));
#2633 = ( GEOMETRIC_REPRESENTATION_CONTEXT(2) 
PARAMETRIC_REPRESENTATION_CONTEXT() REPRESENTATION_CONTEXT('2D SPACE',''
  ) );
#2634 = ORIENTED_EDGE('',*,*,#2635,.F.);
#2635 = EDGE_CURVE('',#2491,#2603,#2636,.T.);
#2636 = SURFACE_CURVE('',#2637,(#2641,#2647),.PCURVE_S1.);
#2637 = LINE('',#2638,#2639);
#2638 = CARTESIAN_POINT('',(49.174358763495,9.875,0.));
#2639 = VECTOR('',#2640,1.);
#2640 = DIRECTION('',(-0.,-0.,-1.));
#2641 = PCURVE('',#890,#2642);
#2642 = DEFINITIONAL_REPRESENTATION('',(#2643),#2646);
#2643 = B_SPLINE_CURVE_WITH_KNOTS('',1,(#2644,#2645),.UNSPECIFIED.,.F.,
  .F.,(2,2),(-11.605,-7.345),.PIECEWISE_BEZIER_KNOTS.);
#2644 = CARTESIAN_POINT('',(-0.226943036179,-11.605));
#2645 = CARTESIAN_POINT('',(-0.226943036179,-7.345));
#2646 = ( GEOMETRIC_REPRESENTATION_CONTEXT(2) 
PARAMETRIC_REPRESENTATION_CONTEXT() REPRESENTATION_CONTEXT('2D SPACE',''
  ) );
#2647 = PCURVE('',#2648,#2653);
#2648 = PLANE('',#2649);
#2649 = AXIS2_PLACEMENT_3D('',#2650,#2651,#2652);
#2650 = CARTESIAN_POINT('',(46.7,9.875,7.7));
#2651 = DIRECTION('',(0.,1.,0.));
#2652 = DIRECTION('',(0.,0.,1.));
#2653 = DEFINITIONAL_REPRESENTATION('',(#2654),#2657);
#2654 = B_SPLINE_CURVE_WITH_KNOTS('',1,(#2655,#2656),.UNSPECIFIED.,.F.,
  .F.,(2,2),(-11.605,-7.345),.PIECEWISE_BEZIER_KNOTS.);
#2655 = CARTESIAN_POINT('',(3.905,2.474358763495));
#2656 = CARTESIAN_POINT('',(-0.355,2.474358763495));
#2657 = ( GEOMETRIC_REPRESENTATION_CONTEXT(2) 
PARAMETRIC_REPRESENTATION_CONTEXT() REPRESENTATION_CONTEXT('2D SPACE',''
  ) );
#2658 = ADVANCED_FACE('',(#2659,#3203),#645,.F.);
#2659 = FACE_BOUND('',#2660,.F.);
#2660 = EDGE_LOOP('',(#2661,#2686,#2707,#2708,#2729,#2755,#2811,#2837,
    #2856,#2857,#2878,#2904,#2960,#2986,#3005,#3006,#3007,#3028,#3054,
    #3075,#3098,#3121,#3149,#3177));
#2661 = ORIENTED_EDGE('',*,*,#2662,.F.);
#2662 = EDGE_CURVE('',#2663,#2665,#2667,.T.);
#2663 = VERTEX_POINT('',#2664);
#2664 = CARTESIAN_POINT('',(1.,10.65,0.));
#2665 = VERTEX_POINT('',#2666);
#2666 = CARTESIAN_POINT('',(10.,10.65,0.));
#2667 = SURFACE_CURVE('',#2668,(#2672,#2679),.PCURVE_S1.);
#2668 = LINE('',#2669,#2670);
#2669 = CARTESIAN_POINT('',(24.6,10.65,0.));
#2670 = VECTOR('',#2671,1.);
#2671 = DIRECTION('',(1.,0.,0.));
#2672 = PCURVE('',#645,#2673);
#2673 = DEFINITIONAL_REPRESENTATION('',(#2674),#2678);
#2674 = LINE('',#2675,#2676);
#2675 = CARTESIAN_POINT('',(23.6,0.));
#2676 = VECTOR('',#2677,1.);
#2677 = DIRECTION('',(1.,0.));
#2678 = ( GEOMETRIC_REPRESENTATION_CONTEXT(2) 
PARAMETRIC_REPRESENTATION_CONTEXT() REPRESENTATION_CONTEXT('2D SPACE',''
  ) );
#2679 = PCURVE('',#1830,#2680);
#2680 = DEFINITIONAL_REPRESENTATION('',(#2681),#2685);
#2681 = LINE('',#2682,#2683);
#2682 = CARTESIAN_POINT('',(-7.656069369312E-17,10.65));
#2683 = VECTOR('',#2684,1.);
#2684 = DIRECTION('',(1.,0.));
#2685 = ( GEOMETRIC_REPRESENTATION_CONTEXT(2) 
PARAMETRIC_REPRESENTATION_CONTEXT() REPRESENTATION_CONTEXT('2D SPACE',''
  ) );
#2686 = ORIENTED_EDGE('',*,*,#2687,.T.);
#2687 = EDGE_CURVE('',#2663,#601,#2688,.T.);
#2688 = SURFACE_CURVE('',#2689,(#2693,#2700),.PCURVE_S1.);
#2689 = LINE('',#2690,#2691);
#2690 = CARTESIAN_POINT('',(1.,10.65,0.));
#2691 = VECTOR('',#2692,1.);
#2692 = DIRECTION('',(0.,0.,1.));
#2693 = PCURVE('',#645,#2694);
#2694 = DEFINITIONAL_REPRESENTATION('',(#2695),#2699);
#2695 = LINE('',#2696,#2697);
#2696 = CARTESIAN_POINT('',(0.,0.));
#2697 = VECTOR('',#2698,1.);
#2698 = DIRECTION('',(0.,-1.));
#2699 = ( GEOMETRIC_REPRESENTATION_CONTEXT(2) 
PARAMETRIC_REPRESENTATION_CONTEXT() REPRESENTATION_CONTEXT('2D SPACE',''
  ) );
#2700 = PCURVE('',#617,#2701);
#2701 = DEFINITIONAL_REPRESENTATION('',(#2702),#2706);
#2702 = LINE('',#2703,#2704);
#2703 = CARTESIAN_POINT('',(-1.570796326795,0.));
#2704 = VECTOR('',#2705,1.);
#2705 = DIRECTION('',(-0.,-1.));
#2706 = ( GEOMETRIC_REPRESENTATION_CONTEXT(2) 
PARAMETRIC_REPRESENTATION_CONTEXT() REPRESENTATION_CONTEXT('2D SPACE',''
  ) );
#2707 = ORIENTED_EDGE('',*,*,#629,.T.);
#2708 = ORIENTED_EDGE('',*,*,#2709,.T.);
#2709 = EDGE_CURVE('',#630,#2710,#2712,.T.);
#2710 = VERTEX_POINT('',#2711);
#2711 = CARTESIAN_POINT('',(2.4,10.65,8.9));
#2712 = SURFACE_CURVE('',#2713,(#2717,#2723),.PCURVE_S1.);
#2713 = LINE('',#2714,#2715);
#2714 = CARTESIAN_POINT('',(2.4,10.65,4.45));
#2715 = VECTOR('',#2716,1.);
#2716 = DIRECTION('',(0.,0.,-1.));
#2717 = PCURVE('',#645,#2718);
#2718 = DEFINITIONAL_REPRESENTATION('',(#2719),#2722);
#2719 = B_SPLINE_CURVE_WITH_KNOTS('',1,(#2720,#2721),.UNSPECIFIED.,.F.,
  .F.,(2,2),(-11.75,-4.45),.PIECEWISE_BEZIER_KNOTS.);
#2720 = CARTESIAN_POINT('',(1.4,-16.2));
#2721 = CARTESIAN_POINT('',(1.4,-8.9));
#2722 = ( GEOMETRIC_REPRESENTATION_CONTEXT(2) 
PARAMETRIC_REPRESENTATION_CONTEXT() REPRESENTATION_CONTEXT('2D SPACE',''
  ) );
#2723 = PCURVE('',#673,#2724);
#2724 = DEFINITIONAL_REPRESENTATION('',(#2725),#2728);
#2725 = B_SPLINE_CURVE_WITH_KNOTS('',1,(#2726,#2727),.UNSPECIFIED.,.F.,
  .F.,(2,2),(-11.75,-4.45),.PIECEWISE_BEZIER_KNOTS.);
#2726 = CARTESIAN_POINT('',(7.3,-0.6));
#2727 = CARTESIAN_POINT('',(0.,-0.6));
#2728 = ( GEOMETRIC_REPRESENTATION_CONTEXT(2) 
PARAMETRIC_REPRESENTATION_CONTEXT() REPRESENTATION_CONTEXT('2D SPACE',''
  ) );
#2729 = ORIENTED_EDGE('',*,*,#2730,.T.);
#2730 = EDGE_CURVE('',#2710,#2731,#2733,.T.);
#2731 = VERTEX_POINT('',#2732);
#2732 = CARTESIAN_POINT('',(2.470177871865,10.65,8.9));
#2733 = SURFACE_CURVE('',#2734,(#2738,#2744),.PCURVE_S1.);
#2734 = LINE('',#2735,#2736);
#2735 = CARTESIAN_POINT('',(3.,10.65,8.9));
#2736 = VECTOR('',#2737,1.);
#2737 = DIRECTION('',(1.,0.,0.));
#2738 = PCURVE('',#645,#2739);
#2739 = DEFINITIONAL_REPRESENTATION('',(#2740),#2743);
#2740 = B_SPLINE_CURVE_WITH_KNOTS('',1,(#2741,#2742),.UNSPECIFIED.,.F.,
  .F.,(2,2),(-0.6,-0.306512518934),.PIECEWISE_BEZIER_KNOTS.);
#2741 = CARTESIAN_POINT('',(1.4,-8.9));
#2742 = CARTESIAN_POINT('',(1.693487481066,-8.9));
#2743 = ( GEOMETRIC_REPRESENTATION_CONTEXT(2) 
PARAMETRIC_REPRESENTATION_CONTEXT() REPRESENTATION_CONTEXT('2D SPACE',''
  ) );
#2744 = PCURVE('',#2745,#2750);
#2745 = PLANE('',#2746);
#2746 = AXIS2_PLACEMENT_3D('',#2747,#2748,#2749);
#2747 = CARTESIAN_POINT('',(5.,10.05,8.9));
#2748 = DIRECTION('',(0.,0.,1.));
#2749 = DIRECTION('',(1.,0.,0.));
#2750 = DEFINITIONAL_REPRESENTATION('',(#2751),#2754);
#2751 = B_SPLINE_CURVE_WITH_KNOTS('',1,(#2752,#2753),.UNSPECIFIED.,.F.,
  .F.,(2,2),(-0.6,-0.306512518934),.PIECEWISE_BEZIER_KNOTS.);
#2752 = CARTESIAN_POINT('',(-2.6,0.6));
#2753 = CARTESIAN_POINT('',(-2.306512518934,0.6));
#2754 = ( GEOMETRIC_REPRESENTATION_CONTEXT(2) 
PARAMETRIC_REPRESENTATION_CONTEXT() REPRESENTATION_CONTEXT('2D SPACE',''
  ) );
#2755 = ORIENTED_EDGE('',*,*,#2756,.T.);
#2756 = EDGE_CURVE('',#2731,#2757,#2759,.T.);
#2757 = VERTEX_POINT('',#2758);
#2758 = CARTESIAN_POINT('',(7.529822128135,10.65,8.9));
#2759 = SURFACE_CURVE('',#2760,(#2765,#2772),.PCURVE_S1.);
#2760 = HYPERBOLA('',#2761,0.6,0.6);
#2761 = AXIS2_PLACEMENT_3D('',#2762,#2763,#2764);
#2762 = CARTESIAN_POINT('',(5.,10.65,6.3));
#2763 = DIRECTION('',(0.,1.,0.));
#2764 = DIRECTION('',(0.,-0.,1.));
#2765 = PCURVE('',#645,#2766);
#2766 = DEFINITIONAL_REPRESENTATION('',(#2767),#2771);
#2767 = ( BOUNDED_CURVE() B_SPLINE_CURVE(2,(#2768,#2769,#2770),
.UNSPECIFIED.,.F.,.F.) B_SPLINE_CURVE_WITH_KNOTS((3,3),(-2.145896609469,
2.145896609469),.PIECEWISE_BEZIER_KNOTS.) CURVE() 
GEOMETRIC_REPRESENTATION_ITEM() RATIONAL_B_SPLINE_CURVE((1.,
4.333333333333,1.)) REPRESENTATION_ITEM('') );
#2768 = CARTESIAN_POINT('',(1.470177871865,-8.9));
#2769 = CARTESIAN_POINT('',(4.,-6.438461538462));
#2770 = CARTESIAN_POINT('',(6.529822128135,-8.9));
#2771 = ( GEOMETRIC_REPRESENTATION_CONTEXT(2) 
PARAMETRIC_REPRESENTATION_CONTEXT() REPRESENTATION_CONTEXT('2D SPACE',''
  ) );
#2772 = PCURVE('',#2773,#2778);
#2773 = CONICAL_SURFACE('',#2774,0.,0.785398163397);
#2774 = AXIS2_PLACEMENT_3D('',#2775,#2776,#2777);
#2775 = CARTESIAN_POINT('',(5.,10.05,6.3));
#2776 = DIRECTION('',(0.,0.,1.));
#2777 = DIRECTION('',(1.,0.,0.));
#2778 = DEFINITIONAL_REPRESENTATION('',(#2779),#2810);
#2779 = B_SPLINE_CURVE_WITH_KNOTS('',8,(#2780,#2781,#2782,#2783,#2784,
    #2785,#2786,#2787,#2788,#2789,#2790,#2791,#2792,#2793,#2794,#2795,
    #2796,#2797,#2798,#2799,#2800,#2801,#2802,#2803,#2804,#2805,#2806,
    #2807,#2808,#2809),.UNSPECIFIED.,.F.,.F.,(9,7,7,7,9),(
    -2.145896609469,-1.072948304735,-0.268237076184,0.938829766643,
    2.145896609469),.UNSPECIFIED.);
#2780 = CARTESIAN_POINT('',(2.908724475332,2.6));
#2781 = CARTESIAN_POINT('',(2.877774043464,2.260703954542));
#2782 = CARTESIAN_POINT('',(2.84220759212,1.974857237596));
#2783 = CARTESIAN_POINT('',(2.801267507192,1.733160322481));
#2784 = CARTESIAN_POINT('',(2.75407355513,1.528362488505));
#2785 = CARTESIAN_POINT('',(2.699631107931,1.354733416768));
#2786 = CARTESIAN_POINT('',(2.636843398995,1.207713487471));
#2787 = CARTESIAN_POINT('',(2.564665113607,1.083683670003));
#2788 = CARTESIAN_POINT('',(2.420936745881,0.901880067446));
#2789 = CARTESIAN_POINT('',(2.353740752941,0.835294176659));
#2790 = CARTESIAN_POINT('',(2.280708582668,0.778836936664));
#2791 = CARTESIAN_POINT('',(2.201756424828,0.731551517004));
#2792 = CARTESIAN_POINT('',(2.117038478513,0.692686959893));
#2793 = CARTESIAN_POINT('',(2.027100800832,0.661671998112));
#2794 = CARTESIAN_POINT('',(1.932948986146,0.638098913476));
#2795 = CARTESIAN_POINT('',(1.69026007325,0.597139313892));
#2796 = CARTESIAN_POINT('',(1.538068343837,0.58873936425));
#2797 = CARTESIAN_POINT('',(1.383660634665,0.59566266438));
#2798 = CARTESIAN_POINT('',(1.232821546507,0.617842312166));
#2799 = CARTESIAN_POINT('',(1.091875457444,0.655934774698));
#2800 = CARTESIAN_POINT('',(0.963282822287,0.71135355732));
#2801 = CARTESIAN_POINT('',(0.84795604669,0.786382211198));
#2802 = CARTESIAN_POINT('',(0.643234691932,0.982461362921));
#2803 = CARTESIAN_POINT('',(0.553840856257,1.103511679757));
#2804 = CARTESIAN_POINT('',(0.477139273529,1.250975023993));
#2805 = CARTESIAN_POINT('',(0.411708660604,1.42936652464));
#2806 = CARTESIAN_POINT('',(0.355932041951,1.644575620756));
#2807 = CARTESIAN_POINT('',(0.308348455365,1.904230609111));
#2808 = CARTESIAN_POINT('',(0.267687414109,2.21829194886));
#2809 = CARTESIAN_POINT('',(0.232868178258,2.6));
#2810 = ( GEOMETRIC_REPRESENTATION_CONTEXT(2) 
PARAMETRIC_REPRESENTATION_CONTEXT() REPRESENTATION_CONTEXT('2D SPACE',''
  ) );
#2811 = ORIENTED_EDGE('',*,*,#2812,.T.);
#2812 = EDGE_CURVE('',#2757,#2813,#2815,.T.);
#2813 = VERTEX_POINT('',#2814);
#2814 = CARTESIAN_POINT('',(7.6,10.65,8.9));
#2815 = SURFACE_CURVE('',#2816,(#2820,#2826),.PCURVE_S1.);
#2816 = LINE('',#2817,#2818);
#2817 = CARTESIAN_POINT('',(3.,10.65,8.9));
#2818 = VECTOR('',#2819,1.);
#2819 = DIRECTION('',(1.,0.,0.));
#2820 = PCURVE('',#645,#2821);
#2821 = DEFINITIONAL_REPRESENTATION('',(#2822),#2825);
#2822 = B_SPLINE_CURVE_WITH_KNOTS('',1,(#2823,#2824),.UNSPECIFIED.,.F.,
  .F.,(2,2),(4.306512518934,4.6),.PIECEWISE_BEZIER_KNOTS.);
#2823 = CARTESIAN_POINT('',(6.306512518934,-8.9));
#2824 = CARTESIAN_POINT('',(6.6,-8.9));
#2825 = ( GEOMETRIC_REPRESENTATION_CONTEXT(2) 
PARAMETRIC_REPRESENTATION_CONTEXT() REPRESENTATION_CONTEXT('2D SPACE',''
  ) );
#2826 = PCURVE('',#2827,#2832);
#2827 = PLANE('',#2828);
#2828 = AXIS2_PLACEMENT_3D('',#2829,#2830,#2831);
#2829 = CARTESIAN_POINT('',(5.,10.05,8.9));
#2830 = DIRECTION('',(0.,0.,1.));
#2831 = DIRECTION('',(1.,0.,0.));
#2832 = DEFINITIONAL_REPRESENTATION('',(#2833),#2836);
#2833 = B_SPLINE_CURVE_WITH_KNOTS('',1,(#2834,#2835),.UNSPECIFIED.,.F.,
  .F.,(2,2),(4.306512518934,4.6),.PIECEWISE_BEZIER_KNOTS.);
#2834 = CARTESIAN_POINT('',(2.306512518934,0.6));
#2835 = CARTESIAN_POINT('',(2.6,0.6));
#2836 = ( GEOMETRIC_REPRESENTATION_CONTEXT(2) 
PARAMETRIC_REPRESENTATION_CONTEXT() REPRESENTATION_CONTEXT('2D SPACE',''
  ) );
#2837 = ORIENTED_EDGE('',*,*,#2838,.F.);
#2838 = EDGE_CURVE('',#715,#2813,#2839,.T.);
#2839 = SURFACE_CURVE('',#2840,(#2844,#2850),.PCURVE_S1.);
#2840 = LINE('',#2841,#2842);
#2841 = CARTESIAN_POINT('',(7.6,10.65,4.45));
#2842 = VECTOR('',#2843,1.);
#2843 = DIRECTION('',(0.,0.,-1.));
#2844 = PCURVE('',#645,#2845);
#2845 = DEFINITIONAL_REPRESENTATION('',(#2846),#2849);
#2846 = B_SPLINE_CURVE_WITH_KNOTS('',1,(#2847,#2848),.UNSPECIFIED.,.F.,
  .F.,(2,2),(-11.75,-4.45),.PIECEWISE_BEZIER_KNOTS.);
#2847 = CARTESIAN_POINT('',(6.6,-16.2));
#2848 = CARTESIAN_POINT('',(6.6,-8.9));
#2849 = ( GEOMETRIC_REPRESENTATION_CONTEXT(2) 
PARAMETRIC_REPRESENTATION_CONTEXT() REPRESENTATION_CONTEXT('2D SPACE',''
  ) );
#2850 = PCURVE('',#730,#2851);
#2851 = DEFINITIONAL_REPRESENTATION('',(#2852),#2855);
#2852 = B_SPLINE_CURVE_WITH_KNOTS('',1,(#2853,#2854),.UNSPECIFIED.,.F.,
  .F.,(2,2),(-11.75,-4.45),.PIECEWISE_BEZIER_KNOTS.);
#2853 = CARTESIAN_POINT('',(7.3,-0.6));
#2854 = CARTESIAN_POINT('',(0.,-0.6));
#2855 = ( GEOMETRIC_REPRESENTATION_CONTEXT(2) 
PARAMETRIC_REPRESENTATION_CONTEXT() REPRESENTATION_CONTEXT('2D SPACE',''
  ) );
#2856 = ORIENTED_EDGE('',*,*,#742,.T.);
#2857 = ORIENTED_EDGE('',*,*,#2858,.T.);
#2858 = EDGE_CURVE('',#743,#2859,#2861,.T.);
#2859 = VERTEX_POINT('',#2860);
#2860 = CARTESIAN_POINT('',(20.25,10.65,8.9));
#2861 = SURFACE_CURVE('',#2862,(#2866,#2872),.PCURVE_S1.);
#2862 = LINE('',#2863,#2864);
#2863 = CARTESIAN_POINT('',(20.25,10.65,4.45));
#2864 = VECTOR('',#2865,1.);
#2865 = DIRECTION('',(0.,0.,-1.));
#2866 = PCURVE('',#645,#2867);
#2867 = DEFINITIONAL_REPRESENTATION('',(#2868),#2871);
#2868 = B_SPLINE_CURVE_WITH_KNOTS('',1,(#2869,#2870),.UNSPECIFIED.,.F.,
  .F.,(2,2),(-11.75,-4.45),.PIECEWISE_BEZIER_KNOTS.);
#2869 = CARTESIAN_POINT('',(19.25,-16.2));
#2870 = CARTESIAN_POINT('',(19.25,-8.9));
#2871 = ( GEOMETRIC_REPRESENTATION_CONTEXT(2) 
PARAMETRIC_REPRESENTATION_CONTEXT() REPRESENTATION_CONTEXT('2D SPACE',''
  ) );
#2872 = PCURVE('',#781,#2873);
#2873 = DEFINITIONAL_REPRESENTATION('',(#2874),#2877);
#2874 = B_SPLINE_CURVE_WITH_KNOTS('',1,(#2875,#2876),.UNSPECIFIED.,.F.,
  .F.,(2,2),(-11.75,-4.45),.PIECEWISE_BEZIER_KNOTS.);
#2875 = CARTESIAN_POINT('',(7.3,-0.6));
#2876 = CARTESIAN_POINT('',(0.,-0.6));
#2877 = ( GEOMETRIC_REPRESENTATION_CONTEXT(2) 
PARAMETRIC_REPRESENTATION_CONTEXT() REPRESENTATION_CONTEXT('2D SPACE',''
  ) );
#2878 = ORIENTED_EDGE('',*,*,#2879,.T.);
#2879 = EDGE_CURVE('',#2859,#2880,#2882,.T.);
#2880 = VERTEX_POINT('',#2881);
#2881 = CARTESIAN_POINT('',(20.320177871865,10.65,8.9));
#2882 = SURFACE_CURVE('',#2883,(#2887,#2893),.PCURVE_S1.);
#2883 = LINE('',#2884,#2885);
#2884 = CARTESIAN_POINT('',(11.925,10.65,8.9));
#2885 = VECTOR('',#2886,1.);
#2886 = DIRECTION('',(1.,0.,0.));
#2887 = PCURVE('',#645,#2888);
#2888 = DEFINITIONAL_REPRESENTATION('',(#2889),#2892);
#2889 = B_SPLINE_CURVE_WITH_KNOTS('',1,(#2890,#2891),.UNSPECIFIED.,.F.,
  .F.,(2,2),(8.325,8.618487481066),.PIECEWISE_BEZIER_KNOTS.);
#2890 = CARTESIAN_POINT('',(19.25,-8.9));
#2891 = CARTESIAN_POINT('',(19.543487481066,-8.9));
#2892 = ( GEOMETRIC_REPRESENTATION_CONTEXT(2) 
PARAMETRIC_REPRESENTATION_CONTEXT() REPRESENTATION_CONTEXT('2D SPACE',''
  ) );
#2893 = PCURVE('',#2894,#2899);
#2894 = PLANE('',#2895);
#2895 = AXIS2_PLACEMENT_3D('',#2896,#2897,#2898);
#2896 = CARTESIAN_POINT('',(22.85,10.05,8.9));
#2897 = DIRECTION('',(0.,0.,1.));
#2898 = DIRECTION('',(1.,0.,0.));
#2899 = DEFINITIONAL_REPRESENTATION('',(#2900),#2903);
#2900 = B_SPLINE_CURVE_WITH_KNOTS('',1,(#2901,#2902),.UNSPECIFIED.,.F.,
  .F.,(2,2),(8.325,8.618487481066),.PIECEWISE_BEZIER_KNOTS.);
#2901 = CARTESIAN_POINT('',(-2.6,0.6));
#2902 = CARTESIAN_POINT('',(-2.306512518934,0.6));
#2903 = ( GEOMETRIC_REPRESENTATION_CONTEXT(2) 
PARAMETRIC_REPRESENTATION_CONTEXT() REPRESENTATION_CONTEXT('2D SPACE',''
  ) );
#2904 = ORIENTED_EDGE('',*,*,#2905,.T.);
#2905 = EDGE_CURVE('',#2880,#2906,#2908,.T.);
#2906 = VERTEX_POINT('',#2907);
#2907 = CARTESIAN_POINT('',(25.379822128135,10.65,8.9));
#2908 = SURFACE_CURVE('',#2909,(#2914,#2921),.PCURVE_S1.);
#2909 = HYPERBOLA('',#2910,0.6,0.6);
#2910 = AXIS2_PLACEMENT_3D('',#2911,#2912,#2913);
#2911 = CARTESIAN_POINT('',(22.85,10.65,6.3));
#2912 = DIRECTION('',(0.,1.,0.));
#2913 = DIRECTION('',(0.,-0.,1.));
#2914 = PCURVE('',#645,#2915);
#2915 = DEFINITIONAL_REPRESENTATION('',(#2916),#2920);
#2916 = ( BOUNDED_CURVE() B_SPLINE_CURVE(2,(#2917,#2918,#2919),
.UNSPECIFIED.,.F.,.F.) B_SPLINE_CURVE_WITH_KNOTS((3,3),(-2.145896609469,
2.145896609469),.PIECEWISE_BEZIER_KNOTS.) CURVE() 
GEOMETRIC_REPRESENTATION_ITEM() RATIONAL_B_SPLINE_CURVE((1.,
4.333333333333,1.)) REPRESENTATION_ITEM('') );
#2917 = CARTESIAN_POINT('',(19.320177871865,-8.9));
#2918 = CARTESIAN_POINT('',(21.85,-6.438461538462));
#2919 = CARTESIAN_POINT('',(24.379822128135,-8.9));
#2920 = ( GEOMETRIC_REPRESENTATION_CONTEXT(2) 
PARAMETRIC_REPRESENTATION_CONTEXT() REPRESENTATION_CONTEXT('2D SPACE',''
  ) );
#2921 = PCURVE('',#2922,#2927);
#2922 = CONICAL_SURFACE('',#2923,0.,0.785398163397);
#2923 = AXIS2_PLACEMENT_3D('',#2924,#2925,#2926);
#2924 = CARTESIAN_POINT('',(22.85,10.05,6.3));
#2925 = DIRECTION('',(0.,0.,1.));
#2926 = DIRECTION('',(1.,0.,0.));
#2927 = DEFINITIONAL_REPRESENTATION('',(#2928),#2959);
#2928 = B_SPLINE_CURVE_WITH_KNOTS('',8,(#2929,#2930,#2931,#2932,#2933,
    #2934,#2935,#2936,#2937,#2938,#2939,#2940,#2941,#2942,#2943,#2944,
    #2945,#2946,#2947,#2948,#2949,#2950,#2951,#2952,#2953,#2954,#2955,
    #2956,#2957,#2958),.UNSPECIFIED.,.F.,.F.,(9,7,7,7,9),(
    -2.145896609469,-1.072948304735,-0.268237076184,0.938829766643,
    2.145896609469),.UNSPECIFIED.);
#2929 = CARTESIAN_POINT('',(2.908724475332,2.6));
#2930 = CARTESIAN_POINT('',(2.877774043464,2.260703954542));
#2931 = CARTESIAN_POINT('',(2.842207592119,1.974857237596));
#2932 = CARTESIAN_POINT('',(2.801267507192,1.733160322481));
#2933 = CARTESIAN_POINT('',(2.75407355513,1.528362488505));
#2934 = CARTESIAN_POINT('',(2.69963110793,1.354733416768));
#2935 = CARTESIAN_POINT('',(2.636843398996,1.207713487471));
#2936 = CARTESIAN_POINT('',(2.564665113607,1.083683670003));
#2937 = CARTESIAN_POINT('',(2.420936745881,0.901880067446));
#2938 = CARTESIAN_POINT('',(2.35374075294,0.835294176659));
#2939 = CARTESIAN_POINT('',(2.280708582669,0.778836936664));
#2940 = CARTESIAN_POINT('',(2.201756424828,0.731551517003));
#2941 = CARTESIAN_POINT('',(2.117038478512,0.692686959893));
#2942 = CARTESIAN_POINT('',(2.027100800832,0.661671998112));
#2943 = CARTESIAN_POINT('',(1.932948986146,0.638098913476));
#2944 = CARTESIAN_POINT('',(1.69026007325,0.597139313892));
#2945 = CARTESIAN_POINT('',(1.538068343836,0.58873936425));
#2946 = CARTESIAN_POINT('',(1.383660634667,0.59566266438));
#2947 = CARTESIAN_POINT('',(1.232821546499,0.617842312166));
#2948 = CARTESIAN_POINT('',(1.091875457444,0.655934774697));
#2949 = CARTESIAN_POINT('',(0.963282822286,0.71135355732));
#2950 = CARTESIAN_POINT('',(0.84795604669,0.786382211198));
#2951 = CARTESIAN_POINT('',(0.643234691932,0.982461362921));
#2952 = CARTESIAN_POINT('',(0.553840856257,1.103511679757));
#2953 = CARTESIAN_POINT('',(0.477139273529,1.250975023992));
#2954 = CARTESIAN_POINT('',(0.411708660604,1.42936652464));
#2955 = CARTESIAN_POINT('',(0.355932041951,1.644575620756));
#2956 = CARTESIAN_POINT('',(0.308348455365,1.904230609111));
#2957 = CARTESIAN_POINT('',(0.267687414109,2.21829194886));
#2958 = CARTESIAN_POINT('',(0.232868178258,2.6));
#2959 = ( GEOMETRIC_REPRESENTATION_CONTEXT(2) 
PARAMETRIC_REPRESENTATION_CONTEXT() REPRESENTATION_CONTEXT('2D SPACE',''
  ) );
#2960 = ORIENTED_EDGE('',*,*,#2961,.T.);
#2961 = EDGE_CURVE('',#2906,#2962,#2964,.T.);
#2962 = VERTEX_POINT('',#2963);
#2963 = CARTESIAN_POINT('',(25.45,10.65,8.9));
#2964 = SURFACE_CURVE('',#2965,(#2969,#2975),.PCURVE_S1.);
#2965 = LINE('',#2966,#2967);
#2966 = CARTESIAN_POINT('',(11.925,10.65,8.9));
#2967 = VECTOR('',#2968,1.);
#2968 = DIRECTION('',(1.,0.,0.));
#2969 = PCURVE('',#645,#2970);
#2970 = DEFINITIONAL_REPRESENTATION('',(#2971),#2974);
#2971 = B_SPLINE_CURVE_WITH_KNOTS('',1,(#2972,#2973),.UNSPECIFIED.,.F.,
  .F.,(2,2),(13.231512518934,13.525),.PIECEWISE_BEZIER_KNOTS.);
#2972 = CARTESIAN_POINT('',(24.156512518934,-8.9));
#2973 = CARTESIAN_POINT('',(24.45,-8.9));
#2974 = ( GEOMETRIC_REPRESENTATION_CONTEXT(2) 
PARAMETRIC_REPRESENTATION_CONTEXT() REPRESENTATION_CONTEXT('2D SPACE',''
  ) );
#2975 = PCURVE('',#2976,#2981);
#2976 = PLANE('',#2977);
#2977 = AXIS2_PLACEMENT_3D('',#2978,#2979,#2980);
#2978 = CARTESIAN_POINT('',(22.85,10.05,8.9));
#2979 = DIRECTION('',(0.,0.,1.));
#2980 = DIRECTION('',(1.,0.,0.));
#2981 = DEFINITIONAL_REPRESENTATION('',(#2982),#2985);
#2982 = B_SPLINE_CURVE_WITH_KNOTS('',1,(#2983,#2984),.UNSPECIFIED.,.F.,
  .F.,(2,2),(13.231512518934,13.525),.PIECEWISE_BEZIER_KNOTS.);
#2983 = CARTESIAN_POINT('',(2.306512518934,0.6));
#2984 = CARTESIAN_POINT('',(2.6,0.6));
#2985 = ( GEOMETRIC_REPRESENTATION_CONTEXT(2) 
PARAMETRIC_REPRESENTATION_CONTEXT() REPRESENTATION_CONTEXT('2D SPACE',''
  ) );
#2986 = ORIENTED_EDGE('',*,*,#2987,.F.);
#2987 = EDGE_CURVE('',#823,#2962,#2988,.T.);
#2988 = SURFACE_CURVE('',#2989,(#2993,#2999),.PCURVE_S1.);
#2989 = LINE('',#2990,#2991);
#2990 = CARTESIAN_POINT('',(25.45,10.65,4.45));
#2991 = VECTOR('',#2992,1.);
#2992 = DIRECTION('',(0.,0.,-1.));
#2993 = PCURVE('',#645,#2994);
#2994 = DEFINITIONAL_REPRESENTATION('',(#2995),#2998);
#2995 = B_SPLINE_CURVE_WITH_KNOTS('',1,(#2996,#2997),.UNSPECIFIED.,.F.,
  .F.,(2,2),(-11.75,-4.45),.PIECEWISE_BEZIER_KNOTS.);
#2996 = CARTESIAN_POINT('',(24.45,-16.2));
#2997 = CARTESIAN_POINT('',(24.45,-8.9));
#2998 = ( GEOMETRIC_REPRESENTATION_CONTEXT(2) 
PARAMETRIC_REPRESENTATION_CONTEXT() REPRESENTATION_CONTEXT('2D SPACE',''
  ) );
#2999 = PCURVE('',#838,#3000);
#3000 = DEFINITIONAL_REPRESENTATION('',(#3001),#3004);
#3001 = B_SPLINE_CURVE_WITH_KNOTS('',1,(#3002,#3003),.UNSPECIFIED.,.F.,
  .F.,(2,2),(-11.75,-4.45),.PIECEWISE_BEZIER_KNOTS.);
#3002 = CARTESIAN_POINT('',(7.3,-0.6));
#3003 = CARTESIAN_POINT('',(0.,-0.6));
#3004 = ( GEOMETRIC_REPRESENTATION_CONTEXT(2) 
PARAMETRIC_REPRESENTATION_CONTEXT() REPRESENTATION_CONTEXT('2D SPACE',''
  ) );
#3005 = ORIENTED_EDGE('',*,*,#850,.T.);
#3006 = ORIENTED_EDGE('',*,*,#2520,.F.);
#3007 = ORIENTED_EDGE('',*,*,#3008,.F.);
#3008 = EDGE_CURVE('',#3009,#2521,#3011,.T.);
#3009 = VERTEX_POINT('',#3010);
#3010 = CARTESIAN_POINT('',(47.2,10.65,9.3));
#3011 = SURFACE_CURVE('',#3012,(#3016,#3022),.PCURVE_S1.);
#3012 = LINE('',#3013,#3014);
#3013 = CARTESIAN_POINT('',(24.1,10.65,9.3));
#3014 = VECTOR('',#3015,1.);
#3015 = DIRECTION('',(1.,0.,0.));
#3016 = PCURVE('',#645,#3017);
#3017 = DEFINITIONAL_REPRESENTATION('',(#3018),#3021);
#3018 = B_SPLINE_CURVE_WITH_KNOTS('',1,(#3019,#3020),.UNSPECIFIED.,.F.,
  .F.,(2,2),(23.1,24.1),.PIECEWISE_BEZIER_KNOTS.);
#3019 = CARTESIAN_POINT('',(46.2,-9.3));
#3020 = CARTESIAN_POINT('',(47.2,-9.3));
#3021 = ( GEOMETRIC_REPRESENTATION_CONTEXT(2) 
PARAMETRIC_REPRESENTATION_CONTEXT() REPRESENTATION_CONTEXT('2D SPACE',''
  ) );
#3022 = PCURVE('',#2560,#3023);
#3023 = DEFINITIONAL_REPRESENTATION('',(#3024),#3027);
#3024 = B_SPLINE_CURVE_WITH_KNOTS('',1,(#3025,#3026),.UNSPECIFIED.,.F.,
  .F.,(2,2),(23.1,24.1),.PIECEWISE_BEZIER_KNOTS.);
#3025 = CARTESIAN_POINT('',(2.95,0.));
#3026 = CARTESIAN_POINT('',(2.95,-1.));
#3027 = ( GEOMETRIC_REPRESENTATION_CONTEXT(2) 
PARAMETRIC_REPRESENTATION_CONTEXT() REPRESENTATION_CONTEXT('2D SPACE',''
  ) );
#3028 = ORIENTED_EDGE('',*,*,#3029,.F.);
#3029 = EDGE_CURVE('',#3030,#3009,#3032,.T.);
#3030 = VERTEX_POINT('',#3031);
#3031 = CARTESIAN_POINT('',(47.2,10.65,6.35));
#3032 = SURFACE_CURVE('',#3033,(#3037,#3043),.PCURVE_S1.);
#3033 = LINE('',#3034,#3035);
#3034 = CARTESIAN_POINT('',(47.2,10.65,4.756844828837));
#3035 = VECTOR('',#3036,1.);
#3036 = DIRECTION('',(-0.,0.,1.));
#3037 = PCURVE('',#645,#3038);
#3038 = DEFINITIONAL_REPRESENTATION('',(#3039),#3042);
#3039 = B_SPLINE_CURVE_WITH_KNOTS('',1,(#3040,#3041),.UNSPECIFIED.,.F.,
  .F.,(2,2),(1.093155171163,6.493155171163),.PIECEWISE_BEZIER_KNOTS.);
#3040 = CARTESIAN_POINT('',(46.2,-5.85));
#3041 = CARTESIAN_POINT('',(46.2,-11.25));
#3042 = ( GEOMETRIC_REPRESENTATION_CONTEXT(2) 
PARAMETRIC_REPRESENTATION_CONTEXT() REPRESENTATION_CONTEXT('2D SPACE',''
  ) );
#3043 = PCURVE('',#3044,#3049);
#3044 = PLANE('',#3045);
#3045 = AXIS2_PLACEMENT_3D('',#3046,#3047,#3048);
#3046 = CARTESIAN_POINT('',(47.2,9.437203644322,9.513689657675));
#3047 = DIRECTION('',(-1.,0.,-0.));
#3048 = DIRECTION('',(0.,-1.,0.));
#3049 = DEFINITIONAL_REPRESENTATION('',(#3050),#3053);
#3050 = B_SPLINE_CURVE_WITH_KNOTS('',1,(#3051,#3052),.UNSPECIFIED.,.F.,
  .F.,(2,2),(1.093155171163,6.493155171163),.PIECEWISE_BEZIER_KNOTS.);
#3051 = CARTESIAN_POINT('',(-1.212796355678,-3.663689657675));
#3052 = CARTESIAN_POINT('',(-1.212796355678,1.736310342325));
#3053 = ( GEOMETRIC_REPRESENTATION_CONTEXT(2) 
PARAMETRIC_REPRESENTATION_CONTEXT() REPRESENTATION_CONTEXT('2D SPACE',''
  ) );
#3054 = ORIENTED_EDGE('',*,*,#3055,.F.);
#3055 = EDGE_CURVE('',#3056,#3030,#3058,.T.);
#3056 = VERTEX_POINT('',#3057);
#3057 = CARTESIAN_POINT('',(48.2,10.65,6.35));
#3058 = SURFACE_CURVE('',#3059,(#3063,#3069),.PCURVE_S1.);
#3059 = LINE('',#3060,#3061);
#3060 = CARTESIAN_POINT('',(24.1,10.65,6.35));
#3061 = VECTOR('',#3062,1.);
#3062 = DIRECTION('',(-1.,0.,-0.));
#3063 = PCURVE('',#645,#3064);
#3064 = DEFINITIONAL_REPRESENTATION('',(#3065),#3068);
#3065 = B_SPLINE_CURVE_WITH_KNOTS('',1,(#3066,#3067),.UNSPECIFIED.,.F.,
  .F.,(2,2),(-24.1,-23.1),.PIECEWISE_BEZIER_KNOTS.);
#3066 = CARTESIAN_POINT('',(47.2,-6.35));
#3067 = CARTESIAN_POINT('',(46.2,-6.35));
#3068 = ( GEOMETRIC_REPRESENTATION_CONTEXT(2) 
PARAMETRIC_REPRESENTATION_CONTEXT() REPRESENTATION_CONTEXT('2D SPACE',''
  ) );
#3069 = PCURVE('',#2449,#3070);
#3070 = DEFINITIONAL_REPRESENTATION('',(#3071),#3074);
#3071 = B_SPLINE_CURVE_WITH_KNOTS('',1,(#3072,#3073),.UNSPECIFIED.,.F.,
  .F.,(2,2),(-24.1,-23.1),.PIECEWISE_BEZIER_KNOTS.);
#3072 = CARTESIAN_POINT('',(0.707106781187,-1.));
#3073 = CARTESIAN_POINT('',(0.707106781187,0.));
#3074 = ( GEOMETRIC_REPRESENTATION_CONTEXT(2) 
PARAMETRIC_REPRESENTATION_CONTEXT() REPRESENTATION_CONTEXT('2D SPACE',''
  ) );
#3075 = ORIENTED_EDGE('',*,*,#3076,.F.);
#3076 = EDGE_CURVE('',#3077,#3056,#3079,.T.);
#3077 = VERTEX_POINT('',#3078);
#3078 = CARTESIAN_POINT('',(48.2,10.65,0.));
#3079 = SURFACE_CURVE('',#3080,(#3084,#3091),.PCURVE_S1.);
#3080 = LINE('',#3081,#3082);
#3081 = CARTESIAN_POINT('',(48.2,10.65,0.));
#3082 = VECTOR('',#3083,1.);
#3083 = DIRECTION('',(0.,0.,1.));
#3084 = PCURVE('',#645,#3085);
#3085 = DEFINITIONAL_REPRESENTATION('',(#3086),#3090);
#3086 = LINE('',#3087,#3088);
#3087 = CARTESIAN_POINT('',(47.2,0.));
#3088 = VECTOR('',#3089,1.);
#3089 = DIRECTION('',(0.,-1.));
#3090 = ( GEOMETRIC_REPRESENTATION_CONTEXT(2) 
PARAMETRIC_REPRESENTATION_CONTEXT() REPRESENTATION_CONTEXT('2D SPACE',''
  ) );
#3091 = PCURVE('',#2475,#3092);
#3092 = DEFINITIONAL_REPRESENTATION('',(#3093),#3097);
#3093 = LINE('',#3094,#3095);
#3094 = CARTESIAN_POINT('',(-1.570796326795,0.));
#3095 = VECTOR('',#3096,1.);
#3096 = DIRECTION('',(-0.,-1.));
#3097 = ( GEOMETRIC_REPRESENTATION_CONTEXT(2) 
PARAMETRIC_REPRESENTATION_CONTEXT() REPRESENTATION_CONTEXT('2D SPACE',''
  ) );
#3098 = ORIENTED_EDGE('',*,*,#3099,.F.);
#3099 = EDGE_CURVE('',#3100,#3077,#3102,.T.);
#3100 = VERTEX_POINT('',#3101);
#3101 = CARTESIAN_POINT('',(11.2,10.65,0.));
#3102 = SURFACE_CURVE('',#3103,(#3107,#3114),.PCURVE_S1.);
#3103 = LINE('',#3104,#3105);
#3104 = CARTESIAN_POINT('',(24.6,10.65,0.));
#3105 = VECTOR('',#3106,1.);
#3106 = DIRECTION('',(1.,0.,0.));
#3107 = PCURVE('',#645,#3108);
#3108 = DEFINITIONAL_REPRESENTATION('',(#3109),#3113);
#3109 = LINE('',#3110,#3111);
#3110 = CARTESIAN_POINT('',(23.6,0.));
#3111 = VECTOR('',#3112,1.);
#3112 = DIRECTION('',(1.,0.));
#3113 = ( GEOMETRIC_REPRESENTATION_CONTEXT(2) 
PARAMETRIC_REPRESENTATION_CONTEXT() REPRESENTATION_CONTEXT('2D SPACE',''
  ) );
#3114 = PCURVE('',#1830,#3115);
#3115 = DEFINITIONAL_REPRESENTATION('',(#3116),#3120);
#3116 = LINE('',#3117,#3118);
#3117 = CARTESIAN_POINT('',(-7.656069369312E-17,10.65));
#3118 = VECTOR('',#3119,1.);
#3119 = DIRECTION('',(1.,0.));
#3120 = ( GEOMETRIC_REPRESENTATION_CONTEXT(2) 
PARAMETRIC_REPRESENTATION_CONTEXT() REPRESENTATION_CONTEXT('2D SPACE',''
  ) );
#3121 = ORIENTED_EDGE('',*,*,#3122,.T.);
#3122 = EDGE_CURVE('',#3100,#3123,#3125,.T.);
#3123 = VERTEX_POINT('',#3124);
#3124 = CARTESIAN_POINT('',(11.2,10.65,1.5));
#3125 = SURFACE_CURVE('',#3126,(#3130,#3137),.PCURVE_S1.);
#3126 = LINE('',#3127,#3128);
#3127 = CARTESIAN_POINT('',(11.2,10.65,0.));
#3128 = VECTOR('',#3129,1.);
#3129 = DIRECTION('',(0.,0.,1.));
#3130 = PCURVE('',#645,#3131);
#3131 = DEFINITIONAL_REPRESENTATION('',(#3132),#3136);
#3132 = LINE('',#3133,#3134);
#3133 = CARTESIAN_POINT('',(10.2,0.));
#3134 = VECTOR('',#3135,1.);
#3135 = DIRECTION('',(0.,-1.));
#3136 = ( GEOMETRIC_REPRESENTATION_CONTEXT(2) 
PARAMETRIC_REPRESENTATION_CONTEXT() REPRESENTATION_CONTEXT('2D SPACE',''
  ) );
#3137 = PCURVE('',#3138,#3143);
#3138 = PLANE('',#3139);
#3139 = AXIS2_PLACEMENT_3D('',#3140,#3141,#3142);
#3140 = CARTESIAN_POINT('',(11.2,4.,0.));
#3141 = DIRECTION('',(1.,0.,-0.));
#3142 = DIRECTION('',(0.,0.,1.));
#3143 = DEFINITIONAL_REPRESENTATION('',(#3144),#3148);
#3144 = LINE('',#3145,#3146);
#3145 = CARTESIAN_POINT('',(0.,-6.65));
#3146 = VECTOR('',#3147,1.);
#3147 = DIRECTION('',(1.,0.));
#3148 = ( GEOMETRIC_REPRESENTATION_CONTEXT(2) 
PARAMETRIC_REPRESENTATION_CONTEXT() REPRESENTATION_CONTEXT('2D SPACE',''
  ) );
#3149 = ORIENTED_EDGE('',*,*,#3150,.F.);
#3150 = EDGE_CURVE('',#3151,#3123,#3153,.T.);
#3151 = VERTEX_POINT('',#3152);
#3152 = CARTESIAN_POINT('',(10.,10.65,1.5));
#3153 = SURFACE_CURVE('',#3154,(#3158,#3165),.PCURVE_S1.);
#3154 = LINE('',#3155,#3156);
#3155 = CARTESIAN_POINT('',(10.,10.65,1.5));
#3156 = VECTOR('',#3157,1.);
#3157 = DIRECTION('',(1.,0.,-0.));
#3158 = PCURVE('',#645,#3159);
#3159 = DEFINITIONAL_REPRESENTATION('',(#3160),#3164);
#3160 = LINE('',#3161,#3162);
#3161 = CARTESIAN_POINT('',(9.,-1.5));
#3162 = VECTOR('',#3163,1.);
#3163 = DIRECTION('',(1.,0.));
#3164 = ( GEOMETRIC_REPRESENTATION_CONTEXT(2) 
PARAMETRIC_REPRESENTATION_CONTEXT() REPRESENTATION_CONTEXT('2D SPACE',''
  ) );
#3165 = PCURVE('',#3166,#3171);
#3166 = PLANE('',#3167);
#3167 = AXIS2_PLACEMENT_3D('',#3168,#3169,#3170);
#3168 = CARTESIAN_POINT('',(10.,4.,1.5));
#3169 = DIRECTION('',(0.,0.,1.));
#3170 = DIRECTION('',(1.,0.,-0.));
#3171 = DEFINITIONAL_REPRESENTATION('',(#3172),#3176);
#3172 = LINE('',#3173,#3174);
#3173 = CARTESIAN_POINT('',(0.,6.65));
#3174 = VECTOR('',#3175,1.);
#3175 = DIRECTION('',(1.,0.));
#3176 = ( GEOMETRIC_REPRESENTATION_CONTEXT(2) 
PARAMETRIC_REPRESENTATION_CONTEXT() REPRESENTATION_CONTEXT('2D SPACE',''
  ) );
#3177 = ORIENTED_EDGE('',*,*,#3178,.F.);
#3178 = EDGE_CURVE('',#2665,#3151,#3179,.T.);
#3179 = SURFACE_CURVE('',#3180,(#3184,#3191),.PCURVE_S1.);
#3180 = LINE('',#3181,#3182);
#3181 = CARTESIAN_POINT('',(10.,10.65,0.));
#3182 = VECTOR('',#3183,1.);
#3183 = DIRECTION('',(0.,0.,1.));
#3184 = PCURVE('',#645,#3185);
#3185 = DEFINITIONAL_REPRESENTATION('',(#3186),#3190);
#3186 = LINE('',#3187,#3188);
#3187 = CARTESIAN_POINT('',(9.,0.));
#3188 = VECTOR('',#3189,1.);
#3189 = DIRECTION('',(0.,-1.));
#3190 = ( GEOMETRIC_REPRESENTATION_CONTEXT(2) 
PARAMETRIC_REPRESENTATION_CONTEXT() REPRESENTATION_CONTEXT('2D SPACE',''
  ) );
#3191 = PCURVE('',#3192,#3197);
#3192 = PLANE('',#3193);
#3193 = AXIS2_PLACEMENT_3D('',#3194,#3195,#3196);
#3194 = CARTESIAN_POINT('',(10.,4.,0.));
#3195 = DIRECTION('',(1.,0.,-0.));
#3196 = DIRECTION('',(0.,0.,1.));
#3197 = DEFINITIONAL_REPRESENTATION('',(#3198),#3202);
#3198 = LINE('',#3199,#3200);
#3199 = CARTESIAN_POINT('',(0.,-6.65));
#3200 = VECTOR('',#3201,1.);
#3201 = DIRECTION('',(1.,0.));
#3202 = ( GEOMETRIC_REPRESENTATION_CONTEXT(2) 
PARAMETRIC_REPRESENTATION_CONTEXT() REPRESENTATION_CONTEXT('2D SPACE',''
  ) );
#3203 = FACE_BOUND('',#3204,.F.);
#3204 = EDGE_LOOP('',(#3205,#3233,#3259,#3285));
#3205 = ORIENTED_EDGE('',*,*,#3206,.F.);
#3206 = EDGE_CURVE('',#3207,#3209,#3211,.T.);
#3207 = VERTEX_POINT('',#3208);
#3208 = CARTESIAN_POINT('',(27.05,10.65,9.3));
#3209 = VERTEX_POINT('',#3210);
#3210 = CARTESIAN_POINT('',(30.2,10.65,9.3));
#3211 = SURFACE_CURVE('',#3212,(#3216,#3222),.PCURVE_S1.);
#3212 = LINE('',#3213,#3214);
#3213 = CARTESIAN_POINT('',(14.025,10.65,9.3));
#3214 = VECTOR('',#3215,1.);
#3215 = DIRECTION('',(1.,0.,0.));
#3216 = PCURVE('',#645,#3217);
#3217 = DEFINITIONAL_REPRESENTATION('',(#3218),#3221);
#3218 = B_SPLINE_CURVE_WITH_KNOTS('',1,(#3219,#3220),.UNSPECIFIED.,.F.,
  .F.,(2,2),(13.025,16.175),.PIECEWISE_BEZIER_KNOTS.);
#3219 = CARTESIAN_POINT('',(26.05,-9.3));
#3220 = CARTESIAN_POINT('',(29.2,-9.3));
#3221 = ( GEOMETRIC_REPRESENTATION_CONTEXT(2) 
PARAMETRIC_REPRESENTATION_CONTEXT() REPRESENTATION_CONTEXT('2D SPACE',''
  ) );
#3222 = PCURVE('',#3223,#3228);
#3223 = PLANE('',#3224);
#3224 = AXIS2_PLACEMENT_3D('',#3225,#3226,#3227);
#3225 = CARTESIAN_POINT('',(27.05,7.7,9.3));
#3226 = DIRECTION('',(0.,0.,1.));
#3227 = DIRECTION('',(0.,1.,0.));
#3228 = DEFINITIONAL_REPRESENTATION('',(#3229),#3232);
#3229 = B_SPLINE_CURVE_WITH_KNOTS('',1,(#3230,#3231),.UNSPECIFIED.,.F.,
  .F.,(2,2),(13.025,16.175),.PIECEWISE_BEZIER_KNOTS.);
#3230 = CARTESIAN_POINT('',(2.95,0.));
#3231 = CARTESIAN_POINT('',(2.95,-3.15));
#3232 = ( GEOMETRIC_REPRESENTATION_CONTEXT(2) 
PARAMETRIC_REPRESENTATION_CONTEXT() REPRESENTATION_CONTEXT('2D SPACE',''
  ) );
#3233 = ORIENTED_EDGE('',*,*,#3234,.T.);
#3234 = EDGE_CURVE('',#3207,#3235,#3237,.T.);
#3235 = VERTEX_POINT('',#3236);
#3236 = CARTESIAN_POINT('',(27.05,10.65,6.35));
#3237 = SURFACE_CURVE('',#3238,(#3242,#3248),.PCURVE_S1.);
#3238 = LINE('',#3239,#3240);
#3239 = CARTESIAN_POINT('',(27.05,10.65,4.65));
#3240 = VECTOR('',#3241,1.);
#3241 = DIRECTION('',(0.,0.,-1.));
#3242 = PCURVE('',#645,#3243);
#3243 = DEFINITIONAL_REPRESENTATION('',(#3244),#3247);
#3244 = B_SPLINE_CURVE_WITH_KNOTS('',1,(#3245,#3246),.UNSPECIFIED.,.F.,
  .F.,(2,2),(-6.6,-1.2),.PIECEWISE_BEZIER_KNOTS.);
#3245 = CARTESIAN_POINT('',(26.05,-11.25));
#3246 = CARTESIAN_POINT('',(26.05,-5.85));
#3247 = ( GEOMETRIC_REPRESENTATION_CONTEXT(2) 
PARAMETRIC_REPRESENTATION_CONTEXT() REPRESENTATION_CONTEXT('2D SPACE',''
  ) );
#3248 = PCURVE('',#3249,#3254);
#3249 = PLANE('',#3250);
#3250 = AXIS2_PLACEMENT_3D('',#3251,#3252,#3253);
#3251 = CARTESIAN_POINT('',(27.05,7.2,9.3));
#3252 = DIRECTION('',(1.,0.,0.));
#3253 = DIRECTION('',(0.,0.,1.));
#3254 = DEFINITIONAL_REPRESENTATION('',(#3255),#3258);
#3255 = B_SPLINE_CURVE_WITH_KNOTS('',1,(#3256,#3257),.UNSPECIFIED.,.F.,
  .F.,(2,2),(-6.6,-1.2),.PIECEWISE_BEZIER_KNOTS.);
#3256 = CARTESIAN_POINT('',(1.95,-3.45));
#3257 = CARTESIAN_POINT('',(-3.45,-3.45));
#3258 = ( GEOMETRIC_REPRESENTATION_CONTEXT(2) 
PARAMETRIC_REPRESENTATION_CONTEXT() REPRESENTATION_CONTEXT('2D SPACE',''
  ) );
#3259 = ORIENTED_EDGE('',*,*,#3260,.F.);
#3260 = EDGE_CURVE('',#3261,#3235,#3263,.T.);
#3261 = VERTEX_POINT('',#3262);
#3262 = CARTESIAN_POINT('',(30.2,10.65,6.35));
#3263 = SURFACE_CURVE('',#3264,(#3268,#3274),.PCURVE_S1.);
#3264 = LINE('',#3265,#3266);
#3265 = CARTESIAN_POINT('',(14.025,10.65,6.35));
#3266 = VECTOR('',#3267,1.);
#3267 = DIRECTION('',(-1.,0.,-0.));
#3268 = PCURVE('',#645,#3269);
#3269 = DEFINITIONAL_REPRESENTATION('',(#3270),#3273);
#3270 = B_SPLINE_CURVE_WITH_KNOTS('',1,(#3271,#3272),.UNSPECIFIED.,.F.,
  .F.,(2,2),(-16.175,-13.025),.PIECEWISE_BEZIER_KNOTS.);
#3271 = CARTESIAN_POINT('',(29.2,-6.35));
#3272 = CARTESIAN_POINT('',(26.05,-6.35));
#3273 = ( GEOMETRIC_REPRESENTATION_CONTEXT(2) 
PARAMETRIC_REPRESENTATION_CONTEXT() REPRESENTATION_CONTEXT('2D SPACE',''
  ) );
#3274 = PCURVE('',#3275,#3280);
#3275 = PLANE('',#3276);
#3276 = AXIS2_PLACEMENT_3D('',#3277,#3278,#3279);
#3277 = CARTESIAN_POINT('',(27.05,11.15,5.85));
#3278 = DIRECTION('',(0.,-0.707106781187,-0.707106781187));
#3279 = DIRECTION('',(0.,-0.707106781187,0.707106781187));
#3280 = DEFINITIONAL_REPRESENTATION('',(#3281),#3284);
#3281 = B_SPLINE_CURVE_WITH_KNOTS('',1,(#3282,#3283),.UNSPECIFIED.,.F.,
  .F.,(2,2),(-16.175,-13.025),.PIECEWISE_BEZIER_KNOTS.);
#3282 = CARTESIAN_POINT('',(0.707106781187,-3.15));
#3283 = CARTESIAN_POINT('',(0.707106781187,0.));
#3284 = ( GEOMETRIC_REPRESENTATION_CONTEXT(2) 
PARAMETRIC_REPRESENTATION_CONTEXT() REPRESENTATION_CONTEXT('2D SPACE',''
  ) );
#3285 = ORIENTED_EDGE('',*,*,#3286,.T.);
#3286 = EDGE_CURVE('',#3261,#3209,#3287,.T.);
#3287 = SURFACE_CURVE('',#3288,(#3292,#3298),.PCURVE_S1.);
#3288 = LINE('',#3289,#3290);
#3289 = CARTESIAN_POINT('',(30.2,10.65,4.756844828837));
#3290 = VECTOR('',#3291,1.);
#3291 = DIRECTION('',(-0.,0.,1.));
#3292 = PCURVE('',#645,#3293);
#3293 = DEFINITIONAL_REPRESENTATION('',(#3294),#3297);
#3294 = B_SPLINE_CURVE_WITH_KNOTS('',1,(#3295,#3296),.UNSPECIFIED.,.F.,
  .F.,(2,2),(1.093155171163,6.493155171163),.PIECEWISE_BEZIER_KNOTS.);
#3295 = CARTESIAN_POINT('',(29.2,-5.85));
#3296 = CARTESIAN_POINT('',(29.2,-11.25));
#3297 = ( GEOMETRIC_REPRESENTATION_CONTEXT(2) 
PARAMETRIC_REPRESENTATION_CONTEXT() REPRESENTATION_CONTEXT('2D SPACE',''
  ) );
#3298 = PCURVE('',#3299,#3304);
#3299 = PLANE('',#3300);
#3300 = AXIS2_PLACEMENT_3D('',#3301,#3302,#3303);
#3301 = CARTESIAN_POINT('',(30.2,9.437203644322,9.513689657675));
#3302 = DIRECTION('',(-1.,0.,-0.));
#3303 = DIRECTION('',(0.,-1.,0.));
#3304 = DEFINITIONAL_REPRESENTATION('',(#3305),#3308);
#3305 = B_SPLINE_CURVE_WITH_KNOTS('',1,(#3306,#3307),.UNSPECIFIED.,.F.,
  .F.,(2,2),(1.093155171163,6.493155171163),.PIECEWISE_BEZIER_KNOTS.);
#3306 = CARTESIAN_POINT('',(-1.212796355678,-3.663689657675));
#3307 = CARTESIAN_POINT('',(-1.212796355678,1.736310342325));
#3308 = ( GEOMETRIC_REPRESENTATION_CONTEXT(2) 
PARAMETRIC_REPRESENTATION_CONTEXT() REPRESENTATION_CONTEXT('2D SPACE',''
  ) );
#3309 = ADVANCED_FACE('',(#3310),#838,.T.);
#3310 = FACE_BOUND('',#3311,.T.);
#3311 = EDGE_LOOP('',(#3312,#3335,#3356,#3357));
#3312 = ORIENTED_EDGE('',*,*,#3313,.F.);
#3313 = EDGE_CURVE('',#3314,#794,#3316,.T.);
#3314 = VERTEX_POINT('',#3315);
#3315 = CARTESIAN_POINT('',(25.45,10.05,8.9));
#3316 = SURFACE_CURVE('',#3317,(#3321,#3328),.PCURVE_S1.);
#3317 = LINE('',#3318,#3319);
#3318 = CARTESIAN_POINT('',(25.45,10.05,8.9));
#3319 = VECTOR('',#3320,1.);
#3320 = DIRECTION('',(0.,0.,1.));
#3321 = PCURVE('',#838,#3322);
#3322 = DEFINITIONAL_REPRESENTATION('',(#3323),#3327);
#3323 = LINE('',#3324,#3325);
#3324 = CARTESIAN_POINT('',(0.,6.368163355566E-16));
#3325 = VECTOR('',#3326,1.);
#3326 = DIRECTION('',(1.,0.));
#3327 = ( GEOMETRIC_REPRESENTATION_CONTEXT(2) 
PARAMETRIC_REPRESENTATION_CONTEXT() REPRESENTATION_CONTEXT('2D SPACE',''
  ) );
#3328 = PCURVE('',#810,#3329);
#3329 = DEFINITIONAL_REPRESENTATION('',(#3330),#3334);
#3330 = LINE('',#3331,#3332);
#3331 = CARTESIAN_POINT('',(6.28318530718,-0.));
#3332 = VECTOR('',#3333,1.);
#3333 = DIRECTION('',(0.,1.));
#3334 = ( GEOMETRIC_REPRESENTATION_CONTEXT(2) 
PARAMETRIC_REPRESENTATION_CONTEXT() REPRESENTATION_CONTEXT('2D SPACE',''
  ) );
#3335 = ORIENTED_EDGE('',*,*,#3336,.T.);
#3336 = EDGE_CURVE('',#3314,#2962,#3337,.T.);
#3337 = SURFACE_CURVE('',#3338,(#3342,#3349),.PCURVE_S1.);
#3338 = LINE('',#3339,#3340);
#3339 = CARTESIAN_POINT('',(25.45,10.05,8.9));
#3340 = VECTOR('',#3341,1.);
#3341 = DIRECTION('',(0.,1.,0.));
#3342 = PCURVE('',#838,#3343);
#3343 = DEFINITIONAL_REPRESENTATION('',(#3344),#3348);
#3344 = LINE('',#3345,#3346);
#3345 = CARTESIAN_POINT('',(0.,0.));
#3346 = VECTOR('',#3347,1.);
#3347 = DIRECTION('',(0.,-1.));
#3348 = ( GEOMETRIC_REPRESENTATION_CONTEXT(2) 
PARAMETRIC_REPRESENTATION_CONTEXT() REPRESENTATION_CONTEXT('2D SPACE',''
  ) );
#3349 = PCURVE('',#2976,#3350);
#3350 = DEFINITIONAL_REPRESENTATION('',(#3351),#3355);
#3351 = LINE('',#3352,#3353);
#3352 = CARTESIAN_POINT('',(2.6,0.));
#3353 = VECTOR('',#3354,1.);
#3354 = DIRECTION('',(0.,1.));
#3355 = ( GEOMETRIC_REPRESENTATION_CONTEXT(2) 
PARAMETRIC_REPRESENTATION_CONTEXT() REPRESENTATION_CONTEXT('2D SPACE',''
  ) );
#3356 = ORIENTED_EDGE('',*,*,#2987,.F.);
#3357 = ORIENTED_EDGE('',*,*,#822,.F.);
#3358 = ADVANCED_FACE('',(#3359),#810,.T.);
#3359 = FACE_BOUND('',#3360,.T.);
#3360 = EDGE_LOOP('',(#3361,#3362,#3385,#3406));
#3361 = ORIENTED_EDGE('',*,*,#793,.F.);
#3362 = ORIENTED_EDGE('',*,*,#3363,.F.);
#3363 = EDGE_CURVE('',#3364,#766,#3366,.T.);
#3364 = VERTEX_POINT('',#3365);
#3365 = CARTESIAN_POINT('',(20.25,10.05,8.9));
#3366 = SURFACE_CURVE('',#3367,(#3371,#3378),.PCURVE_S1.);
#3367 = LINE('',#3368,#3369);
#3368 = CARTESIAN_POINT('',(20.25,10.05,8.9));
#3369 = VECTOR('',#3370,1.);
#3370 = DIRECTION('',(0.,0.,1.));
#3371 = PCURVE('',#810,#3372);
#3372 = DEFINITIONAL_REPRESENTATION('',(#3373),#3377);
#3373 = LINE('',#3374,#3375);
#3374 = CARTESIAN_POINT('',(3.14159265359,0.));
#3375 = VECTOR('',#3376,1.);
#3376 = DIRECTION('',(0.,1.));
#3377 = ( GEOMETRIC_REPRESENTATION_CONTEXT(2) 
PARAMETRIC_REPRESENTATION_CONTEXT() REPRESENTATION_CONTEXT('2D SPACE',''
  ) );
#3378 = PCURVE('',#781,#3379);
#3379 = DEFINITIONAL_REPRESENTATION('',(#3380),#3384);
#3380 = LINE('',#3381,#3382);
#3381 = CARTESIAN_POINT('',(0.,0.));
#3382 = VECTOR('',#3383,1.);
#3383 = DIRECTION('',(1.,0.));
#3384 = ( GEOMETRIC_REPRESENTATION_CONTEXT(2) 
PARAMETRIC_REPRESENTATION_CONTEXT() REPRESENTATION_CONTEXT('2D SPACE',''
  ) );
#3385 = ORIENTED_EDGE('',*,*,#3386,.T.);
#3386 = EDGE_CURVE('',#3364,#3314,#3387,.T.);
#3387 = SURFACE_CURVE('',#3388,(#3393,#3400),.PCURVE_S1.);
#3388 = CIRCLE('',#3389,2.6);
#3389 = AXIS2_PLACEMENT_3D('',#3390,#3391,#3392);
#3390 = CARTESIAN_POINT('',(22.85,10.05,8.9));
#3391 = DIRECTION('',(0.,0.,1.));
#3392 = DIRECTION('',(1.,0.,0.));
#3393 = PCURVE('',#810,#3394);
#3394 = DEFINITIONAL_REPRESENTATION('',(#3395),#3399);
#3395 = LINE('',#3396,#3397);
#3396 = CARTESIAN_POINT('',(0.,0.));
#3397 = VECTOR('',#3398,1.);
#3398 = DIRECTION('',(1.,0.));
#3399 = ( GEOMETRIC_REPRESENTATION_CONTEXT(2) 
PARAMETRIC_REPRESENTATION_CONTEXT() REPRESENTATION_CONTEXT('2D SPACE',''
  ) );
#3400 = PCURVE('',#2922,#3401);
#3401 = DEFINITIONAL_REPRESENTATION('',(#3402),#3405);
#3402 = B_SPLINE_CURVE_WITH_KNOTS('',1,(#3403,#3404),.UNSPECIFIED.,.F.,
  .F.,(2,2),(3.14159265359,6.28318530718),.PIECEWISE_BEZIER_KNOTS.);
#3403 = CARTESIAN_POINT('',(3.14159265359,2.6));
#3404 = CARTESIAN_POINT('',(6.28318530718,2.6));
#3405 = ( GEOMETRIC_REPRESENTATION_CONTEXT(2) 
PARAMETRIC_REPRESENTATION_CONTEXT() REPRESENTATION_CONTEXT('2D SPACE',''
  ) );
#3406 = ORIENTED_EDGE('',*,*,#3313,.T.);
#3407 = ADVANCED_FACE('',(#3408),#781,.F.);
#3408 = FACE_BOUND('',#3409,.F.);
#3409 = EDGE_LOOP('',(#3410,#3411,#3412,#3433));
#3410 = ORIENTED_EDGE('',*,*,#765,.F.);
#3411 = ORIENTED_EDGE('',*,*,#3363,.F.);
#3412 = ORIENTED_EDGE('',*,*,#3413,.T.);
#3413 = EDGE_CURVE('',#3364,#2859,#3414,.T.);
#3414 = SURFACE_CURVE('',#3415,(#3419,#3426),.PCURVE_S1.);
#3415 = LINE('',#3416,#3417);
#3416 = CARTESIAN_POINT('',(20.25,10.05,8.9));
#3417 = VECTOR('',#3418,1.);
#3418 = DIRECTION('',(0.,1.,0.));
#3419 = PCURVE('',#781,#3420);
#3420 = DEFINITIONAL_REPRESENTATION('',(#3421),#3425);
#3421 = LINE('',#3422,#3423);
#3422 = CARTESIAN_POINT('',(0.,0.));
#3423 = VECTOR('',#3424,1.);
#3424 = DIRECTION('',(0.,-1.));
#3425 = ( GEOMETRIC_REPRESENTATION_CONTEXT(2) 
PARAMETRIC_REPRESENTATION_CONTEXT() REPRESENTATION_CONTEXT('2D SPACE',''
  ) );
#3426 = PCURVE('',#2894,#3427);
#3427 = DEFINITIONAL_REPRESENTATION('',(#3428),#3432);
#3428 = LINE('',#3429,#3430);
#3429 = CARTESIAN_POINT('',(-2.6,0.));
#3430 = VECTOR('',#3431,1.);
#3431 = DIRECTION('',(0.,1.));
#3432 = ( GEOMETRIC_REPRESENTATION_CONTEXT(2) 
PARAMETRIC_REPRESENTATION_CONTEXT() REPRESENTATION_CONTEXT('2D SPACE',''
  ) );
#3433 = ORIENTED_EDGE('',*,*,#2858,.F.);
#3434 = ADVANCED_FACE('',(#3435),#730,.T.);
#3435 = FACE_BOUND('',#3436,.T.);
#3436 = EDGE_LOOP('',(#3437,#3460,#3481,#3482));
#3437 = ORIENTED_EDGE('',*,*,#3438,.F.);
#3438 = EDGE_CURVE('',#3439,#686,#3441,.T.);
#3439 = VERTEX_POINT('',#3440);
#3440 = CARTESIAN_POINT('',(7.6,10.05,8.9));
#3441 = SURFACE_CURVE('',#3442,(#3446,#3453),.PCURVE_S1.);
#3442 = LINE('',#3443,#3444);
#3443 = CARTESIAN_POINT('',(7.6,10.05,8.9));
#3444 = VECTOR('',#3445,1.);
#3445 = DIRECTION('',(0.,0.,1.));
#3446 = PCURVE('',#730,#3447);
#3447 = DEFINITIONAL_REPRESENTATION('',(#3448),#3452);
#3448 = LINE('',#3449,#3450);
#3449 = CARTESIAN_POINT('',(0.,6.368163355566E-16));
#3450 = VECTOR('',#3451,1.);
#3451 = DIRECTION('',(1.,0.));
#3452 = ( GEOMETRIC_REPRESENTATION_CONTEXT(2) 
PARAMETRIC_REPRESENTATION_CONTEXT() REPRESENTATION_CONTEXT('2D SPACE',''
  ) );
#3453 = PCURVE('',#702,#3454);
#3454 = DEFINITIONAL_REPRESENTATION('',(#3455),#3459);
#3455 = LINE('',#3456,#3457);
#3456 = CARTESIAN_POINT('',(6.28318530718,-0.));
#3457 = VECTOR('',#3458,1.);
#3458 = DIRECTION('',(0.,1.));
#3459 = ( GEOMETRIC_REPRESENTATION_CONTEXT(2) 
PARAMETRIC_REPRESENTATION_CONTEXT() REPRESENTATION_CONTEXT('2D SPACE',''
  ) );
#3460 = ORIENTED_EDGE('',*,*,#3461,.T.);
#3461 = EDGE_CURVE('',#3439,#2813,#3462,.T.);
#3462 = SURFACE_CURVE('',#3463,(#3467,#3474),.PCURVE_S1.);
#3463 = LINE('',#3464,#3465);
#3464 = CARTESIAN_POINT('',(7.6,10.05,8.9));
#3465 = VECTOR('',#3466,1.);
#3466 = DIRECTION('',(0.,1.,0.));
#3467 = PCURVE('',#730,#3468);
#3468 = DEFINITIONAL_REPRESENTATION('',(#3469),#3473);
#3469 = LINE('',#3470,#3471);
#3470 = CARTESIAN_POINT('',(0.,0.));
#3471 = VECTOR('',#3472,1.);
#3472 = DIRECTION('',(0.,-1.));
#3473 = ( GEOMETRIC_REPRESENTATION_CONTEXT(2) 
PARAMETRIC_REPRESENTATION_CONTEXT() REPRESENTATION_CONTEXT('2D SPACE',''
  ) );
#3474 = PCURVE('',#2827,#3475);
#3475 = DEFINITIONAL_REPRESENTATION('',(#3476),#3480);
#3476 = LINE('',#3477,#3478);
#3477 = CARTESIAN_POINT('',(2.6,0.));
#3478 = VECTOR('',#3479,1.);
#3479 = DIRECTION('',(0.,1.));
#3480 = ( GEOMETRIC_REPRESENTATION_CONTEXT(2) 
PARAMETRIC_REPRESENTATION_CONTEXT() REPRESENTATION_CONTEXT('2D SPACE',''
  ) );
#3481 = ORIENTED_EDGE('',*,*,#2838,.F.);
#3482 = ORIENTED_EDGE('',*,*,#714,.F.);
#3483 = ADVANCED_FACE('',(#3484),#702,.T.);
#3484 = FACE_BOUND('',#3485,.T.);
#3485 = EDGE_LOOP('',(#3486,#3487,#3510,#3531));
#3486 = ORIENTED_EDGE('',*,*,#685,.F.);
#3487 = ORIENTED_EDGE('',*,*,#3488,.F.);
#3488 = EDGE_CURVE('',#3489,#658,#3491,.T.);
#3489 = VERTEX_POINT('',#3490);
#3490 = CARTESIAN_POINT('',(2.4,10.05,8.9));
#3491 = SURFACE_CURVE('',#3492,(#3496,#3503),.PCURVE_S1.);
#3492 = LINE('',#3493,#3494);
#3493 = CARTESIAN_POINT('',(2.4,10.05,8.9));
#3494 = VECTOR('',#3495,1.);
#3495 = DIRECTION('',(0.,0.,1.));
#3496 = PCURVE('',#702,#3497);
#3497 = DEFINITIONAL_REPRESENTATION('',(#3498),#3502);
#3498 = LINE('',#3499,#3500);
#3499 = CARTESIAN_POINT('',(3.14159265359,0.));
#3500 = VECTOR('',#3501,1.);
#3501 = DIRECTION('',(0.,1.));
#3502 = ( GEOMETRIC_REPRESENTATION_CONTEXT(2) 
PARAMETRIC_REPRESENTATION_CONTEXT() REPRESENTATION_CONTEXT('2D SPACE',''
  ) );
#3503 = PCURVE('',#673,#3504);
#3504 = DEFINITIONAL_REPRESENTATION('',(#3505),#3509);
#3505 = LINE('',#3506,#3507);
#3506 = CARTESIAN_POINT('',(0.,0.));
#3507 = VECTOR('',#3508,1.);
#3508 = DIRECTION('',(1.,0.));
#3509 = ( GEOMETRIC_REPRESENTATION_CONTEXT(2) 
PARAMETRIC_REPRESENTATION_CONTEXT() REPRESENTATION_CONTEXT('2D SPACE',''
  ) );
#3510 = ORIENTED_EDGE('',*,*,#3511,.T.);
#3511 = EDGE_CURVE('',#3489,#3439,#3512,.T.);
#3512 = SURFACE_CURVE('',#3513,(#3518,#3525),.PCURVE_S1.);
#3513 = CIRCLE('',#3514,2.6);
#3514 = AXIS2_PLACEMENT_3D('',#3515,#3516,#3517);
#3515 = CARTESIAN_POINT('',(5.,10.05,8.9));
#3516 = DIRECTION('',(0.,0.,1.));
#3517 = DIRECTION('',(1.,0.,0.));
#3518 = PCURVE('',#702,#3519);
#3519 = DEFINITIONAL_REPRESENTATION('',(#3520),#3524);
#3520 = LINE('',#3521,#3522);
#3521 = CARTESIAN_POINT('',(0.,0.));
#3522 = VECTOR('',#3523,1.);
#3523 = DIRECTION('',(1.,0.));
#3524 = ( GEOMETRIC_REPRESENTATION_CONTEXT(2) 
PARAMETRIC_REPRESENTATION_CONTEXT() REPRESENTATION_CONTEXT('2D SPACE',''
  ) );
#3525 = PCURVE('',#2773,#3526);
#3526 = DEFINITIONAL_REPRESENTATION('',(#3527),#3530);
#3527 = B_SPLINE_CURVE_WITH_KNOTS('',1,(#3528,#3529),.UNSPECIFIED.,.F.,
  .F.,(2,2),(3.14159265359,6.28318530718),.PIECEWISE_BEZIER_KNOTS.);
#3528 = CARTESIAN_POINT('',(3.14159265359,2.6));
#3529 = CARTESIAN_POINT('',(6.28318530718,2.6));
#3530 = ( GEOMETRIC_REPRESENTATION_CONTEXT(2) 
PARAMETRIC_REPRESENTATION_CONTEXT() REPRESENTATION_CONTEXT('2D SPACE',''
  ) );
#3531 = ORIENTED_EDGE('',*,*,#3438,.T.);
#3532 = ADVANCED_FACE('',(#3533),#673,.F.);
#3533 = FACE_BOUND('',#3534,.F.);
#3534 = EDGE_LOOP('',(#3535,#3536,#3537,#3558));
#3535 = ORIENTED_EDGE('',*,*,#657,.F.);
#3536 = ORIENTED_EDGE('',*,*,#3488,.F.);
#3537 = ORIENTED_EDGE('',*,*,#3538,.T.);
#3538 = EDGE_CURVE('',#3489,#2710,#3539,.T.);
#3539 = SURFACE_CURVE('',#3540,(#3544,#3551),.PCURVE_S1.);
#3540 = LINE('',#3541,#3542);
#3541 = CARTESIAN_POINT('',(2.4,10.05,8.9));
#3542 = VECTOR('',#3543,1.);
#3543 = DIRECTION('',(0.,1.,0.));
#3544 = PCURVE('',#673,#3545);
#3545 = DEFINITIONAL_REPRESENTATION('',(#3546),#3550);
#3546 = LINE('',#3547,#3548);
#3547 = CARTESIAN_POINT('',(0.,0.));
#3548 = VECTOR('',#3549,1.);
#3549 = DIRECTION('',(0.,-1.));
#3550 = ( GEOMETRIC_REPRESENTATION_CONTEXT(2) 
PARAMETRIC_REPRESENTATION_CONTEXT() REPRESENTATION_CONTEXT('2D SPACE',''
  ) );
#3551 = PCURVE('',#2745,#3552);
#3552 = DEFINITIONAL_REPRESENTATION('',(#3553),#3557);
#3553 = LINE('',#3554,#3555);
#3554 = CARTESIAN_POINT('',(-2.6,0.));
#3555 = VECTOR('',#3556,1.);
#3556 = DIRECTION('',(0.,1.));
#3557 = ( GEOMETRIC_REPRESENTATION_CONTEXT(2) 
PARAMETRIC_REPRESENTATION_CONTEXT() REPRESENTATION_CONTEXT('2D SPACE',''
  ) );
#3558 = ORIENTED_EDGE('',*,*,#2709,.F.);
#3559 = ADVANCED_FACE('',(#3560),#617,.F.);
#3560 = FACE_BOUND('',#3561,.T.);
#3561 = EDGE_LOOP('',(#3562,#3563,#3564,#3587));
#3562 = ORIENTED_EDGE('',*,*,#2687,.T.);
#3563 = ORIENTED_EDGE('',*,*,#600,.T.);
#3564 = ORIENTED_EDGE('',*,*,#3565,.F.);
#3565 = EDGE_CURVE('',#3566,#573,#3568,.T.);
#3566 = VERTEX_POINT('',#3567);
#3567 = CARTESIAN_POINT('',(0.,9.65,0.));
#3568 = SURFACE_CURVE('',#3569,(#3573,#3580),.PCURVE_S1.);
#3569 = LINE('',#3570,#3571);
#3570 = CARTESIAN_POINT('',(0.,9.65,0.));
#3571 = VECTOR('',#3572,1.);
#3572 = DIRECTION('',(0.,0.,1.));
#3573 = PCURVE('',#617,#3574);
#3574 = DEFINITIONAL_REPRESENTATION('',(#3575),#3579);
#3575 = LINE('',#3576,#3577);
#3576 = CARTESIAN_POINT('',(-3.14159265359,0.));
#3577 = VECTOR('',#3578,1.);
#3578 = DIRECTION('',(-0.,-1.));
#3579 = ( GEOMETRIC_REPRESENTATION_CONTEXT(2) 
PARAMETRIC_REPRESENTATION_CONTEXT() REPRESENTATION_CONTEXT('2D SPACE',''
  ) );
#3580 = PCURVE('',#588,#3581);
#3581 = DEFINITIONAL_REPRESENTATION('',(#3582),#3586);
#3582 = LINE('',#3583,#3584);
#3583 = CARTESIAN_POINT('',(19.3,0.));
#3584 = VECTOR('',#3585,1.);
#3585 = DIRECTION('',(0.,-1.));
#3586 = ( GEOMETRIC_REPRESENTATION_CONTEXT(2) 
PARAMETRIC_REPRESENTATION_CONTEXT() REPRESENTATION_CONTEXT('2D SPACE',''
  ) );
#3587 = ORIENTED_EDGE('',*,*,#3588,.F.);
#3588 = EDGE_CURVE('',#2663,#3566,#3589,.T.);
#3589 = SURFACE_CURVE('',#3590,(#3595,#3602),.PCURVE_S1.);
#3590 = CIRCLE('',#3591,1.);
#3591 = AXIS2_PLACEMENT_3D('',#3592,#3593,#3594);
#3592 = CARTESIAN_POINT('',(1.,9.65,0.));
#3593 = DIRECTION('',(0.,0.,1.));
#3594 = DIRECTION('',(1.,0.,0.));
#3595 = PCURVE('',#617,#3596);
#3596 = DEFINITIONAL_REPRESENTATION('',(#3597),#3601);
#3597 = LINE('',#3598,#3599);
#3598 = CARTESIAN_POINT('',(-0.,0.));
#3599 = VECTOR('',#3600,1.);
#3600 = DIRECTION('',(-1.,0.));
#3601 = ( GEOMETRIC_REPRESENTATION_CONTEXT(2) 
PARAMETRIC_REPRESENTATION_CONTEXT() REPRESENTATION_CONTEXT('2D SPACE',''
  ) );
#3602 = PCURVE('',#1830,#3603);
#3603 = DEFINITIONAL_REPRESENTATION('',(#3604),#3608);
#3604 = CIRCLE('',#3605,1.);
#3605 = AXIS2_PLACEMENT_2D('',#3606,#3607);
#3606 = CARTESIAN_POINT('',(-23.6,9.65));
#3607 = DIRECTION('',(1.,0.));
#3608 = ( GEOMETRIC_REPRESENTATION_CONTEXT(2) 
PARAMETRIC_REPRESENTATION_CONTEXT() REPRESENTATION_CONTEXT('2D SPACE',''
  ) );
#3609 = ADVANCED_FACE('',(#3610,#3658),#588,.F.);
#3610 = FACE_BOUND('',#3611,.F.);
#3611 = EDGE_LOOP('',(#3612,#3635,#3636,#3637));
#3612 = ORIENTED_EDGE('',*,*,#3613,.T.);
#3613 = EDGE_CURVE('',#3614,#544,#3616,.T.);
#3614 = VERTEX_POINT('',#3615);
#3615 = CARTESIAN_POINT('',(0.,-9.65,0.));
#3616 = SURFACE_CURVE('',#3617,(#3621,#3628),.PCURVE_S1.);
#3617 = LINE('',#3618,#3619);
#3618 = CARTESIAN_POINT('',(0.,-9.65,0.));
#3619 = VECTOR('',#3620,1.);
#3620 = DIRECTION('',(0.,0.,1.));
#3621 = PCURVE('',#588,#3622);
#3622 = DEFINITIONAL_REPRESENTATION('',(#3623),#3627);
#3623 = LINE('',#3624,#3625);
#3624 = CARTESIAN_POINT('',(0.,0.));
#3625 = VECTOR('',#3626,1.);
#3626 = DIRECTION('',(0.,-1.));
#3627 = ( GEOMETRIC_REPRESENTATION_CONTEXT(2) 
PARAMETRIC_REPRESENTATION_CONTEXT() REPRESENTATION_CONTEXT('2D SPACE',''
  ) );
#3628 = PCURVE('',#560,#3629);
#3629 = DEFINITIONAL_REPRESENTATION('',(#3630),#3634);
#3630 = LINE('',#3631,#3632);
#3631 = CARTESIAN_POINT('',(-3.14159265359,0.));
#3632 = VECTOR('',#3633,1.);
#3633 = DIRECTION('',(-0.,-1.));
#3634 = ( GEOMETRIC_REPRESENTATION_CONTEXT(2) 
PARAMETRIC_REPRESENTATION_CONTEXT() REPRESENTATION_CONTEXT('2D SPACE',''
  ) );
#3635 = ORIENTED_EDGE('',*,*,#572,.T.);
#3636 = ORIENTED_EDGE('',*,*,#3565,.F.);
#3637 = ORIENTED_EDGE('',*,*,#3638,.F.);
#3638 = EDGE_CURVE('',#3614,#3566,#3639,.T.);
#3639 = SURFACE_CURVE('',#3640,(#3644,#3651),.PCURVE_S1.);
#3640 = LINE('',#3641,#3642);
#3641 = CARTESIAN_POINT('',(0.,0.,0.));
#3642 = VECTOR('',#3643,1.);
#3643 = DIRECTION('',(0.,1.,0.));
#3644 = PCURVE('',#588,#3645);
#3645 = DEFINITIONAL_REPRESENTATION('',(#3646),#3650);
#3646 = LINE('',#3647,#3648);
#3647 = CARTESIAN_POINT('',(9.65,0.));
#3648 = VECTOR('',#3649,1.);
#3649 = DIRECTION('',(1.,0.));
#3650 = ( GEOMETRIC_REPRESENTATION_CONTEXT(2) 
PARAMETRIC_REPRESENTATION_CONTEXT() REPRESENTATION_CONTEXT('2D SPACE',''
  ) );
#3651 = PCURVE('',#1830,#3652);
#3652 = DEFINITIONAL_REPRESENTATION('',(#3653),#3657);
#3653 = LINE('',#3654,#3655);
#3654 = CARTESIAN_POINT('',(-24.6,5.997254339294E-16));
#3655 = VECTOR('',#3656,1.);
#3656 = DIRECTION('',(0.,1.));
#3657 = ( GEOMETRIC_REPRESENTATION_CONTEXT(2) 
PARAMETRIC_REPRESENTATION_CONTEXT() REPRESENTATION_CONTEXT('2D SPACE',''
  ) );
#3658 = FACE_BOUND('',#3659,.F.);
#3659 = EDGE_LOOP('',(#3660));
#3660 = ORIENTED_EDGE('',*,*,#3661,.T.);
#3661 = EDGE_CURVE('',#3662,#3662,#3664,.T.);
#3662 = VERTEX_POINT('',#3663);
#3663 = CARTESIAN_POINT('',(0.,-1.040949779275E-15,6.85));
#3664 = SURFACE_CURVE('',#3665,(#3670,#3681),.PCURVE_S1.);
#3665 = CIRCLE('',#3666,4.25);
#3666 = AXIS2_PLACEMENT_3D('',#3667,#3668,#3669);
#3667 = CARTESIAN_POINT('',(0.,0.,11.1));
#3668 = DIRECTION('',(1.,0.,2.22044604925E-16));
#3669 = DIRECTION('',(2.22044604925E-16,0.,-1.));
#3670 = PCURVE('',#588,#3671);
#3671 = DEFINITIONAL_REPRESENTATION('',(#3672),#3680);
#3672 = ( BOUNDED_CURVE() B_SPLINE_CURVE(2,(#3673,#3674,#3675,#3676,
#3677,#3678,#3679),.UNSPECIFIED.,.T.,.F.) B_SPLINE_CURVE_WITH_KNOTS((1,2
    ,2,2,2,1),(-2.094395102393,0.,2.094395102393,4.188790204786,
6.28318530718,8.377580409573),.UNSPECIFIED.) CURVE() 
GEOMETRIC_REPRESENTATION_ITEM() RATIONAL_B_SPLINE_CURVE((1.,0.5,1.,0.5,
1.,0.5,1.)) REPRESENTATION_ITEM('') );
#3673 = CARTESIAN_POINT('',(9.65,-6.85));
#3674 = CARTESIAN_POINT('',(17.011215932168,-6.85));
#3675 = CARTESIAN_POINT('',(13.330607966084,-13.225));
#3676 = CARTESIAN_POINT('',(9.65,-19.6));
#3677 = CARTESIAN_POINT('',(5.969392033916,-13.225));
#3678 = CARTESIAN_POINT('',(2.288784067832,-6.85));
#3679 = CARTESIAN_POINT('',(9.65,-6.85));
#3680 = ( GEOMETRIC_REPRESENTATION_CONTEXT(2) 
PARAMETRIC_REPRESENTATION_CONTEXT() REPRESENTATION_CONTEXT('2D SPACE',''
  ) );
#3681 = PCURVE('',#1327,#3682);
#3682 = DEFINITIONAL_REPRESENTATION('',(#3683),#3687);
#3683 = LINE('',#3684,#3685);
#3684 = CARTESIAN_POINT('',(0.,3.));
#3685 = VECTOR('',#3686,1.);
#3686 = DIRECTION('',(1.,0.));
#3687 = ( GEOMETRIC_REPRESENTATION_CONTEXT(2) 
PARAMETRIC_REPRESENTATION_CONTEXT() REPRESENTATION_CONTEXT('2D SPACE',''
  ) );
#3688 = ADVANCED_FACE('',(#3689),#560,.F.);
#3689 = FACE_BOUND('',#3690,.T.);
#3690 = EDGE_LOOP('',(#3691,#3692,#3693,#3716));
#3691 = ORIENTED_EDGE('',*,*,#3613,.T.);
#3692 = ORIENTED_EDGE('',*,*,#543,.T.);
#3693 = ORIENTED_EDGE('',*,*,#3694,.F.);
#3694 = EDGE_CURVE('',#3695,#521,#3697,.T.);
#3695 = VERTEX_POINT('',#3696);
#3696 = CARTESIAN_POINT('',(1.,-10.65,0.));
#3697 = SURFACE_CURVE('',#3698,(#3702,#3709),.PCURVE_S1.);
#3698 = LINE('',#3699,#3700);
#3699 = CARTESIAN_POINT('',(1.,-10.65,0.));
#3700 = VECTOR('',#3701,1.);
#3701 = DIRECTION('',(0.,0.,1.));
#3702 = PCURVE('',#560,#3703);
#3703 = DEFINITIONAL_REPRESENTATION('',(#3704),#3708);
#3704 = LINE('',#3705,#3706);
#3705 = CARTESIAN_POINT('',(-4.712388980385,0.));
#3706 = VECTOR('',#3707,1.);
#3707 = DIRECTION('',(-0.,-1.));
#3708 = ( GEOMETRIC_REPRESENTATION_CONTEXT(2) 
PARAMETRIC_REPRESENTATION_CONTEXT() REPRESENTATION_CONTEXT('2D SPACE',''
  ) );
#3709 = PCURVE('',#315,#3710);
#3710 = DEFINITIONAL_REPRESENTATION('',(#3711),#3715);
#3711 = LINE('',#3712,#3713);
#3712 = CARTESIAN_POINT('',(0.,0.));
#3713 = VECTOR('',#3714,1.);
#3714 = DIRECTION('',(0.,-1.));
#3715 = ( GEOMETRIC_REPRESENTATION_CONTEXT(2) 
PARAMETRIC_REPRESENTATION_CONTEXT() REPRESENTATION_CONTEXT('2D SPACE',''
  ) );
#3716 = ORIENTED_EDGE('',*,*,#3717,.F.);
#3717 = EDGE_CURVE('',#3614,#3695,#3718,.T.);
#3718 = SURFACE_CURVE('',#3719,(#3724,#3731),.PCURVE_S1.);
#3719 = CIRCLE('',#3720,1.);
#3720 = AXIS2_PLACEMENT_3D('',#3721,#3722,#3723);
#3721 = CARTESIAN_POINT('',(1.,-9.65,0.));
#3722 = DIRECTION('',(0.,0.,1.));
#3723 = DIRECTION('',(1.,0.,0.));
#3724 = PCURVE('',#560,#3725);
#3725 = DEFINITIONAL_REPRESENTATION('',(#3726),#3730);
#3726 = LINE('',#3727,#3728);
#3727 = CARTESIAN_POINT('',(-0.,0.));
#3728 = VECTOR('',#3729,1.);
#3729 = DIRECTION('',(-1.,0.));
#3730 = ( GEOMETRIC_REPRESENTATION_CONTEXT(2) 
PARAMETRIC_REPRESENTATION_CONTEXT() REPRESENTATION_CONTEXT('2D SPACE',''
  ) );
#3731 = PCURVE('',#1830,#3732);
#3732 = DEFINITIONAL_REPRESENTATION('',(#3733),#3737);
#3733 = CIRCLE('',#3734,1.);
#3734 = AXIS2_PLACEMENT_2D('',#3735,#3736);
#3735 = CARTESIAN_POINT('',(-23.6,-9.65));
#3736 = DIRECTION('',(1.,0.));
#3737 = ( GEOMETRIC_REPRESENTATION_CONTEXT(2) 
PARAMETRIC_REPRESENTATION_CONTEXT() REPRESENTATION_CONTEXT('2D SPACE',''
  ) );
#3738 = ADVANCED_FACE('',(#3739,#4288),#315,.T.);
#3739 = FACE_BOUND('',#3740,.T.);
#3740 = EDGE_LOOP('',(#3741,#3764,#3765,#3766,#3787,#3813,#3869,#3895,
    #3914,#3915,#3936,#3962,#4018,#4044,#4063,#4064,#4087,#4113,#4139,
    #4160,#4183,#4206,#4234,#4262));
#3741 = ORIENTED_EDGE('',*,*,#3742,.F.);
#3742 = EDGE_CURVE('',#3695,#3743,#3745,.T.);
#3743 = VERTEX_POINT('',#3744);
#3744 = CARTESIAN_POINT('',(10.,-10.65,0.));
#3745 = SURFACE_CURVE('',#3746,(#3750,#3757),.PCURVE_S1.);
#3746 = LINE('',#3747,#3748);
#3747 = CARTESIAN_POINT('',(24.6,-10.65,0.));
#3748 = VECTOR('',#3749,1.);
#3749 = DIRECTION('',(1.,0.,0.));
#3750 = PCURVE('',#315,#3751);
#3751 = DEFINITIONAL_REPRESENTATION('',(#3752),#3756);
#3752 = LINE('',#3753,#3754);
#3753 = CARTESIAN_POINT('',(23.6,0.));
#3754 = VECTOR('',#3755,1.);
#3755 = DIRECTION('',(1.,0.));
#3756 = ( GEOMETRIC_REPRESENTATION_CONTEXT(2) 
PARAMETRIC_REPRESENTATION_CONTEXT() REPRESENTATION_CONTEXT('2D SPACE',''
  ) );
#3757 = PCURVE('',#1830,#3758);
#3758 = DEFINITIONAL_REPRESENTATION('',(#3759),#3763);
#3759 = LINE('',#3760,#3761);
#3760 = CARTESIAN_POINT('',(-7.656069369312E-17,-10.65));
#3761 = VECTOR('',#3762,1.);
#3762 = DIRECTION('',(1.,0.));
#3763 = ( GEOMETRIC_REPRESENTATION_CONTEXT(2) 
PARAMETRIC_REPRESENTATION_CONTEXT() REPRESENTATION_CONTEXT('2D SPACE',''
  ) );
#3764 = ORIENTED_EDGE('',*,*,#3694,.T.);
#3765 = ORIENTED_EDGE('',*,*,#520,.T.);
#3766 = ORIENTED_EDGE('',*,*,#3767,.T.);
#3767 = EDGE_CURVE('',#493,#3768,#3770,.T.);
#3768 = VERTEX_POINT('',#3769);
#3769 = CARTESIAN_POINT('',(2.4,-10.65,8.9));
#3770 = SURFACE_CURVE('',#3771,(#3775,#3781),.PCURVE_S1.);
#3771 = LINE('',#3772,#3773);
#3772 = CARTESIAN_POINT('',(2.4,-10.65,4.45));
#3773 = VECTOR('',#3774,1.);
#3774 = DIRECTION('',(0.,0.,-1.));
#3775 = PCURVE('',#315,#3776);
#3776 = DEFINITIONAL_REPRESENTATION('',(#3777),#3780);
#3777 = B_SPLINE_CURVE_WITH_KNOTS('',1,(#3778,#3779),.UNSPECIFIED.,.F.,
  .F.,(2,2),(-11.75,-4.45),.PIECEWISE_BEZIER_KNOTS.);
#3778 = CARTESIAN_POINT('',(1.4,-16.2));
#3779 = CARTESIAN_POINT('',(1.4,-8.9));
#3780 = ( GEOMETRIC_REPRESENTATION_CONTEXT(2) 
PARAMETRIC_REPRESENTATION_CONTEXT() REPRESENTATION_CONTEXT('2D SPACE',''
  ) );
#3781 = PCURVE('',#508,#3782);
#3782 = DEFINITIONAL_REPRESENTATION('',(#3783),#3786);
#3783 = B_SPLINE_CURVE_WITH_KNOTS('',1,(#3784,#3785),.UNSPECIFIED.,.F.,
  .F.,(2,2),(-11.75,-4.45),.PIECEWISE_BEZIER_KNOTS.);
#3784 = CARTESIAN_POINT('',(7.3,-0.6));
#3785 = CARTESIAN_POINT('',(0.,-0.6));
#3786 = ( GEOMETRIC_REPRESENTATION_CONTEXT(2) 
PARAMETRIC_REPRESENTATION_CONTEXT() REPRESENTATION_CONTEXT('2D SPACE',''
  ) );
#3787 = ORIENTED_EDGE('',*,*,#3788,.T.);
#3788 = EDGE_CURVE('',#3768,#3789,#3791,.T.);
#3789 = VERTEX_POINT('',#3790);
#3790 = CARTESIAN_POINT('',(2.470177871865,-10.65,8.9));
#3791 = SURFACE_CURVE('',#3792,(#3796,#3802),.PCURVE_S1.);
#3792 = LINE('',#3793,#3794);
#3793 = CARTESIAN_POINT('',(3.,-10.65,8.9));
#3794 = VECTOR('',#3795,1.);
#3795 = DIRECTION('',(1.,0.,0.));
#3796 = PCURVE('',#315,#3797);
#3797 = DEFINITIONAL_REPRESENTATION('',(#3798),#3801);
#3798 = B_SPLINE_CURVE_WITH_KNOTS('',1,(#3799,#3800),.UNSPECIFIED.,.F.,
  .F.,(2,2),(-0.6,-0.306512518934),.PIECEWISE_BEZIER_KNOTS.);
#3799 = CARTESIAN_POINT('',(1.4,-8.9));
#3800 = CARTESIAN_POINT('',(1.693487481066,-8.9));
#3801 = ( GEOMETRIC_REPRESENTATION_CONTEXT(2) 
PARAMETRIC_REPRESENTATION_CONTEXT() REPRESENTATION_CONTEXT('2D SPACE',''
  ) );
#3802 = PCURVE('',#3803,#3808);
#3803 = PLANE('',#3804);
#3804 = AXIS2_PLACEMENT_3D('',#3805,#3806,#3807);
#3805 = CARTESIAN_POINT('',(5.,-10.05,8.9));
#3806 = DIRECTION('',(0.,0.,1.));
#3807 = DIRECTION('',(1.,0.,0.));
#3808 = DEFINITIONAL_REPRESENTATION('',(#3809),#3812);
#3809 = B_SPLINE_CURVE_WITH_KNOTS('',1,(#3810,#3811),.UNSPECIFIED.,.F.,
  .F.,(2,2),(-0.6,-0.306512518934),.PIECEWISE_BEZIER_KNOTS.);
#3810 = CARTESIAN_POINT('',(-2.6,-0.6));
#3811 = CARTESIAN_POINT('',(-2.306512518934,-0.6));
#3812 = ( GEOMETRIC_REPRESENTATION_CONTEXT(2) 
PARAMETRIC_REPRESENTATION_CONTEXT() REPRESENTATION_CONTEXT('2D SPACE',''
  ) );
#3813 = ORIENTED_EDGE('',*,*,#3814,.T.);
#3814 = EDGE_CURVE('',#3789,#3815,#3817,.T.);
#3815 = VERTEX_POINT('',#3816);
#3816 = CARTESIAN_POINT('',(7.529822128135,-10.65,8.9));
#3817 = SURFACE_CURVE('',#3818,(#3823,#3830),.PCURVE_S1.);
#3818 = HYPERBOLA('',#3819,0.6,0.6);
#3819 = AXIS2_PLACEMENT_3D('',#3820,#3821,#3822);
#3820 = CARTESIAN_POINT('',(5.,-10.65,6.3));
#3821 = DIRECTION('',(0.,1.,0.));
#3822 = DIRECTION('',(0.,-0.,1.));
#3823 = PCURVE('',#315,#3824);
#3824 = DEFINITIONAL_REPRESENTATION('',(#3825),#3829);
#3825 = ( BOUNDED_CURVE() B_SPLINE_CURVE(2,(#3826,#3827,#3828),
.UNSPECIFIED.,.F.,.F.) B_SPLINE_CURVE_WITH_KNOTS((3,3),(-2.145896609469,
2.145896609469),.PIECEWISE_BEZIER_KNOTS.) CURVE() 
GEOMETRIC_REPRESENTATION_ITEM() RATIONAL_B_SPLINE_CURVE((1.,
4.333333333333,1.)) REPRESENTATION_ITEM('') );
#3826 = CARTESIAN_POINT('',(1.470177871865,-8.9));
#3827 = CARTESIAN_POINT('',(4.,-6.438461538462));
#3828 = CARTESIAN_POINT('',(6.529822128135,-8.9));
#3829 = ( GEOMETRIC_REPRESENTATION_CONTEXT(2) 
PARAMETRIC_REPRESENTATION_CONTEXT() REPRESENTATION_CONTEXT('2D SPACE',''
  ) );
#3830 = PCURVE('',#3831,#3836);
#3831 = CONICAL_SURFACE('',#3832,0.,0.785398163397);
#3832 = AXIS2_PLACEMENT_3D('',#3833,#3834,#3835);
#3833 = CARTESIAN_POINT('',(5.,-10.05,6.3));
#3834 = DIRECTION('',(0.,0.,1.));
#3835 = DIRECTION('',(1.,0.,0.));
#3836 = DEFINITIONAL_REPRESENTATION('',(#3837),#3868);
#3837 = B_SPLINE_CURVE_WITH_KNOTS('',8,(#3838,#3839,#3840,#3841,#3842,
    #3843,#3844,#3845,#3846,#3847,#3848,#3849,#3850,#3851,#3852,#3853,
    #3854,#3855,#3856,#3857,#3858,#3859,#3860,#3861,#3862,#3863,#3864,
    #3865,#3866,#3867),.UNSPECIFIED.,.F.,.F.,(9,7,7,7,9),(
    -2.145896609469,-1.072948304735,-0.268237076184,0.938829766643,
    2.145896609469),.UNSPECIFIED.);
#3838 = CARTESIAN_POINT('',(3.374460831848,2.6));
#3839 = CARTESIAN_POINT('',(3.405411263715,2.260703954542));
#3840 = CARTESIAN_POINT('',(3.44097771506,1.974857237596));
#3841 = CARTESIAN_POINT('',(3.481917799988,1.733160322481));
#3842 = CARTESIAN_POINT('',(3.52911175205,1.528362488505));
#3843 = CARTESIAN_POINT('',(3.58355419925,1.354733416768));
#3844 = CARTESIAN_POINT('',(3.646341908184,1.207713487471));
#3845 = CARTESIAN_POINT('',(3.718520193573,1.083683670003));
#3846 = CARTESIAN_POINT('',(3.862248561299,0.901880067446));
#3847 = CARTESIAN_POINT('',(3.929444554239,0.835294176659));
#3848 = CARTESIAN_POINT('',(4.002476724511,0.778836936664));
#3849 = CARTESIAN_POINT('',(4.081428882352,0.731551517004));
#3850 = CARTESIAN_POINT('',(4.166146828668,0.692686959893));
#3851 = CARTESIAN_POINT('',(4.256084506347,0.661671998112));
#3852 = CARTESIAN_POINT('',(4.350236321034,0.638098913476));
#3853 = CARTESIAN_POINT('',(4.59292523393,0.597139313892));
#3854 = CARTESIAN_POINT('',(4.745116963344,0.58873936425));
#3855 = CARTESIAN_POINT('',(4.899524672489,0.59566266438));
#3856 = CARTESIAN_POINT('',(5.050363760695,0.617842312165));
#3857 = CARTESIAN_POINT('',(5.191309849715,0.655934774697));
#3858 = CARTESIAN_POINT('',(5.319902484894,0.71135355732));
#3859 = CARTESIAN_POINT('',(5.43522926049,0.786382211198));
#3860 = CARTESIAN_POINT('',(5.639950615247,0.982461362921));
#3861 = CARTESIAN_POINT('',(5.729344450922,1.103511679757));
#3862 = CARTESIAN_POINT('',(5.806046033651,1.250975023993));
#3863 = CARTESIAN_POINT('',(5.871476646577,1.42936652464));
#3864 = CARTESIAN_POINT('',(5.927253265229,1.644575620756));
#3865 = CARTESIAN_POINT('',(5.974836851815,1.904230609111));
#3866 = CARTESIAN_POINT('',(6.015497893071,2.21829194886));
#3867 = CARTESIAN_POINT('',(6.050317128922,2.6));
#3868 = ( GEOMETRIC_REPRESENTATION_CONTEXT(2) 
PARAMETRIC_REPRESENTATION_CONTEXT() REPRESENTATION_CONTEXT('2D SPACE',''
  ) );
#3869 = ORIENTED_EDGE('',*,*,#3870,.T.);
#3870 = EDGE_CURVE('',#3815,#3871,#3873,.T.);
#3871 = VERTEX_POINT('',#3872);
#3872 = CARTESIAN_POINT('',(7.6,-10.65,8.9));
#3873 = SURFACE_CURVE('',#3874,(#3878,#3884),.PCURVE_S1.);
#3874 = LINE('',#3875,#3876);
#3875 = CARTESIAN_POINT('',(3.,-10.65,8.9));
#3876 = VECTOR('',#3877,1.);
#3877 = DIRECTION('',(1.,0.,0.));
#3878 = PCURVE('',#315,#3879);
#3879 = DEFINITIONAL_REPRESENTATION('',(#3880),#3883);
#3880 = B_SPLINE_CURVE_WITH_KNOTS('',1,(#3881,#3882),.UNSPECIFIED.,.F.,
  .F.,(2,2),(4.306512518934,4.6),.PIECEWISE_BEZIER_KNOTS.);
#3881 = CARTESIAN_POINT('',(6.306512518934,-8.9));
#3882 = CARTESIAN_POINT('',(6.6,-8.9));
#3883 = ( GEOMETRIC_REPRESENTATION_CONTEXT(2) 
PARAMETRIC_REPRESENTATION_CONTEXT() REPRESENTATION_CONTEXT('2D SPACE',''
  ) );
#3884 = PCURVE('',#3885,#3890);
#3885 = PLANE('',#3886);
#3886 = AXIS2_PLACEMENT_3D('',#3887,#3888,#3889);
#3887 = CARTESIAN_POINT('',(5.,-10.05,8.9));
#3888 = DIRECTION('',(0.,0.,1.));
#3889 = DIRECTION('',(1.,0.,0.));
#3890 = DEFINITIONAL_REPRESENTATION('',(#3891),#3894);
#3891 = B_SPLINE_CURVE_WITH_KNOTS('',1,(#3892,#3893),.UNSPECIFIED.,.F.,
  .F.,(2,2),(4.306512518934,4.6),.PIECEWISE_BEZIER_KNOTS.);
#3892 = CARTESIAN_POINT('',(2.306512518934,-0.6));
#3893 = CARTESIAN_POINT('',(2.6,-0.6));
#3894 = ( GEOMETRIC_REPRESENTATION_CONTEXT(2) 
PARAMETRIC_REPRESENTATION_CONTEXT() REPRESENTATION_CONTEXT('2D SPACE',''
  ) );
#3895 = ORIENTED_EDGE('',*,*,#3896,.F.);
#3896 = EDGE_CURVE('',#413,#3871,#3897,.T.);
#3897 = SURFACE_CURVE('',#3898,(#3902,#3908),.PCURVE_S1.);
#3898 = LINE('',#3899,#3900);
#3899 = CARTESIAN_POINT('',(7.6,-10.65,4.45));
#3900 = VECTOR('',#3901,1.);
#3901 = DIRECTION('',(0.,0.,-1.));
#3902 = PCURVE('',#315,#3903);
#3903 = DEFINITIONAL_REPRESENTATION('',(#3904),#3907);
#3904 = B_SPLINE_CURVE_WITH_KNOTS('',1,(#3905,#3906),.UNSPECIFIED.,.F.,
  .F.,(2,2),(-11.75,-4.45),.PIECEWISE_BEZIER_KNOTS.);
#3905 = CARTESIAN_POINT('',(6.6,-16.2));
#3906 = CARTESIAN_POINT('',(6.6,-8.9));
#3907 = ( GEOMETRIC_REPRESENTATION_CONTEXT(2) 
PARAMETRIC_REPRESENTATION_CONTEXT() REPRESENTATION_CONTEXT('2D SPACE',''
  ) );
#3908 = PCURVE('',#451,#3909);
#3909 = DEFINITIONAL_REPRESENTATION('',(#3910),#3913);
#3910 = B_SPLINE_CURVE_WITH_KNOTS('',1,(#3911,#3912),.UNSPECIFIED.,.F.,
  .F.,(2,2),(-11.75,-4.45),.PIECEWISE_BEZIER_KNOTS.);
#3911 = CARTESIAN_POINT('',(7.3,-0.6));
#3912 = CARTESIAN_POINT('',(0.,-0.6));
#3913 = ( GEOMETRIC_REPRESENTATION_CONTEXT(2) 
PARAMETRIC_REPRESENTATION_CONTEXT() REPRESENTATION_CONTEXT('2D SPACE',''
  ) );
#3914 = ORIENTED_EDGE('',*,*,#412,.T.);
#3915 = ORIENTED_EDGE('',*,*,#3916,.T.);
#3916 = EDGE_CURVE('',#385,#3917,#3919,.T.);
#3917 = VERTEX_POINT('',#3918);
#3918 = CARTESIAN_POINT('',(20.25,-10.65,8.9));
#3919 = SURFACE_CURVE('',#3920,(#3924,#3930),.PCURVE_S1.);
#3920 = LINE('',#3921,#3922);
#3921 = CARTESIAN_POINT('',(20.25,-10.65,4.45));
#3922 = VECTOR('',#3923,1.);
#3923 = DIRECTION('',(0.,0.,-1.));
#3924 = PCURVE('',#315,#3925);
#3925 = DEFINITIONAL_REPRESENTATION('',(#3926),#3929);
#3926 = B_SPLINE_CURVE_WITH_KNOTS('',1,(#3927,#3928),.UNSPECIFIED.,.F.,
  .F.,(2,2),(-11.75,-4.45),.PIECEWISE_BEZIER_KNOTS.);
#3927 = CARTESIAN_POINT('',(19.25,-16.2));
#3928 = CARTESIAN_POINT('',(19.25,-8.9));
#3929 = ( GEOMETRIC_REPRESENTATION_CONTEXT(2) 
PARAMETRIC_REPRESENTATION_CONTEXT() REPRESENTATION_CONTEXT('2D SPACE',''
  ) );
#3930 = PCURVE('',#400,#3931);
#3931 = DEFINITIONAL_REPRESENTATION('',(#3932),#3935);
#3932 = B_SPLINE_CURVE_WITH_KNOTS('',1,(#3933,#3934),.UNSPECIFIED.,.F.,
  .F.,(2,2),(-11.75,-4.45),.PIECEWISE_BEZIER_KNOTS.);
#3933 = CARTESIAN_POINT('',(7.3,-0.6));
#3934 = CARTESIAN_POINT('',(0.,-0.6));
#3935 = ( GEOMETRIC_REPRESENTATION_CONTEXT(2) 
PARAMETRIC_REPRESENTATION_CONTEXT() REPRESENTATION_CONTEXT('2D SPACE',''
  ) );
#3936 = ORIENTED_EDGE('',*,*,#3937,.T.);
#3937 = EDGE_CURVE('',#3917,#3938,#3940,.T.);
#3938 = VERTEX_POINT('',#3939);
#3939 = CARTESIAN_POINT('',(20.320177871865,-10.65,8.9));
#3940 = SURFACE_CURVE('',#3941,(#3945,#3951),.PCURVE_S1.);
#3941 = LINE('',#3942,#3943);
#3942 = CARTESIAN_POINT('',(11.925,-10.65,8.9));
#3943 = VECTOR('',#3944,1.);
#3944 = DIRECTION('',(1.,0.,0.));
#3945 = PCURVE('',#315,#3946);
#3946 = DEFINITIONAL_REPRESENTATION('',(#3947),#3950);
#3947 = B_SPLINE_CURVE_WITH_KNOTS('',1,(#3948,#3949),.UNSPECIFIED.,.F.,
  .F.,(2,2),(8.325,8.618487481066),.PIECEWISE_BEZIER_KNOTS.);
#3948 = CARTESIAN_POINT('',(19.25,-8.9));
#3949 = CARTESIAN_POINT('',(19.543487481066,-8.9));
#3950 = ( GEOMETRIC_REPRESENTATION_CONTEXT(2) 
PARAMETRIC_REPRESENTATION_CONTEXT() REPRESENTATION_CONTEXT('2D SPACE',''
  ) );
#3951 = PCURVE('',#3952,#3957);
#3952 = PLANE('',#3953);
#3953 = AXIS2_PLACEMENT_3D('',#3954,#3955,#3956);
#3954 = CARTESIAN_POINT('',(22.85,-10.05,8.9));
#3955 = DIRECTION('',(0.,0.,1.));
#3956 = DIRECTION('',(1.,0.,0.));
#3957 = DEFINITIONAL_REPRESENTATION('',(#3958),#3961);
#3958 = B_SPLINE_CURVE_WITH_KNOTS('',1,(#3959,#3960),.UNSPECIFIED.,.F.,
  .F.,(2,2),(8.325,8.618487481066),.PIECEWISE_BEZIER_KNOTS.);
#3959 = CARTESIAN_POINT('',(-2.6,-0.6));
#3960 = CARTESIAN_POINT('',(-2.306512518934,-0.6));
#3961 = ( GEOMETRIC_REPRESENTATION_CONTEXT(2) 
PARAMETRIC_REPRESENTATION_CONTEXT() REPRESENTATION_CONTEXT('2D SPACE',''
  ) );
#3962 = ORIENTED_EDGE('',*,*,#3963,.T.);
#3963 = EDGE_CURVE('',#3938,#3964,#3966,.T.);
#3964 = VERTEX_POINT('',#3965);
#3965 = CARTESIAN_POINT('',(25.379822128135,-10.65,8.9));
#3966 = SURFACE_CURVE('',#3967,(#3972,#3979),.PCURVE_S1.);
#3967 = HYPERBOLA('',#3968,0.6,0.6);
#3968 = AXIS2_PLACEMENT_3D('',#3969,#3970,#3971);
#3969 = CARTESIAN_POINT('',(22.85,-10.65,6.3));
#3970 = DIRECTION('',(0.,1.,0.));
#3971 = DIRECTION('',(0.,-0.,1.));
#3972 = PCURVE('',#315,#3973);
#3973 = DEFINITIONAL_REPRESENTATION('',(#3974),#3978);
#3974 = ( BOUNDED_CURVE() B_SPLINE_CURVE(2,(#3975,#3976,#3977),
.UNSPECIFIED.,.F.,.F.) B_SPLINE_CURVE_WITH_KNOTS((3,3),(-2.145896609469,
2.145896609469),.PIECEWISE_BEZIER_KNOTS.) CURVE() 
GEOMETRIC_REPRESENTATION_ITEM() RATIONAL_B_SPLINE_CURVE((1.,
4.333333333333,1.)) REPRESENTATION_ITEM('') );
#3975 = CARTESIAN_POINT('',(19.320177871865,-8.9));
#3976 = CARTESIAN_POINT('',(21.85,-6.438461538462));
#3977 = CARTESIAN_POINT('',(24.379822128135,-8.9));
#3978 = ( GEOMETRIC_REPRESENTATION_CONTEXT(2) 
PARAMETRIC_REPRESENTATION_CONTEXT() REPRESENTATION_CONTEXT('2D SPACE',''
  ) );
#3979 = PCURVE('',#3980,#3985);
#3980 = CONICAL_SURFACE('',#3981,0.,0.785398163397);
#3981 = AXIS2_PLACEMENT_3D('',#3982,#3983,#3984);
#3982 = CARTESIAN_POINT('',(22.85,-10.05,6.3));
#3983 = DIRECTION('',(0.,0.,1.));
#3984 = DIRECTION('',(1.,0.,0.));
#3985 = DEFINITIONAL_REPRESENTATION('',(#3986),#4017);
#3986 = B_SPLINE_CURVE_WITH_KNOTS('',8,(#3987,#3988,#3989,#3990,#3991,
    #3992,#3993,#3994,#3995,#3996,#3997,#3998,#3999,#4000,#4001,#4002,
    #4003,#4004,#4005,#4006,#4007,#4008,#4009,#4010,#4011,#4012,#4013,
    #4014,#4015,#4016),.UNSPECIFIED.,.F.,.F.,(9,7,7,7,9),(
    -2.145896609469,-1.072948304735,-0.268237076184,0.938829766643,
    2.145896609469),.UNSPECIFIED.);
#3987 = CARTESIAN_POINT('',(3.374460831848,2.6));
#3988 = CARTESIAN_POINT('',(3.405411263715,2.260703954542));
#3989 = CARTESIAN_POINT('',(3.44097771506,1.974857237596));
#3990 = CARTESIAN_POINT('',(3.481917799987,1.733160322482));
#3991 = CARTESIAN_POINT('',(3.52911175205,1.528362488505));
#3992 = CARTESIAN_POINT('',(3.58355419925,1.354733416768));
#3993 = CARTESIAN_POINT('',(3.646341908183,1.207713487471));
#3994 = CARTESIAN_POINT('',(3.718520193573,1.083683670003));
#3995 = CARTESIAN_POINT('',(3.862248561299,0.901880067446));
#3996 = CARTESIAN_POINT('',(3.929444554239,0.835294176659));
#3997 = CARTESIAN_POINT('',(4.002476724512,0.778836936664));
#3998 = CARTESIAN_POINT('',(4.081428882352,0.731551517004));
#3999 = CARTESIAN_POINT('',(4.166146828667,0.692686959893));
#4000 = CARTESIAN_POINT('',(4.256084506348,0.661671998112));
#4001 = CARTESIAN_POINT('',(4.350236321034,0.638098913476));
#4002 = CARTESIAN_POINT('',(4.59292523393,0.597139313892));
#4003 = CARTESIAN_POINT('',(4.745116963344,0.58873936425));
#4004 = CARTESIAN_POINT('',(4.899524672494,0.59566266438));
#4005 = CARTESIAN_POINT('',(5.05036376069,0.617842312166));
#4006 = CARTESIAN_POINT('',(5.191309849718,0.655934774697));
#4007 = CARTESIAN_POINT('',(5.319902484893,0.71135355732));
#4008 = CARTESIAN_POINT('',(5.43522926049,0.786382211198));
#4009 = CARTESIAN_POINT('',(5.639950615247,0.982461362921));
#4010 = CARTESIAN_POINT('',(5.729344450923,1.103511679757));
#4011 = CARTESIAN_POINT('',(5.80604603365,1.250975023992));
#4012 = CARTESIAN_POINT('',(5.871476646576,1.42936652464));
#4013 = CARTESIAN_POINT('',(5.927253265229,1.644575620756));
#4014 = CARTESIAN_POINT('',(5.974836851815,1.904230609111));
#4015 = CARTESIAN_POINT('',(6.015497893071,2.21829194886));
#4016 = CARTESIAN_POINT('',(6.050317128922,2.6));
#4017 = ( GEOMETRIC_REPRESENTATION_CONTEXT(2) 
PARAMETRIC_REPRESENTATION_CONTEXT() REPRESENTATION_CONTEXT('2D SPACE',''
  ) );
#4018 = ORIENTED_EDGE('',*,*,#4019,.T.);
#4019 = EDGE_CURVE('',#3964,#4020,#4022,.T.);
#4020 = VERTEX_POINT('',#4021);
#4021 = CARTESIAN_POINT('',(25.45,-10.65,8.9));
#4022 = SURFACE_CURVE('',#4023,(#4027,#4033),.PCURVE_S1.);
#4023 = LINE('',#4024,#4025);
#4024 = CARTESIAN_POINT('',(11.925,-10.65,8.9));
#4025 = VECTOR('',#4026,1.);
#4026 = DIRECTION('',(1.,0.,0.));
#4027 = PCURVE('',#315,#4028);
#4028 = DEFINITIONAL_REPRESENTATION('',(#4029),#4032);
#4029 = B_SPLINE_CURVE_WITH_KNOTS('',1,(#4030,#4031),.UNSPECIFIED.,.F.,
  .F.,(2,2),(13.231512518934,13.525),.PIECEWISE_BEZIER_KNOTS.);
#4030 = CARTESIAN_POINT('',(24.156512518934,-8.9));
#4031 = CARTESIAN_POINT('',(24.45,-8.9));
#4032 = ( GEOMETRIC_REPRESENTATION_CONTEXT(2) 
PARAMETRIC_REPRESENTATION_CONTEXT() REPRESENTATION_CONTEXT('2D SPACE',''
  ) );
#4033 = PCURVE('',#4034,#4039);
#4034 = PLANE('',#4035);
#4035 = AXIS2_PLACEMENT_3D('',#4036,#4037,#4038);
#4036 = CARTESIAN_POINT('',(22.85,-10.05,8.9));
#4037 = DIRECTION('',(0.,0.,1.));
#4038 = DIRECTION('',(1.,0.,0.));
#4039 = DEFINITIONAL_REPRESENTATION('',(#4040),#4043);
#4040 = B_SPLINE_CURVE_WITH_KNOTS('',1,(#4041,#4042),.UNSPECIFIED.,.F.,
  .F.,(2,2),(13.231512518934,13.525),.PIECEWISE_BEZIER_KNOTS.);
#4041 = CARTESIAN_POINT('',(2.306512518934,-0.6));
#4042 = CARTESIAN_POINT('',(2.6,-0.6));
#4043 = ( GEOMETRIC_REPRESENTATION_CONTEXT(2) 
PARAMETRIC_REPRESENTATION_CONTEXT() REPRESENTATION_CONTEXT('2D SPACE',''
  ) );
#4044 = ORIENTED_EDGE('',*,*,#4045,.F.);
#4045 = EDGE_CURVE('',#300,#4020,#4046,.T.);
#4046 = SURFACE_CURVE('',#4047,(#4051,#4057),.PCURVE_S1.);
#4047 = LINE('',#4048,#4049);
#4048 = CARTESIAN_POINT('',(25.45,-10.65,4.45));
#4049 = VECTOR('',#4050,1.);
#4050 = DIRECTION('',(0.,0.,-1.));
#4051 = PCURVE('',#315,#4052);
#4052 = DEFINITIONAL_REPRESENTATION('',(#4053),#4056);
#4053 = B_SPLINE_CURVE_WITH_KNOTS('',1,(#4054,#4055),.UNSPECIFIED.,.F.,
  .F.,(2,2),(-11.75,-4.45),.PIECEWISE_BEZIER_KNOTS.);
#4054 = CARTESIAN_POINT('',(24.45,-16.2));
#4055 = CARTESIAN_POINT('',(24.45,-8.9));
#4056 = ( GEOMETRIC_REPRESENTATION_CONTEXT(2) 
PARAMETRIC_REPRESENTATION_CONTEXT() REPRESENTATION_CONTEXT('2D SPACE',''
  ) );
#4057 = PCURVE('',#343,#4058);
#4058 = DEFINITIONAL_REPRESENTATION('',(#4059),#4062);
#4059 = B_SPLINE_CURVE_WITH_KNOTS('',1,(#4060,#4061),.UNSPECIFIED.,.F.,
  .F.,(2,2),(-11.75,-4.45),.PIECEWISE_BEZIER_KNOTS.);
#4060 = CARTESIAN_POINT('',(7.3,-0.6));
#4061 = CARTESIAN_POINT('',(0.,-0.6));
#4062 = ( GEOMETRIC_REPRESENTATION_CONTEXT(2) 
PARAMETRIC_REPRESENTATION_CONTEXT() REPRESENTATION_CONTEXT('2D SPACE',''
  ) );
#4063 = ORIENTED_EDGE('',*,*,#299,.T.);
#4064 = ORIENTED_EDGE('',*,*,#4065,.F.);
#4065 = EDGE_CURVE('',#4066,#271,#4068,.T.);
#4066 = VERTEX_POINT('',#4067);
#4067 = CARTESIAN_POINT('',(48.2,-10.65,9.3));
#4068 = SURFACE_CURVE('',#4069,(#4073,#4080),.PCURVE_S1.);
#4069 = LINE('',#4070,#4071);
#4070 = CARTESIAN_POINT('',(48.2,-10.65,0.));
#4071 = VECTOR('',#4072,1.);
#4072 = DIRECTION('',(0.,0.,1.));
#4073 = PCURVE('',#315,#4074);
#4074 = DEFINITIONAL_REPRESENTATION('',(#4075),#4079);
#4075 = LINE('',#4076,#4077);
#4076 = CARTESIAN_POINT('',(47.2,0.));
#4077 = VECTOR('',#4078,1.);
#4078 = DIRECTION('',(0.,-1.));
#4079 = ( GEOMETRIC_REPRESENTATION_CONTEXT(2) 
PARAMETRIC_REPRESENTATION_CONTEXT() REPRESENTATION_CONTEXT('2D SPACE',''
  ) );
#4080 = PCURVE('',#287,#4081);
#4081 = DEFINITIONAL_REPRESENTATION('',(#4082),#4086);
#4082 = LINE('',#4083,#4084);
#4083 = CARTESIAN_POINT('',(-4.712388980385,0.));
#4084 = VECTOR('',#4085,1.);
#4085 = DIRECTION('',(-0.,-1.));
#4086 = ( GEOMETRIC_REPRESENTATION_CONTEXT(2) 
PARAMETRIC_REPRESENTATION_CONTEXT() REPRESENTATION_CONTEXT('2D SPACE',''
  ) );
#4087 = ORIENTED_EDGE('',*,*,#4088,.T.);
#4088 = EDGE_CURVE('',#4066,#4089,#4091,.T.);
#4089 = VERTEX_POINT('',#4090);
#4090 = CARTESIAN_POINT('',(47.2,-10.65,9.3));
#4091 = SURFACE_CURVE('',#4092,(#4096,#4102),.PCURVE_S1.);
#4092 = LINE('',#4093,#4094);
#4093 = CARTESIAN_POINT('',(24.1,-10.65,9.3));
#4094 = VECTOR('',#4095,1.);
#4095 = DIRECTION('',(-1.,0.,0.));
#4096 = PCURVE('',#315,#4097);
#4097 = DEFINITIONAL_REPRESENTATION('',(#4098),#4101);
#4098 = B_SPLINE_CURVE_WITH_KNOTS('',1,(#4099,#4100),.UNSPECIFIED.,.F.,
  .F.,(2,2),(-24.1,-23.1),.PIECEWISE_BEZIER_KNOTS.);
#4099 = CARTESIAN_POINT('',(47.2,-9.3));
#4100 = CARTESIAN_POINT('',(46.2,-9.3));
#4101 = ( GEOMETRIC_REPRESENTATION_CONTEXT(2) 
PARAMETRIC_REPRESENTATION_CONTEXT() REPRESENTATION_CONTEXT('2D SPACE',''
  ) );
#4102 = PCURVE('',#4103,#4108);
#4103 = PLANE('',#4104);
#4104 = AXIS2_PLACEMENT_3D('',#4105,#4106,#4107);
#4105 = CARTESIAN_POINT('',(47.2,-7.7,9.3));
#4106 = DIRECTION('',(0.,0.,-1.));
#4107 = DIRECTION('',(0.,-1.,0.));
#4108 = DEFINITIONAL_REPRESENTATION('',(#4109),#4112);
#4109 = B_SPLINE_CURVE_WITH_KNOTS('',1,(#4110,#4111),.UNSPECIFIED.,.F.,
  .F.,(2,2),(-24.1,-23.1),.PIECEWISE_BEZIER_KNOTS.);
#4110 = CARTESIAN_POINT('',(2.95,-1.));
#4111 = CARTESIAN_POINT('',(2.95,0.));
#4112 = ( GEOMETRIC_REPRESENTATION_CONTEXT(2) 
PARAMETRIC_REPRESENTATION_CONTEXT() REPRESENTATION_CONTEXT('2D SPACE',''
  ) );
#4113 = ORIENTED_EDGE('',*,*,#4114,.T.);
#4114 = EDGE_CURVE('',#4089,#4115,#4117,.T.);
#4115 = VERTEX_POINT('',#4116);
#4116 = CARTESIAN_POINT('',(47.2,-10.65,6.35));
#4117 = SURFACE_CURVE('',#4118,(#4122,#4128),.PCURVE_S1.);
#4118 = LINE('',#4119,#4120);
#4119 = CARTESIAN_POINT('',(47.2,-10.65,4.756844828837));
#4120 = VECTOR('',#4121,1.);
#4121 = DIRECTION('',(0.,0.,-1.));
#4122 = PCURVE('',#315,#4123);
#4123 = DEFINITIONAL_REPRESENTATION('',(#4124),#4127);
#4124 = B_SPLINE_CURVE_WITH_KNOTS('',1,(#4125,#4126),.UNSPECIFIED.,.F.,
  .F.,(2,2),(-6.493155171163,-1.093155171163),.PIECEWISE_BEZIER_KNOTS.);
#4125 = CARTESIAN_POINT('',(46.2,-11.25));
#4126 = CARTESIAN_POINT('',(46.2,-5.85));
#4127 = ( GEOMETRIC_REPRESENTATION_CONTEXT(2) 
PARAMETRIC_REPRESENTATION_CONTEXT() REPRESENTATION_CONTEXT('2D SPACE',''
  ) );
#4128 = PCURVE('',#4129,#4134);
#4129 = PLANE('',#4130);
#4130 = AXIS2_PLACEMENT_3D('',#4131,#4132,#4133);
#4131 = CARTESIAN_POINT('',(47.2,-9.437203644322,9.513689657675));
#4132 = DIRECTION('',(1.,0.,0.));
#4133 = DIRECTION('',(0.,1.,0.));
#4134 = DEFINITIONAL_REPRESENTATION('',(#4135),#4138);
#4135 = B_SPLINE_CURVE_WITH_KNOTS('',1,(#4136,#4137),.UNSPECIFIED.,.F.,
  .F.,(2,2),(-6.493155171163,-1.093155171163),.PIECEWISE_BEZIER_KNOTS.);
#4136 = CARTESIAN_POINT('',(-1.212796355678,1.736310342325));
#4137 = CARTESIAN_POINT('',(-1.212796355678,-3.663689657675));
#4138 = ( GEOMETRIC_REPRESENTATION_CONTEXT(2) 
PARAMETRIC_REPRESENTATION_CONTEXT() REPRESENTATION_CONTEXT('2D SPACE',''
  ) );
#4139 = ORIENTED_EDGE('',*,*,#4140,.T.);
#4140 = EDGE_CURVE('',#4115,#4141,#4143,.T.);
#4141 = VERTEX_POINT('',#4142);
#4142 = CARTESIAN_POINT('',(48.2,-10.65,6.35));
#4143 = SURFACE_CURVE('',#4144,(#4148,#4154),.PCURVE_S1.);
#4144 = LINE('',#4145,#4146);
#4145 = CARTESIAN_POINT('',(24.1,-10.65,6.35));
#4146 = VECTOR('',#4147,1.);
#4147 = DIRECTION('',(1.,0.,-0.));
#4148 = PCURVE('',#315,#4149);
#4149 = DEFINITIONAL_REPRESENTATION('',(#4150),#4153);
#4150 = B_SPLINE_CURVE_WITH_KNOTS('',1,(#4151,#4152),.UNSPECIFIED.,.F.,
  .F.,(2,2),(23.1,24.1),.PIECEWISE_BEZIER_KNOTS.);
#4151 = CARTESIAN_POINT('',(46.2,-6.35));
#4152 = CARTESIAN_POINT('',(47.2,-6.35));
#4153 = ( GEOMETRIC_REPRESENTATION_CONTEXT(2) 
PARAMETRIC_REPRESENTATION_CONTEXT() REPRESENTATION_CONTEXT('2D SPACE',''
  ) );
#4154 = PCURVE('',#1886,#4155);
#4155 = DEFINITIONAL_REPRESENTATION('',(#4156),#4159);
#4156 = B_SPLINE_CURVE_WITH_KNOTS('',1,(#4157,#4158),.UNSPECIFIED.,.F.,
  .F.,(2,2),(23.1,24.1),.PIECEWISE_BEZIER_KNOTS.);
#4157 = CARTESIAN_POINT('',(0.707106781187,0.));
#4158 = CARTESIAN_POINT('',(0.707106781187,-1.));
#4159 = ( GEOMETRIC_REPRESENTATION_CONTEXT(2) 
PARAMETRIC_REPRESENTATION_CONTEXT() REPRESENTATION_CONTEXT('2D SPACE',''
  ) );
#4160 = ORIENTED_EDGE('',*,*,#4161,.F.);
#4161 = EDGE_CURVE('',#4162,#4141,#4164,.T.);
#4162 = VERTEX_POINT('',#4163);
#4163 = CARTESIAN_POINT('',(48.2,-10.65,0.));
#4164 = SURFACE_CURVE('',#4165,(#4169,#4176),.PCURVE_S1.);
#4165 = LINE('',#4166,#4167);
#4166 = CARTESIAN_POINT('',(48.2,-10.65,0.));
#4167 = VECTOR('',#4168,1.);
#4168 = DIRECTION('',(0.,0.,1.));
#4169 = PCURVE('',#315,#4170);
#4170 = DEFINITIONAL_REPRESENTATION('',(#4171),#4175);
#4171 = LINE('',#4172,#4173);
#4172 = CARTESIAN_POINT('',(47.2,0.));
#4173 = VECTOR('',#4174,1.);
#4174 = DIRECTION('',(0.,-1.));
#4175 = ( GEOMETRIC_REPRESENTATION_CONTEXT(2) 
PARAMETRIC_REPRESENTATION_CONTEXT() REPRESENTATION_CONTEXT('2D SPACE',''
  ) );
#4176 = PCURVE('',#1858,#4177);
#4177 = DEFINITIONAL_REPRESENTATION('',(#4178),#4182);
#4178 = LINE('',#4179,#4180);
#4179 = CARTESIAN_POINT('',(-4.712388980385,0.));
#4180 = VECTOR('',#4181,1.);
#4181 = DIRECTION('',(-0.,-1.));
#4182 = ( GEOMETRIC_REPRESENTATION_CONTEXT(2) 
PARAMETRIC_REPRESENTATION_CONTEXT() REPRESENTATION_CONTEXT('2D SPACE',''
  ) );
#4183 = ORIENTED_EDGE('',*,*,#4184,.F.);
#4184 = EDGE_CURVE('',#4185,#4162,#4187,.T.);
#4185 = VERTEX_POINT('',#4186);
#4186 = CARTESIAN_POINT('',(11.2,-10.65,0.));
#4187 = SURFACE_CURVE('',#4188,(#4192,#4199),.PCURVE_S1.);
#4188 = LINE('',#4189,#4190);
#4189 = CARTESIAN_POINT('',(24.6,-10.65,0.));
#4190 = VECTOR('',#4191,1.);
#4191 = DIRECTION('',(1.,0.,0.));
#4192 = PCURVE('',#315,#4193);
#4193 = DEFINITIONAL_REPRESENTATION('',(#4194),#4198);
#4194 = LINE('',#4195,#4196);
#4195 = CARTESIAN_POINT('',(23.6,0.));
#4196 = VECTOR('',#4197,1.);
#4197 = DIRECTION('',(1.,0.));
#4198 = ( GEOMETRIC_REPRESENTATION_CONTEXT(2) 
PARAMETRIC_REPRESENTATION_CONTEXT() REPRESENTATION_CONTEXT('2D SPACE',''
  ) );
#4199 = PCURVE('',#1830,#4200);
#4200 = DEFINITIONAL_REPRESENTATION('',(#4201),#4205);
#4201 = LINE('',#4202,#4203);
#4202 = CARTESIAN_POINT('',(-7.656069369312E-17,-10.65));
#4203 = VECTOR('',#4204,1.);
#4204 = DIRECTION('',(1.,0.));
#4205 = ( GEOMETRIC_REPRESENTATION_CONTEXT(2) 
PARAMETRIC_REPRESENTATION_CONTEXT() REPRESENTATION_CONTEXT('2D SPACE',''
  ) );
#4206 = ORIENTED_EDGE('',*,*,#4207,.T.);
#4207 = EDGE_CURVE('',#4185,#4208,#4210,.T.);
#4208 = VERTEX_POINT('',#4209);
#4209 = CARTESIAN_POINT('',(11.2,-10.65,1.5));
#4210 = SURFACE_CURVE('',#4211,(#4215,#4222),.PCURVE_S1.);
#4211 = LINE('',#4212,#4213);
#4212 = CARTESIAN_POINT('',(11.2,-10.65,0.));
#4213 = VECTOR('',#4214,1.);
#4214 = DIRECTION('',(0.,0.,1.));
#4215 = PCURVE('',#315,#4216);
#4216 = DEFINITIONAL_REPRESENTATION('',(#4217),#4221);
#4217 = LINE('',#4218,#4219);
#4218 = CARTESIAN_POINT('',(10.2,0.));
#4219 = VECTOR('',#4220,1.);
#4220 = DIRECTION('',(0.,-1.));
#4221 = ( GEOMETRIC_REPRESENTATION_CONTEXT(2) 
PARAMETRIC_REPRESENTATION_CONTEXT() REPRESENTATION_CONTEXT('2D SPACE',''
  ) );
#4222 = PCURVE('',#4223,#4228);
#4223 = PLANE('',#4224);
#4224 = AXIS2_PLACEMENT_3D('',#4225,#4226,#4227);
#4225 = CARTESIAN_POINT('',(11.2,-10.65,0.));
#4226 = DIRECTION('',(1.,0.,-0.));
#4227 = DIRECTION('',(0.,0.,1.));
#4228 = DEFINITIONAL_REPRESENTATION('',(#4229),#4233);
#4229 = LINE('',#4230,#4231);
#4230 = CARTESIAN_POINT('',(0.,0.));
#4231 = VECTOR('',#4232,1.);
#4232 = DIRECTION('',(1.,0.));
#4233 = ( GEOMETRIC_REPRESENTATION_CONTEXT(2) 
PARAMETRIC_REPRESENTATION_CONTEXT() REPRESENTATION_CONTEXT('2D SPACE',''
  ) );
#4234 = ORIENTED_EDGE('',*,*,#4235,.F.);
#4235 = EDGE_CURVE('',#4236,#4208,#4238,.T.);
#4236 = VERTEX_POINT('',#4237);
#4237 = CARTESIAN_POINT('',(10.,-10.65,1.5));
#4238 = SURFACE_CURVE('',#4239,(#4243,#4250),.PCURVE_S1.);
#4239 = LINE('',#4240,#4241);
#4240 = CARTESIAN_POINT('',(10.,-10.65,1.5));
#4241 = VECTOR('',#4242,1.);
#4242 = DIRECTION('',(1.,0.,-0.));
#4243 = PCURVE('',#315,#4244);
#4244 = DEFINITIONAL_REPRESENTATION('',(#4245),#4249);
#4245 = LINE('',#4246,#4247);
#4246 = CARTESIAN_POINT('',(9.,-1.5));
#4247 = VECTOR('',#4248,1.);
#4248 = DIRECTION('',(1.,0.));
#4249 = ( GEOMETRIC_REPRESENTATION_CONTEXT(2) 
PARAMETRIC_REPRESENTATION_CONTEXT() REPRESENTATION_CONTEXT('2D SPACE',''
  ) );
#4250 = PCURVE('',#4251,#4256);
#4251 = PLANE('',#4252);
#4252 = AXIS2_PLACEMENT_3D('',#4253,#4254,#4255);
#4253 = CARTESIAN_POINT('',(10.,-10.65,1.5));
#4254 = DIRECTION('',(0.,0.,1.));
#4255 = DIRECTION('',(1.,0.,-0.));
#4256 = DEFINITIONAL_REPRESENTATION('',(#4257),#4261);
#4257 = LINE('',#4258,#4259);
#4258 = CARTESIAN_POINT('',(0.,0.));
#4259 = VECTOR('',#4260,1.);
#4260 = DIRECTION('',(1.,0.));
#4261 = ( GEOMETRIC_REPRESENTATION_CONTEXT(2) 
PARAMETRIC_REPRESENTATION_CONTEXT() REPRESENTATION_CONTEXT('2D SPACE',''
  ) );
#4262 = ORIENTED_EDGE('',*,*,#4263,.F.);
#4263 = EDGE_CURVE('',#3743,#4236,#4264,.T.);
#4264 = SURFACE_CURVE('',#4265,(#4269,#4276),.PCURVE_S1.);
#4265 = LINE('',#4266,#4267);
#4266 = CARTESIAN_POINT('',(10.,-10.65,0.));
#4267 = VECTOR('',#4268,1.);
#4268 = DIRECTION('',(0.,0.,1.));
#4269 = PCURVE('',#315,#4270);
#4270 = DEFINITIONAL_REPRESENTATION('',(#4271),#4275);
#4271 = LINE('',#4272,#4273);
#4272 = CARTESIAN_POINT('',(9.,0.));
#4273 = VECTOR('',#4274,1.);
#4274 = DIRECTION('',(0.,-1.));
#4275 = ( GEOMETRIC_REPRESENTATION_CONTEXT(2) 
PARAMETRIC_REPRESENTATION_CONTEXT() REPRESENTATION_CONTEXT('2D SPACE',''
  ) );
#4276 = PCURVE('',#4277,#4282);
#4277 = PLANE('',#4278);
#4278 = AXIS2_PLACEMENT_3D('',#4279,#4280,#4281);
#4279 = CARTESIAN_POINT('',(10.,-10.65,0.));
#4280 = DIRECTION('',(1.,0.,-0.));
#4281 = DIRECTION('',(0.,0.,1.));
#4282 = DEFINITIONAL_REPRESENTATION('',(#4283),#4287);
#4283 = LINE('',#4284,#4285);
#4284 = CARTESIAN_POINT('',(0.,0.));
#4285 = VECTOR('',#4286,1.);
#4286 = DIRECTION('',(1.,0.));
#4287 = ( GEOMETRIC_REPRESENTATION_CONTEXT(2) 
PARAMETRIC_REPRESENTATION_CONTEXT() REPRESENTATION_CONTEXT('2D SPACE',''
  ) );
#4288 = FACE_BOUND('',#4289,.T.);
#4289 = EDGE_LOOP('',(#4290,#4318,#4344,#4370));
#4290 = ORIENTED_EDGE('',*,*,#4291,.T.);
#4291 = EDGE_CURVE('',#4292,#4294,#4296,.T.);
#4292 = VERTEX_POINT('',#4293);
#4293 = CARTESIAN_POINT('',(30.2,-10.65,9.3));
#4294 = VERTEX_POINT('',#4295);
#4295 = CARTESIAN_POINT('',(27.05,-10.65,9.3));
#4296 = SURFACE_CURVE('',#4297,(#4301,#4307),.PCURVE_S1.);
#4297 = LINE('',#4298,#4299);
#4298 = CARTESIAN_POINT('',(14.025,-10.65,9.3));
#4299 = VECTOR('',#4300,1.);
#4300 = DIRECTION('',(-1.,0.,0.));
#4301 = PCURVE('',#315,#4302);
#4302 = DEFINITIONAL_REPRESENTATION('',(#4303),#4306);
#4303 = B_SPLINE_CURVE_WITH_KNOTS('',1,(#4304,#4305),.UNSPECIFIED.,.F.,
  .F.,(2,2),(-16.175,-13.025),.PIECEWISE_BEZIER_KNOTS.);
#4304 = CARTESIAN_POINT('',(29.2,-9.3));
#4305 = CARTESIAN_POINT('',(26.05,-9.3));
#4306 = ( GEOMETRIC_REPRESENTATION_CONTEXT(2) 
PARAMETRIC_REPRESENTATION_CONTEXT() REPRESENTATION_CONTEXT('2D SPACE',''
  ) );
#4307 = PCURVE('',#4308,#4313);
#4308 = PLANE('',#4309);
#4309 = AXIS2_PLACEMENT_3D('',#4310,#4311,#4312);
#4310 = CARTESIAN_POINT('',(27.05,-7.7,9.3));
#4311 = DIRECTION('',(0.,0.,-1.));
#4312 = DIRECTION('',(0.,-1.,0.));
#4313 = DEFINITIONAL_REPRESENTATION('',(#4314),#4317);
#4314 = B_SPLINE_CURVE_WITH_KNOTS('',1,(#4315,#4316),.UNSPECIFIED.,.F.,
  .F.,(2,2),(-16.175,-13.025),.PIECEWISE_BEZIER_KNOTS.);
#4315 = CARTESIAN_POINT('',(2.95,-3.15));
#4316 = CARTESIAN_POINT('',(2.95,0.));
#4317 = ( GEOMETRIC_REPRESENTATION_CONTEXT(2) 
PARAMETRIC_REPRESENTATION_CONTEXT() REPRESENTATION_CONTEXT('2D SPACE',''
  ) );
#4318 = ORIENTED_EDGE('',*,*,#4319,.T.);
#4319 = EDGE_CURVE('',#4294,#4320,#4322,.T.);
#4320 = VERTEX_POINT('',#4321);
#4321 = CARTESIAN_POINT('',(27.05,-10.65,6.35));
#4322 = SURFACE_CURVE('',#4323,(#4327,#4333),.PCURVE_S1.);
#4323 = LINE('',#4324,#4325);
#4324 = CARTESIAN_POINT('',(27.05,-10.65,4.756844828837));
#4325 = VECTOR('',#4326,1.);
#4326 = DIRECTION('',(0.,0.,-1.));
#4327 = PCURVE('',#315,#4328);
#4328 = DEFINITIONAL_REPRESENTATION('',(#4329),#4332);
#4329 = B_SPLINE_CURVE_WITH_KNOTS('',1,(#4330,#4331),.UNSPECIFIED.,.F.,
  .F.,(2,2),(-6.493155171163,-1.093155171163),.PIECEWISE_BEZIER_KNOTS.);
#4330 = CARTESIAN_POINT('',(26.05,-11.25));
#4331 = CARTESIAN_POINT('',(26.05,-5.85));
#4332 = ( GEOMETRIC_REPRESENTATION_CONTEXT(2) 
PARAMETRIC_REPRESENTATION_CONTEXT() REPRESENTATION_CONTEXT('2D SPACE',''
  ) );
#4333 = PCURVE('',#4334,#4339);
#4334 = PLANE('',#4335);
#4335 = AXIS2_PLACEMENT_3D('',#4336,#4337,#4338);
#4336 = CARTESIAN_POINT('',(27.05,-9.437203644322,9.513689657675));
#4337 = DIRECTION('',(1.,0.,0.));
#4338 = DIRECTION('',(0.,1.,0.));
#4339 = DEFINITIONAL_REPRESENTATION('',(#4340),#4343);
#4340 = B_SPLINE_CURVE_WITH_KNOTS('',1,(#4341,#4342),.UNSPECIFIED.,.F.,
  .F.,(2,2),(-6.493155171163,-1.093155171163),.PIECEWISE_BEZIER_KNOTS.);
#4341 = CARTESIAN_POINT('',(-1.212796355678,1.736310342325));
#4342 = CARTESIAN_POINT('',(-1.212796355678,-3.663689657675));
#4343 = ( GEOMETRIC_REPRESENTATION_CONTEXT(2) 
PARAMETRIC_REPRESENTATION_CONTEXT() REPRESENTATION_CONTEXT('2D SPACE',''
  ) );
#4344 = ORIENTED_EDGE('',*,*,#4345,.T.);
#4345 = EDGE_CURVE('',#4320,#4346,#4348,.T.);
#4346 = VERTEX_POINT('',#4347);
#4347 = CARTESIAN_POINT('',(30.2,-10.65,6.35));
#4348 = SURFACE_CURVE('',#4349,(#4353,#4359),.PCURVE_S1.);
#4349 = LINE('',#4350,#4351);
#4350 = CARTESIAN_POINT('',(14.025,-10.65,6.35));
#4351 = VECTOR('',#4352,1.);
#4352 = DIRECTION('',(1.,0.,-0.));
#4353 = PCURVE('',#315,#4354);
#4354 = DEFINITIONAL_REPRESENTATION('',(#4355),#4358);
#4355 = B_SPLINE_CURVE_WITH_KNOTS('',1,(#4356,#4357),.UNSPECIFIED.,.F.,
  .F.,(2,2),(13.025,16.175),.PIECEWISE_BEZIER_KNOTS.);
#4356 = CARTESIAN_POINT('',(26.05,-6.35));
#4357 = CARTESIAN_POINT('',(29.2,-6.35));
#4358 = ( GEOMETRIC_REPRESENTATION_CONTEXT(2) 
PARAMETRIC_REPRESENTATION_CONTEXT() REPRESENTATION_CONTEXT('2D SPACE',''
  ) );
#4359 = PCURVE('',#4360,#4365);
#4360 = PLANE('',#4361);
#4361 = AXIS2_PLACEMENT_3D('',#4362,#4363,#4364);
#4362 = CARTESIAN_POINT('',(27.05,-11.15,5.85));
#4363 = DIRECTION('',(0.,-0.707106781187,0.707106781187));
#4364 = DIRECTION('',(0.,0.707106781187,0.707106781187));
#4365 = DEFINITIONAL_REPRESENTATION('',(#4366),#4369);
#4366 = B_SPLINE_CURVE_WITH_KNOTS('',1,(#4367,#4368),.UNSPECIFIED.,.F.,
  .F.,(2,2),(13.025,16.175),.PIECEWISE_BEZIER_KNOTS.);
#4367 = CARTESIAN_POINT('',(0.707106781187,0.));
#4368 = CARTESIAN_POINT('',(0.707106781187,-3.15));
#4369 = ( GEOMETRIC_REPRESENTATION_CONTEXT(2) 
PARAMETRIC_REPRESENTATION_CONTEXT() REPRESENTATION_CONTEXT('2D SPACE',''
  ) );
#4370 = ORIENTED_EDGE('',*,*,#4371,.F.);
#4371 = EDGE_CURVE('',#4292,#4346,#4372,.T.);
#4372 = SURFACE_CURVE('',#4373,(#4377,#4383),.PCURVE_S1.);
#4373 = LINE('',#4374,#4375);
#4374 = CARTESIAN_POINT('',(30.2,-10.65,4.756844828837));
#4375 = VECTOR('',#4376,1.);
#4376 = DIRECTION('',(0.,0.,-1.));
#4377 = PCURVE('',#315,#4378);
#4378 = DEFINITIONAL_REPRESENTATION('',(#4379),#4382);
#4379 = B_SPLINE_CURVE_WITH_KNOTS('',1,(#4380,#4381),.UNSPECIFIED.,.F.,
  .F.,(2,2),(-6.493155171163,-1.093155171163),.PIECEWISE_BEZIER_KNOTS.);
#4380 = CARTESIAN_POINT('',(29.2,-11.25));
#4381 = CARTESIAN_POINT('',(29.2,-5.85));
#4382 = ( GEOMETRIC_REPRESENTATION_CONTEXT(2) 
PARAMETRIC_REPRESENTATION_CONTEXT() REPRESENTATION_CONTEXT('2D SPACE',''
  ) );
#4383 = PCURVE('',#4384,#4389);
#4384 = PLANE('',#4385);
#4385 = AXIS2_PLACEMENT_3D('',#4386,#4387,#4388);
#4386 = CARTESIAN_POINT('',(30.2,-9.437203644322,9.513689657675));
#4387 = DIRECTION('',(1.,0.,0.));
#4388 = DIRECTION('',(0.,1.,0.));
#4389 = DEFINITIONAL_REPRESENTATION('',(#4390),#4393);
#4390 = B_SPLINE_CURVE_WITH_KNOTS('',1,(#4391,#4392),.UNSPECIFIED.,.F.,
  .F.,(2,2),(-6.493155171163,-1.093155171163),.PIECEWISE_BEZIER_KNOTS.);
#4391 = CARTESIAN_POINT('',(-1.212796355678,1.736310342325));
#4392 = CARTESIAN_POINT('',(-1.212796355678,-3.663689657675));
#4393 = ( GEOMETRIC_REPRESENTATION_CONTEXT(2) 
PARAMETRIC_REPRESENTATION_CONTEXT() REPRESENTATION_CONTEXT('2D SPACE',''
  ) );
#4394 = ADVANCED_FACE('',(#4395),#508,.F.);
#4395 = FACE_BOUND('',#4396,.F.);
#4396 = EDGE_LOOP('',(#4397,#4398,#4399,#4422));
#4397 = ORIENTED_EDGE('',*,*,#492,.F.);
#4398 = ORIENTED_EDGE('',*,*,#3767,.T.);
#4399 = ORIENTED_EDGE('',*,*,#4400,.T.);
#4400 = EDGE_CURVE('',#3768,#4401,#4403,.T.);
#4401 = VERTEX_POINT('',#4402);
#4402 = CARTESIAN_POINT('',(2.4,-10.05,8.9));
#4403 = SURFACE_CURVE('',#4404,(#4408,#4415),.PCURVE_S1.);
#4404 = LINE('',#4405,#4406);
#4405 = CARTESIAN_POINT('',(2.4,-11.25,8.9));
#4406 = VECTOR('',#4407,1.);
#4407 = DIRECTION('',(0.,1.,0.));
#4408 = PCURVE('',#508,#4409);
#4409 = DEFINITIONAL_REPRESENTATION('',(#4410),#4414);
#4410 = LINE('',#4411,#4412);
#4411 = CARTESIAN_POINT('',(0.,0.));
#4412 = VECTOR('',#4413,1.);
#4413 = DIRECTION('',(0.,-1.));
#4414 = ( GEOMETRIC_REPRESENTATION_CONTEXT(2) 
PARAMETRIC_REPRESENTATION_CONTEXT() REPRESENTATION_CONTEXT('2D SPACE',''
  ) );
#4415 = PCURVE('',#3803,#4416);
#4416 = DEFINITIONAL_REPRESENTATION('',(#4417),#4421);
#4417 = LINE('',#4418,#4419);
#4418 = CARTESIAN_POINT('',(-2.6,-1.2));
#4419 = VECTOR('',#4420,1.);
#4420 = DIRECTION('',(0.,1.));
#4421 = ( GEOMETRIC_REPRESENTATION_CONTEXT(2) 
PARAMETRIC_REPRESENTATION_CONTEXT() REPRESENTATION_CONTEXT('2D SPACE',''
  ) );
#4422 = ORIENTED_EDGE('',*,*,#4423,.T.);
#4423 = EDGE_CURVE('',#4401,#464,#4424,.T.);
#4424 = SURFACE_CURVE('',#4425,(#4429,#4436),.PCURVE_S1.);
#4425 = LINE('',#4426,#4427);
#4426 = CARTESIAN_POINT('',(2.4,-10.05,8.9));
#4427 = VECTOR('',#4428,1.);
#4428 = DIRECTION('',(0.,0.,1.));
#4429 = PCURVE('',#508,#4430);
#4430 = DEFINITIONAL_REPRESENTATION('',(#4431),#4435);
#4431 = LINE('',#4432,#4433);
#4432 = CARTESIAN_POINT('',(0.,-1.2));
#4433 = VECTOR('',#4434,1.);
#4434 = DIRECTION('',(1.,0.));
#4435 = ( GEOMETRIC_REPRESENTATION_CONTEXT(2) 
PARAMETRIC_REPRESENTATION_CONTEXT() REPRESENTATION_CONTEXT('2D SPACE',''
  ) );
#4436 = PCURVE('',#480,#4437);
#4437 = DEFINITIONAL_REPRESENTATION('',(#4438),#4442);
#4438 = LINE('',#4439,#4440);
#4439 = CARTESIAN_POINT('',(3.14159265359,0.));
#4440 = VECTOR('',#4441,1.);
#4441 = DIRECTION('',(0.,1.));
#4442 = ( GEOMETRIC_REPRESENTATION_CONTEXT(2) 
PARAMETRIC_REPRESENTATION_CONTEXT() REPRESENTATION_CONTEXT('2D SPACE',''
  ) );
#4443 = ADVANCED_FACE('',(#4444),#480,.T.);
#4444 = FACE_BOUND('',#4445,.T.);
#4445 = EDGE_LOOP('',(#4446,#4447,#4470,#4491));
#4446 = ORIENTED_EDGE('',*,*,#463,.F.);
#4447 = ORIENTED_EDGE('',*,*,#4448,.F.);
#4448 = EDGE_CURVE('',#4449,#436,#4451,.T.);
#4449 = VERTEX_POINT('',#4450);
#4450 = CARTESIAN_POINT('',(7.6,-10.05,8.9));
#4451 = SURFACE_CURVE('',#4452,(#4456,#4463),.PCURVE_S1.);
#4452 = LINE('',#4453,#4454);
#4453 = CARTESIAN_POINT('',(7.6,-10.05,8.9));
#4454 = VECTOR('',#4455,1.);
#4455 = DIRECTION('',(0.,0.,1.));
#4456 = PCURVE('',#480,#4457);
#4457 = DEFINITIONAL_REPRESENTATION('',(#4458),#4462);
#4458 = LINE('',#4459,#4460);
#4459 = CARTESIAN_POINT('',(0.,-0.));
#4460 = VECTOR('',#4461,1.);
#4461 = DIRECTION('',(0.,1.));
#4462 = ( GEOMETRIC_REPRESENTATION_CONTEXT(2) 
PARAMETRIC_REPRESENTATION_CONTEXT() REPRESENTATION_CONTEXT('2D SPACE',''
  ) );
#4463 = PCURVE('',#451,#4464);
#4464 = DEFINITIONAL_REPRESENTATION('',(#4465),#4469);
#4465 = LINE('',#4466,#4467);
#4466 = CARTESIAN_POINT('',(0.,-1.2));
#4467 = VECTOR('',#4468,1.);
#4468 = DIRECTION('',(1.,0.));
#4469 = ( GEOMETRIC_REPRESENTATION_CONTEXT(2) 
PARAMETRIC_REPRESENTATION_CONTEXT() REPRESENTATION_CONTEXT('2D SPACE',''
  ) );
#4470 = ORIENTED_EDGE('',*,*,#4471,.T.);
#4471 = EDGE_CURVE('',#4449,#4401,#4472,.T.);
#4472 = SURFACE_CURVE('',#4473,(#4478,#4485),.PCURVE_S1.);
#4473 = CIRCLE('',#4474,2.6);
#4474 = AXIS2_PLACEMENT_3D('',#4475,#4476,#4477);
#4475 = CARTESIAN_POINT('',(5.,-10.05,8.9));
#4476 = DIRECTION('',(0.,0.,1.));
#4477 = DIRECTION('',(1.,0.,0.));
#4478 = PCURVE('',#480,#4479);
#4479 = DEFINITIONAL_REPRESENTATION('',(#4480),#4484);
#4480 = LINE('',#4481,#4482);
#4481 = CARTESIAN_POINT('',(0.,0.));
#4482 = VECTOR('',#4483,1.);
#4483 = DIRECTION('',(1.,0.));
#4484 = ( GEOMETRIC_REPRESENTATION_CONTEXT(2) 
PARAMETRIC_REPRESENTATION_CONTEXT() REPRESENTATION_CONTEXT('2D SPACE',''
  ) );
#4485 = PCURVE('',#3831,#4486);
#4486 = DEFINITIONAL_REPRESENTATION('',(#4487),#4490);
#4487 = B_SPLINE_CURVE_WITH_KNOTS('',1,(#4488,#4489),.UNSPECIFIED.,.F.,
  .F.,(2,2),(0.,3.14159265359),.PIECEWISE_BEZIER_KNOTS.);
#4488 = CARTESIAN_POINT('',(0.,2.6));
#4489 = CARTESIAN_POINT('',(3.14159265359,2.6));
#4490 = ( GEOMETRIC_REPRESENTATION_CONTEXT(2) 
PARAMETRIC_REPRESENTATION_CONTEXT() REPRESENTATION_CONTEXT('2D SPACE',''
  ) );
#4491 = ORIENTED_EDGE('',*,*,#4423,.T.);
#4492 = ADVANCED_FACE('',(#4493),#451,.T.);
#4493 = FACE_BOUND('',#4494,.T.);
#4494 = EDGE_LOOP('',(#4495,#4496,#4497,#4518));
#4495 = ORIENTED_EDGE('',*,*,#435,.F.);
#4496 = ORIENTED_EDGE('',*,*,#3896,.T.);
#4497 = ORIENTED_EDGE('',*,*,#4498,.T.);
#4498 = EDGE_CURVE('',#3871,#4449,#4499,.T.);
#4499 = SURFACE_CURVE('',#4500,(#4504,#4511),.PCURVE_S1.);
#4500 = LINE('',#4501,#4502);
#4501 = CARTESIAN_POINT('',(7.6,-11.25,8.9));
#4502 = VECTOR('',#4503,1.);
#4503 = DIRECTION('',(0.,1.,0.));
#4504 = PCURVE('',#451,#4505);
#4505 = DEFINITIONAL_REPRESENTATION('',(#4506),#4510);
#4506 = LINE('',#4507,#4508);
#4507 = CARTESIAN_POINT('',(0.,0.));
#4508 = VECTOR('',#4509,1.);
#4509 = DIRECTION('',(0.,-1.));
#4510 = ( GEOMETRIC_REPRESENTATION_CONTEXT(2) 
PARAMETRIC_REPRESENTATION_CONTEXT() REPRESENTATION_CONTEXT('2D SPACE',''
  ) );
#4511 = PCURVE('',#3885,#4512);
#4512 = DEFINITIONAL_REPRESENTATION('',(#4513),#4517);
#4513 = LINE('',#4514,#4515);
#4514 = CARTESIAN_POINT('',(2.6,-1.2));
#4515 = VECTOR('',#4516,1.);
#4516 = DIRECTION('',(0.,1.));
#4517 = ( GEOMETRIC_REPRESENTATION_CONTEXT(2) 
PARAMETRIC_REPRESENTATION_CONTEXT() REPRESENTATION_CONTEXT('2D SPACE',''
  ) );
#4518 = ORIENTED_EDGE('',*,*,#4448,.T.);
#4519 = ADVANCED_FACE('',(#4520),#400,.F.);
#4520 = FACE_BOUND('',#4521,.F.);
#4521 = EDGE_LOOP('',(#4522,#4523,#4524,#4547));
#4522 = ORIENTED_EDGE('',*,*,#384,.F.);
#4523 = ORIENTED_EDGE('',*,*,#3916,.T.);
#4524 = ORIENTED_EDGE('',*,*,#4525,.T.);
#4525 = EDGE_CURVE('',#3917,#4526,#4528,.T.);
#4526 = VERTEX_POINT('',#4527);
#4527 = CARTESIAN_POINT('',(20.25,-10.05,8.9));
#4528 = SURFACE_CURVE('',#4529,(#4533,#4540),.PCURVE_S1.);
#4529 = LINE('',#4530,#4531);
#4530 = CARTESIAN_POINT('',(20.25,-11.25,8.9));
#4531 = VECTOR('',#4532,1.);
#4532 = DIRECTION('',(0.,1.,0.));
#4533 = PCURVE('',#400,#4534);
#4534 = DEFINITIONAL_REPRESENTATION('',(#4535),#4539);
#4535 = LINE('',#4536,#4537);
#4536 = CARTESIAN_POINT('',(0.,0.));
#4537 = VECTOR('',#4538,1.);
#4538 = DIRECTION('',(0.,-1.));
#4539 = ( GEOMETRIC_REPRESENTATION_CONTEXT(2) 
PARAMETRIC_REPRESENTATION_CONTEXT() REPRESENTATION_CONTEXT('2D SPACE',''
  ) );
#4540 = PCURVE('',#3952,#4541);
#4541 = DEFINITIONAL_REPRESENTATION('',(#4542),#4546);
#4542 = LINE('',#4543,#4544);
#4543 = CARTESIAN_POINT('',(-2.6,-1.2));
#4544 = VECTOR('',#4545,1.);
#4545 = DIRECTION('',(0.,1.));
#4546 = ( GEOMETRIC_REPRESENTATION_CONTEXT(2) 
PARAMETRIC_REPRESENTATION_CONTEXT() REPRESENTATION_CONTEXT('2D SPACE',''
  ) );
#4547 = ORIENTED_EDGE('',*,*,#4548,.T.);
#4548 = EDGE_CURVE('',#4526,#356,#4549,.T.);
#4549 = SURFACE_CURVE('',#4550,(#4554,#4561),.PCURVE_S1.);
#4550 = LINE('',#4551,#4552);
#4551 = CARTESIAN_POINT('',(20.25,-10.05,8.9));
#4552 = VECTOR('',#4553,1.);
#4553 = DIRECTION('',(0.,0.,1.));
#4554 = PCURVE('',#400,#4555);
#4555 = DEFINITIONAL_REPRESENTATION('',(#4556),#4560);
#4556 = LINE('',#4557,#4558);
#4557 = CARTESIAN_POINT('',(0.,-1.2));
#4558 = VECTOR('',#4559,1.);
#4559 = DIRECTION('',(1.,0.));
#4560 = ( GEOMETRIC_REPRESENTATION_CONTEXT(2) 
PARAMETRIC_REPRESENTATION_CONTEXT() REPRESENTATION_CONTEXT('2D SPACE',''
  ) );
#4561 = PCURVE('',#372,#4562);
#4562 = DEFINITIONAL_REPRESENTATION('',(#4563),#4567);
#4563 = LINE('',#4564,#4565);
#4564 = CARTESIAN_POINT('',(3.14159265359,0.));
#4565 = VECTOR('',#4566,1.);
#4566 = DIRECTION('',(0.,1.));
#4567 = ( GEOMETRIC_REPRESENTATION_CONTEXT(2) 
PARAMETRIC_REPRESENTATION_CONTEXT() REPRESENTATION_CONTEXT('2D SPACE',''
  ) );
#4568 = ADVANCED_FACE('',(#4569),#372,.T.);
#4569 = FACE_BOUND('',#4570,.T.);
#4570 = EDGE_LOOP('',(#4571,#4572,#4595,#4616));
#4571 = ORIENTED_EDGE('',*,*,#355,.F.);
#4572 = ORIENTED_EDGE('',*,*,#4573,.F.);
#4573 = EDGE_CURVE('',#4574,#328,#4576,.T.);
#4574 = VERTEX_POINT('',#4575);
#4575 = CARTESIAN_POINT('',(25.45,-10.05,8.9));
#4576 = SURFACE_CURVE('',#4577,(#4581,#4588),.PCURVE_S1.);
#4577 = LINE('',#4578,#4579);
#4578 = CARTESIAN_POINT('',(25.45,-10.05,8.9));
#4579 = VECTOR('',#4580,1.);
#4580 = DIRECTION('',(0.,0.,1.));
#4581 = PCURVE('',#372,#4582);
#4582 = DEFINITIONAL_REPRESENTATION('',(#4583),#4587);
#4583 = LINE('',#4584,#4585);
#4584 = CARTESIAN_POINT('',(0.,-0.));
#4585 = VECTOR('',#4586,1.);
#4586 = DIRECTION('',(0.,1.));
#4587 = ( GEOMETRIC_REPRESENTATION_CONTEXT(2) 
PARAMETRIC_REPRESENTATION_CONTEXT() REPRESENTATION_CONTEXT('2D SPACE',''
  ) );
#4588 = PCURVE('',#343,#4589);
#4589 = DEFINITIONAL_REPRESENTATION('',(#4590),#4594);
#4590 = LINE('',#4591,#4592);
#4591 = CARTESIAN_POINT('',(0.,-1.2));
#4592 = VECTOR('',#4593,1.);
#4593 = DIRECTION('',(1.,0.));
#4594 = ( GEOMETRIC_REPRESENTATION_CONTEXT(2) 
PARAMETRIC_REPRESENTATION_CONTEXT() REPRESENTATION_CONTEXT('2D SPACE',''
  ) );
#4595 = ORIENTED_EDGE('',*,*,#4596,.T.);
#4596 = EDGE_CURVE('',#4574,#4526,#4597,.T.);
#4597 = SURFACE_CURVE('',#4598,(#4603,#4610),.PCURVE_S1.);
#4598 = CIRCLE('',#4599,2.6);
#4599 = AXIS2_PLACEMENT_3D('',#4600,#4601,#4602);
#4600 = CARTESIAN_POINT('',(22.85,-10.05,8.9));
#4601 = DIRECTION('',(0.,0.,1.));
#4602 = DIRECTION('',(1.,0.,0.));
#4603 = PCURVE('',#372,#4604);
#4604 = DEFINITIONAL_REPRESENTATION('',(#4605),#4609);
#4605 = LINE('',#4606,#4607);
#4606 = CARTESIAN_POINT('',(0.,0.));
#4607 = VECTOR('',#4608,1.);
#4608 = DIRECTION('',(1.,0.));
#4609 = ( GEOMETRIC_REPRESENTATION_CONTEXT(2) 
PARAMETRIC_REPRESENTATION_CONTEXT() REPRESENTATION_CONTEXT('2D SPACE',''
  ) );
#4610 = PCURVE('',#3980,#4611);
#4611 = DEFINITIONAL_REPRESENTATION('',(#4612),#4615);
#4612 = B_SPLINE_CURVE_WITH_KNOTS('',1,(#4613,#4614),.UNSPECIFIED.,.F.,
  .F.,(2,2),(0.,3.14159265359),.PIECEWISE_BEZIER_KNOTS.);
#4613 = CARTESIAN_POINT('',(0.,2.6));
#4614 = CARTESIAN_POINT('',(3.14159265359,2.6));
#4615 = ( GEOMETRIC_REPRESENTATION_CONTEXT(2) 
PARAMETRIC_REPRESENTATION_CONTEXT() REPRESENTATION_CONTEXT('2D SPACE',''
  ) );
#4616 = ORIENTED_EDGE('',*,*,#4548,.T.);
#4617 = ADVANCED_FACE('',(#4618),#343,.T.);
#4618 = FACE_BOUND('',#4619,.T.);
#4619 = EDGE_LOOP('',(#4620,#4621,#4622,#4643));
#4620 = ORIENTED_EDGE('',*,*,#327,.F.);
#4621 = ORIENTED_EDGE('',*,*,#4045,.T.);
#4622 = ORIENTED_EDGE('',*,*,#4623,.T.);
#4623 = EDGE_CURVE('',#4020,#4574,#4624,.T.);
#4624 = SURFACE_CURVE('',#4625,(#4629,#4636),.PCURVE_S1.);
#4625 = LINE('',#4626,#4627);
#4626 = CARTESIAN_POINT('',(25.45,-11.25,8.9));
#4627 = VECTOR('',#4628,1.);
#4628 = DIRECTION('',(0.,1.,0.));
#4629 = PCURVE('',#343,#4630);
#4630 = DEFINITIONAL_REPRESENTATION('',(#4631),#4635);
#4631 = LINE('',#4632,#4633);
#4632 = CARTESIAN_POINT('',(0.,0.));
#4633 = VECTOR('',#4634,1.);
#4634 = DIRECTION('',(0.,-1.));
#4635 = ( GEOMETRIC_REPRESENTATION_CONTEXT(2) 
PARAMETRIC_REPRESENTATION_CONTEXT() REPRESENTATION_CONTEXT('2D SPACE',''
  ) );
#4636 = PCURVE('',#4034,#4637);
#4637 = DEFINITIONAL_REPRESENTATION('',(#4638),#4642);
#4638 = LINE('',#4639,#4640);
#4639 = CARTESIAN_POINT('',(2.6,-1.2));
#4640 = VECTOR('',#4641,1.);
#4641 = DIRECTION('',(0.,1.));
#4642 = ( GEOMETRIC_REPRESENTATION_CONTEXT(2) 
PARAMETRIC_REPRESENTATION_CONTEXT() REPRESENTATION_CONTEXT('2D SPACE',''
  ) );
#4643 = ORIENTED_EDGE('',*,*,#4573,.T.);
#4644 = ADVANCED_FACE('',(#4645),#287,.F.);
#4645 = FACE_BOUND('',#4646,.T.);
#4646 = EDGE_LOOP('',(#4647,#4671,#4672,#4673,#4674,#4698,#4724,#4757));
#4647 = ORIENTED_EDGE('',*,*,#4648,.T.);
#4648 = EDGE_CURVE('',#4649,#4066,#4651,.T.);
#4649 = VERTEX_POINT('',#4650);
#4650 = CARTESIAN_POINT('',(48.765132727773,-10.475,9.3));
#4651 = SURFACE_CURVE('',#4652,(#4657,#4664),.PCURVE_S1.);
#4652 = CIRCLE('',#4653,1.);
#4653 = AXIS2_PLACEMENT_3D('',#4654,#4655,#4656);
#4654 = CARTESIAN_POINT('',(48.2,-9.65,9.3));
#4655 = DIRECTION('',(0.,0.,-1.));
#4656 = DIRECTION('',(1.,0.,0.));
#4657 = PCURVE('',#287,#4658);
#4658 = DEFINITIONAL_REPRESENTATION('',(#4659),#4663);
#4659 = LINE('',#4660,#4661);
#4660 = CARTESIAN_POINT('',(-6.28318530718,-9.3));
#4661 = VECTOR('',#4662,1.);
#4662 = DIRECTION('',(1.,-0.));
#4663 = ( GEOMETRIC_REPRESENTATION_CONTEXT(2) 
PARAMETRIC_REPRESENTATION_CONTEXT() REPRESENTATION_CONTEXT('2D SPACE',''
  ) );
#4664 = PCURVE('',#4103,#4665);
#4665 = DEFINITIONAL_REPRESENTATION('',(#4666),#4670);
#4666 = CIRCLE('',#4667,1.);
#4667 = AXIS2_PLACEMENT_2D('',#4668,#4669);
#4668 = CARTESIAN_POINT('',(1.95,-1.));
#4669 = DIRECTION('',(0.,-1.));
#4670 = ( GEOMETRIC_REPRESENTATION_CONTEXT(2) 
PARAMETRIC_REPRESENTATION_CONTEXT() REPRESENTATION_CONTEXT('2D SPACE',''
  ) );
#4671 = ORIENTED_EDGE('',*,*,#4065,.T.);
#4672 = ORIENTED_EDGE('',*,*,#270,.T.);
#4673 = ORIENTED_EDGE('',*,*,#2122,.F.);
#4674 = ORIENTED_EDGE('',*,*,#4675,.T.);
#4675 = EDGE_CURVE('',#2095,#4676,#4678,.T.);
#4676 = VERTEX_POINT('',#4677);
#4677 = CARTESIAN_POINT('',(49.174358763495,-9.875,11.25));
#4678 = SURFACE_CURVE('',#4679,(#4684,#4691),.PCURVE_S1.);
#4679 = CIRCLE('',#4680,1.);
#4680 = AXIS2_PLACEMENT_3D('',#4681,#4682,#4683);
#4681 = CARTESIAN_POINT('',(48.2,-9.65,11.25));
#4682 = DIRECTION('',(0.,0.,-1.));
#4683 = DIRECTION('',(1.,0.,0.));
#4684 = PCURVE('',#287,#4685);
#4685 = DEFINITIONAL_REPRESENTATION('',(#4686),#4690);
#4686 = LINE('',#4687,#4688);
#4687 = CARTESIAN_POINT('',(-6.28318530718,-11.25));
#4688 = VECTOR('',#4689,1.);
#4689 = DIRECTION('',(1.,-0.));
#4690 = ( GEOMETRIC_REPRESENTATION_CONTEXT(2) 
PARAMETRIC_REPRESENTATION_CONTEXT() REPRESENTATION_CONTEXT('2D SPACE',''
  ) );
#4691 = PCURVE('',#2110,#4692);
#4692 = DEFINITIONAL_REPRESENTATION('',(#4693),#4697);
#4693 = CIRCLE('',#4694,1.);
#4694 = AXIS2_PLACEMENT_2D('',#4695,#4696);
#4695 = CARTESIAN_POINT('',(7.5E-02,-1.));
#4696 = DIRECTION('',(0.,-1.));
#4697 = ( GEOMETRIC_REPRESENTATION_CONTEXT(2) 
PARAMETRIC_REPRESENTATION_CONTEXT() REPRESENTATION_CONTEXT('2D SPACE',''
  ) );
#4698 = ORIENTED_EDGE('',*,*,#4699,.T.);
#4699 = EDGE_CURVE('',#4676,#4700,#4702,.T.);
#4700 = VERTEX_POINT('',#4701);
#4701 = CARTESIAN_POINT('',(49.174358763495,-9.875,7.7));
#4702 = SURFACE_CURVE('',#4703,(#4707,#4713),.PCURVE_S1.);
#4703 = LINE('',#4704,#4705);
#4704 = CARTESIAN_POINT('',(49.174358763495,-9.875,0.));
#4705 = VECTOR('',#4706,1.);
#4706 = DIRECTION('',(-0.,-0.,-1.));
#4707 = PCURVE('',#287,#4708);
#4708 = DEFINITIONAL_REPRESENTATION('',(#4709),#4712);
#4709 = B_SPLINE_CURVE_WITH_KNOTS('',1,(#4710,#4711),.UNSPECIFIED.,.F.,
  .F.,(2,2),(-11.605,-7.345),.PIECEWISE_BEZIER_KNOTS.);
#4710 = CARTESIAN_POINT('',(-6.056242271001,-11.605));
#4711 = CARTESIAN_POINT('',(-6.056242271001,-7.345));
#4712 = ( GEOMETRIC_REPRESENTATION_CONTEXT(2) 
PARAMETRIC_REPRESENTATION_CONTEXT() REPRESENTATION_CONTEXT('2D SPACE',''
  ) );
#4713 = PCURVE('',#4714,#4719);
#4714 = PLANE('',#4715);
#4715 = AXIS2_PLACEMENT_3D('',#4716,#4717,#4718);
#4716 = CARTESIAN_POINT('',(46.7,-9.875,7.7));
#4717 = DIRECTION('',(0.,1.,0.));
#4718 = DIRECTION('',(0.,0.,1.));
#4719 = DEFINITIONAL_REPRESENTATION('',(#4720),#4723);
#4720 = B_SPLINE_CURVE_WITH_KNOTS('',1,(#4721,#4722),.UNSPECIFIED.,.F.,
  .F.,(2,2),(-11.605,-7.345),.PIECEWISE_BEZIER_KNOTS.);
#4721 = CARTESIAN_POINT('',(3.905,2.474358763495));
#4722 = CARTESIAN_POINT('',(-0.355,2.474358763495));
#4723 = ( GEOMETRIC_REPRESENTATION_CONTEXT(2) 
PARAMETRIC_REPRESENTATION_CONTEXT() REPRESENTATION_CONTEXT('2D SPACE',''
  ) );
#4724 = ORIENTED_EDGE('',*,*,#4725,.T.);
#4725 = EDGE_CURVE('',#4700,#4726,#4728,.T.);
#4726 = VERTEX_POINT('',#4727);
#4727 = CARTESIAN_POINT('',(48.765132727773,-10.475,7.7));
#4728 = SURFACE_CURVE('',#4729,(#4734,#4741),.PCURVE_S1.);
#4729 = CIRCLE('',#4730,1.);
#4730 = AXIS2_PLACEMENT_3D('',#4731,#4732,#4733);
#4731 = CARTESIAN_POINT('',(48.2,-9.65,7.7));
#4732 = DIRECTION('',(0.,0.,-1.));
#4733 = DIRECTION('',(1.,0.,0.));
#4734 = PCURVE('',#287,#4735);
#4735 = DEFINITIONAL_REPRESENTATION('',(#4736),#4740);
#4736 = LINE('',#4737,#4738);
#4737 = CARTESIAN_POINT('',(-6.28318530718,-7.7));
#4738 = VECTOR('',#4739,1.);
#4739 = DIRECTION('',(1.,-0.));
#4740 = ( GEOMETRIC_REPRESENTATION_CONTEXT(2) 
PARAMETRIC_REPRESENTATION_CONTEXT() REPRESENTATION_CONTEXT('2D SPACE',''
  ) );
#4741 = PCURVE('',#4742,#4747);
#4742 = PLANE('',#4743);
#4743 = AXIS2_PLACEMENT_3D('',#4744,#4745,#4746);
#4744 = CARTESIAN_POINT('',(46.7,-10.475,7.7));
#4745 = DIRECTION('',(0.,0.,1.));
#4746 = DIRECTION('',(1.,0.,0.));
#4747 = DEFINITIONAL_REPRESENTATION('',(#4748),#4756);
#4748 = ( BOUNDED_CURVE() B_SPLINE_CURVE(2,(#4749,#4750,#4751,#4752,
#4753,#4754,#4755),.UNSPECIFIED.,.T.,.F.) B_SPLINE_CURVE_WITH_KNOTS((1,2
    ,2,2,2,1),(-2.094395102393,0.,2.094395102393,4.188790204786,
6.28318530718,8.377580409573),.UNSPECIFIED.) CURVE() 
GEOMETRIC_REPRESENTATION_ITEM() RATIONAL_B_SPLINE_CURVE((1.,0.5,1.,0.5,
1.,0.5,1.)) REPRESENTATION_ITEM('') );
#4749 = CARTESIAN_POINT('',(2.5,0.825));
#4750 = CARTESIAN_POINT('',(2.5,-0.907050807569));
#4751 = CARTESIAN_POINT('',(1.,-4.102540378444E-02));
#4752 = CARTESIAN_POINT('',(-0.5,0.825));
#4753 = CARTESIAN_POINT('',(1.,1.691025403784));
#4754 = CARTESIAN_POINT('',(2.5,2.557050807569));
#4755 = CARTESIAN_POINT('',(2.5,0.825));
#4756 = ( GEOMETRIC_REPRESENTATION_CONTEXT(2) 
PARAMETRIC_REPRESENTATION_CONTEXT() REPRESENTATION_CONTEXT('2D SPACE',''
  ) );
#4757 = ORIENTED_EDGE('',*,*,#4758,.F.);
#4758 = EDGE_CURVE('',#4649,#4726,#4759,.T.);
#4759 = SURFACE_CURVE('',#4760,(#4764,#4770),.PCURVE_S1.);
#4760 = LINE('',#4761,#4762);
#4761 = CARTESIAN_POINT('',(48.765132727773,-10.475,0.));
#4762 = VECTOR('',#4763,1.);
#4763 = DIRECTION('',(-0.,-0.,-1.));
#4764 = PCURVE('',#287,#4765);
#4765 = DEFINITIONAL_REPRESENTATION('',(#4766),#4769);
#4766 = B_SPLINE_CURVE_WITH_KNOTS('',1,(#4767,#4768),.UNSPECIFIED.,.F.,
  .F.,(2,2),(-9.46,-7.54),.PIECEWISE_BEZIER_KNOTS.);
#4767 = CARTESIAN_POINT('',(-5.312983107251,-9.46));
#4768 = CARTESIAN_POINT('',(-5.312983107251,-7.54));
#4769 = ( GEOMETRIC_REPRESENTATION_CONTEXT(2) 
PARAMETRIC_REPRESENTATION_CONTEXT() REPRESENTATION_CONTEXT('2D SPACE',''
  ) );
#4770 = PCURVE('',#4771,#4776);
#4771 = PLANE('',#4772);
#4772 = AXIS2_PLACEMENT_3D('',#4773,#4774,#4775);
#4773 = CARTESIAN_POINT('',(46.7,-10.475,7.7));
#4774 = DIRECTION('',(0.,1.,0.));
#4775 = DIRECTION('',(0.,0.,1.));
#4776 = DEFINITIONAL_REPRESENTATION('',(#4777),#4780);
#4777 = B_SPLINE_CURVE_WITH_KNOTS('',1,(#4778,#4779),.UNSPECIFIED.,.F.,
  .F.,(2,2),(-9.46,-7.54),.PIECEWISE_BEZIER_KNOTS.);
#4778 = CARTESIAN_POINT('',(1.76,2.065132727773));
#4779 = CARTESIAN_POINT('',(-0.16,2.065132727773));
#4780 = ( GEOMETRIC_REPRESENTATION_CONTEXT(2) 
PARAMETRIC_REPRESENTATION_CONTEXT() REPRESENTATION_CONTEXT('2D SPACE',''
  ) );
#4781 = ADVANCED_FACE('',(#4782),#231,.T.);
#4782 = FACE_BOUND('',#4783,.T.);
#4783 = EDGE_LOOP('',(#4784,#4807,#4808,#4809,#4810,#4831));
#4784 = ORIENTED_EDGE('',*,*,#4785,.F.);
#4785 = EDGE_CURVE('',#2145,#4786,#4788,.T.);
#4786 = VERTEX_POINT('',#4787);
#4787 = CARTESIAN_POINT('',(50.7,-4.82,9.21));
#4788 = SURFACE_CURVE('',#4789,(#4793,#4800),.PCURVE_S1.);
#4789 = LINE('',#4790,#4791);
#4790 = CARTESIAN_POINT('',(48.2,-4.82,9.21));
#4791 = VECTOR('',#4792,1.);
#4792 = DIRECTION('',(1.,0.,-0.));
#4793 = PCURVE('',#231,#4794);
#4794 = DEFINITIONAL_REPRESENTATION('',(#4795),#4799);
#4795 = LINE('',#4796,#4797);
#4796 = CARTESIAN_POINT('',(0.,0.));
#4797 = VECTOR('',#4798,1.);
#4798 = DIRECTION('',(0.,1.));
#4799 = ( GEOMETRIC_REPRESENTATION_CONTEXT(2) 
PARAMETRIC_REPRESENTATION_CONTEXT() REPRESENTATION_CONTEXT('2D SPACE',''
  ) );
#4800 = PCURVE('',#1731,#4801);
#4801 = DEFINITIONAL_REPRESENTATION('',(#4802),#4806);
#4802 = LINE('',#4803,#4804);
#4803 = CARTESIAN_POINT('',(0.,0.));
#4804 = VECTOR('',#4805,1.);
#4805 = DIRECTION('',(1.,0.));
#4806 = ( GEOMETRIC_REPRESENTATION_CONTEXT(2) 
PARAMETRIC_REPRESENTATION_CONTEXT() REPRESENTATION_CONTEXT('2D SPACE',''
  ) );
#4807 = ORIENTED_EDGE('',*,*,#2144,.F.);
#4808 = ORIENTED_EDGE('',*,*,#216,.F.);
#4809 = ORIENTED_EDGE('',*,*,#1538,.T.);
#4810 = ORIENTED_EDGE('',*,*,#4811,.F.);
#4811 = EDGE_CURVE('',#4812,#1539,#4814,.T.);
#4812 = VERTEX_POINT('',#4813);
#4813 = CARTESIAN_POINT('',(50.7,-4.82,15.16));
#4814 = SURFACE_CURVE('',#4815,(#4819,#4825),.PCURVE_S1.);
#4815 = LINE('',#4816,#4817);
#4816 = CARTESIAN_POINT('',(49.45,-4.82,15.16));
#4817 = VECTOR('',#4818,1.);
#4818 = DIRECTION('',(1.,0.,-0.));
#4819 = PCURVE('',#231,#4820);
#4820 = DEFINITIONAL_REPRESENTATION('',(#4821),#4824);
#4821 = B_SPLINE_CURVE_WITH_KNOTS('',1,(#4822,#4823),.UNSPECIFIED.,.F.,
  .F.,(2,2),(1.25,1.75),.PIECEWISE_BEZIER_KNOTS.);
#4822 = CARTESIAN_POINT('',(5.95,2.5));
#4823 = CARTESIAN_POINT('',(5.95,3.));
#4824 = ( GEOMETRIC_REPRESENTATION_CONTEXT(2) 
PARAMETRIC_REPRESENTATION_CONTEXT() REPRESENTATION_CONTEXT('2D SPACE',''
  ) );
#4825 = PCURVE('',#1574,#4826);
#4826 = DEFINITIONAL_REPRESENTATION('',(#4827),#4830);
#4827 = B_SPLINE_CURVE_WITH_KNOTS('',1,(#4828,#4829),.UNSPECIFIED.,.F.,
  .F.,(2,2),(1.25,1.75),.PIECEWISE_BEZIER_KNOTS.);
#4828 = CARTESIAN_POINT('',(0.,1.38));
#4829 = CARTESIAN_POINT('',(0.5,1.38));
#4830 = ( GEOMETRIC_REPRESENTATION_CONTEXT(2) 
PARAMETRIC_REPRESENTATION_CONTEXT() REPRESENTATION_CONTEXT('2D SPACE',''
  ) );
#4831 = ORIENTED_EDGE('',*,*,#4832,.T.);
#4832 = EDGE_CURVE('',#4812,#4786,#4833,.T.);
#4833 = SURFACE_CURVE('',#4834,(#4838,#4844),.PCURVE_S1.);
#4834 = LINE('',#4835,#4836);
#4835 = CARTESIAN_POINT('',(50.7,-4.82,8.685));
#4836 = VECTOR('',#4837,1.);
#4837 = DIRECTION('',(-0.,0.,-1.));
#4838 = PCURVE('',#231,#4839);
#4839 = DEFINITIONAL_REPRESENTATION('',(#4840),#4843);
#4840 = B_SPLINE_CURVE_WITH_KNOTS('',1,(#4841,#4842),.UNSPECIFIED.,.F.,
  .F.,(2,2),(-6.475,-0.525),.PIECEWISE_BEZIER_KNOTS.);
#4841 = CARTESIAN_POINT('',(5.95,2.5));
#4842 = CARTESIAN_POINT('',(0.,2.5));
#4843 = ( GEOMETRIC_REPRESENTATION_CONTEXT(2) 
PARAMETRIC_REPRESENTATION_CONTEXT() REPRESENTATION_CONTEXT('2D SPACE',''
  ) );
#4844 = PCURVE('',#1798,#4845);
#4845 = DEFINITIONAL_REPRESENTATION('',(#4846),#4849);
#4846 = B_SPLINE_CURVE_WITH_KNOTS('',1,(#4847,#4848),.UNSPECIFIED.,.F.,
  .F.,(2,2),(-6.475,-0.525),.PIECEWISE_BEZIER_KNOTS.);
#4847 = CARTESIAN_POINT('',(7.,-1.38));
#4848 = CARTESIAN_POINT('',(1.05,-1.38));
#4849 = ( GEOMETRIC_REPRESENTATION_CONTEXT(2) 
PARAMETRIC_REPRESENTATION_CONTEXT() REPRESENTATION_CONTEXT('2D SPACE',''
  ) );
#4850 = ADVANCED_FACE('',(#4851),#176,.T.);
#4851 = FACE_BOUND('',#4852,.F.);
#4852 = EDGE_LOOP('',(#4853,#4876,#4877,#4878));
#4853 = ORIENTED_EDGE('',*,*,#4854,.T.);
#4854 = EDGE_CURVE('',#4855,#137,#4857,.T.);
#4855 = VERTEX_POINT('',#4856);
#4856 = CARTESIAN_POINT('',(48.2,-12.65,-2.));
#4857 = SURFACE_CURVE('',#4858,(#4862,#4869),.PCURVE_S1.);
#4858 = LINE('',#4859,#4860);
#4859 = CARTESIAN_POINT('',(48.2,-12.65,-2.));
#4860 = VECTOR('',#4861,1.);
#4861 = DIRECTION('',(0.,0.,1.));
#4862 = PCURVE('',#176,#4863);
#4863 = DEFINITIONAL_REPRESENTATION('',(#4864),#4868);
#4864 = LINE('',#4865,#4866);
#4865 = CARTESIAN_POINT('',(-4.712388980385,0.));
#4866 = VECTOR('',#4867,1.);
#4867 = DIRECTION('',(-0.,-1.));
#4868 = ( GEOMETRIC_REPRESENTATION_CONTEXT(2) 
PARAMETRIC_REPRESENTATION_CONTEXT() REPRESENTATION_CONTEXT('2D SPACE',''
  ) );
#4869 = PCURVE('',#101,#4870);
#4870 = DEFINITIONAL_REPRESENTATION('',(#4871),#4875);
#4871 = LINE('',#4872,#4873);
#4872 = CARTESIAN_POINT('',(47.2,0.));
#4873 = VECTOR('',#4874,1.);
#4874 = DIRECTION('',(0.,-1.));
#4875 = ( GEOMETRIC_REPRESENTATION_CONTEXT(2) 
PARAMETRIC_REPRESENTATION_CONTEXT() REPRESENTATION_CONTEXT('2D SPACE',''
  ) );
#4876 = ORIENTED_EDGE('',*,*,#159,.T.);
#4877 = ORIENTED_EDGE('',*,*,#1516,.F.);
#4878 = ORIENTED_EDGE('',*,*,#4879,.F.);
#4879 = EDGE_CURVE('',#4855,#1494,#4880,.T.);
#4880 = SURFACE_CURVE('',#4881,(#4886,#4893),.PCURVE_S1.);
#4881 = CIRCLE('',#4882,3.);
#4882 = AXIS2_PLACEMENT_3D('',#4883,#4884,#4885);
#4883 = CARTESIAN_POINT('',(48.2,-9.65,-2.));
#4884 = DIRECTION('',(0.,0.,1.));
#4885 = DIRECTION('',(1.,0.,0.));
#4886 = PCURVE('',#176,#4887);
#4887 = DEFINITIONAL_REPRESENTATION('',(#4888),#4892);
#4888 = LINE('',#4889,#4890);
#4889 = CARTESIAN_POINT('',(-0.,0.));
#4890 = VECTOR('',#4891,1.);
#4891 = DIRECTION('',(-1.,0.));
#4892 = ( GEOMETRIC_REPRESENTATION_CONTEXT(2) 
PARAMETRIC_REPRESENTATION_CONTEXT() REPRESENTATION_CONTEXT('2D SPACE',''
  ) );
#4893 = PCURVE('',#1292,#4894);
#4894 = DEFINITIONAL_REPRESENTATION('',(#4895),#4899);
#4895 = CIRCLE('',#4896,3.);
#4896 = AXIS2_PLACEMENT_2D('',#4897,#4898);
#4897 = CARTESIAN_POINT('',(23.6,-9.65));
#4898 = DIRECTION('',(1.,0.));
#4899 = ( GEOMETRIC_REPRESENTATION_CONTEXT(2) 
PARAMETRIC_REPRESENTATION_CONTEXT() REPRESENTATION_CONTEXT('2D SPACE',''
  ) );
#4900 = ADVANCED_FACE('',(#4901),#101,.F.);
#4901 = FACE_BOUND('',#4902,.F.);
#4902 = EDGE_LOOP('',(#4903,#4926,#4927,#4928,#4929,#4930));
#4903 = ORIENTED_EDGE('',*,*,#4904,.T.);
#4904 = EDGE_CURVE('',#4905,#57,#4907,.T.);
#4905 = VERTEX_POINT('',#4906);
#4906 = CARTESIAN_POINT('',(1.,-12.65,-2.));
#4907 = SURFACE_CURVE('',#4908,(#4912,#4919),.PCURVE_S1.);
#4908 = LINE('',#4909,#4910);
#4909 = CARTESIAN_POINT('',(1.,-12.65,-2.));
#4910 = VECTOR('',#4911,1.);
#4911 = DIRECTION('',(0.,0.,1.));
#4912 = PCURVE('',#101,#4913);
#4913 = DEFINITIONAL_REPRESENTATION('',(#4914),#4918);
#4914 = LINE('',#4915,#4916);
#4915 = CARTESIAN_POINT('',(0.,0.));
#4916 = VECTOR('',#4917,1.);
#4917 = DIRECTION('',(0.,-1.));
#4918 = ( GEOMETRIC_REPRESENTATION_CONTEXT(2) 
PARAMETRIC_REPRESENTATION_CONTEXT() REPRESENTATION_CONTEXT('2D SPACE',''
  ) );
#4919 = PCURVE('',#73,#4920);
#4920 = DEFINITIONAL_REPRESENTATION('',(#4921),#4925);
#4921 = LINE('',#4922,#4923);
#4922 = CARTESIAN_POINT('',(-4.712388980385,0.));
#4923 = VECTOR('',#4924,1.);
#4924 = DIRECTION('',(-0.,-1.));
#4925 = ( GEOMETRIC_REPRESENTATION_CONTEXT(2) 
PARAMETRIC_REPRESENTATION_CONTEXT() REPRESENTATION_CONTEXT('2D SPACE',''
  ) );
#4926 = ORIENTED_EDGE('',*,*,#85,.T.);
#4927 = ORIENTED_EDGE('',*,*,#113,.T.);
#4928 = ORIENTED_EDGE('',*,*,#136,.T.);
#4929 = ORIENTED_EDGE('',*,*,#4854,.F.);
#4930 = ORIENTED_EDGE('',*,*,#4931,.F.);
#4931 = EDGE_CURVE('',#4905,#4855,#4932,.T.);
#4932 = SURFACE_CURVE('',#4933,(#4937,#4944),.PCURVE_S1.);
#4933 = LINE('',#4934,#4935);
#4934 = CARTESIAN_POINT('',(24.6,-12.65,-2.));
#4935 = VECTOR('',#4936,1.);
#4936 = DIRECTION('',(1.,0.,0.));
#4937 = PCURVE('',#101,#4938);
#4938 = DEFINITIONAL_REPRESENTATION('',(#4939),#4943);
#4939 = LINE('',#4940,#4941);
#4940 = CARTESIAN_POINT('',(23.6,0.));
#4941 = VECTOR('',#4942,1.);
#4942 = DIRECTION('',(1.,0.));
#4943 = ( GEOMETRIC_REPRESENTATION_CONTEXT(2) 
PARAMETRIC_REPRESENTATION_CONTEXT() REPRESENTATION_CONTEXT('2D SPACE',''
  ) );
#4944 = PCURVE('',#1292,#4945);
#4945 = DEFINITIONAL_REPRESENTATION('',(#4946),#4950);
#4946 = LINE('',#4947,#4948);
#4947 = CARTESIAN_POINT('',(-1.358904160929E-15,-12.65));
#4948 = VECTOR('',#4949,1.);
#4949 = DIRECTION('',(1.,0.));
#4950 = ( GEOMETRIC_REPRESENTATION_CONTEXT(2) 
PARAMETRIC_REPRESENTATION_CONTEXT() REPRESENTATION_CONTEXT('2D SPACE',''
  ) );
#4951 = ADVANCED_FACE('',(#4952),#73,.T.);
#4952 = FACE_BOUND('',#4953,.F.);
#4953 = EDGE_LOOP('',(#4954,#4955,#4956,#4957));
#4954 = ORIENTED_EDGE('',*,*,#1231,.T.);
#4955 = ORIENTED_EDGE('',*,*,#56,.T.);
#4956 = ORIENTED_EDGE('',*,*,#4904,.F.);
#4957 = ORIENTED_EDGE('',*,*,#4958,.F.);
#4958 = EDGE_CURVE('',#1232,#4905,#4959,.T.);
#4959 = SURFACE_CURVE('',#4960,(#4965,#4972),.PCURVE_S1.);
#4960 = CIRCLE('',#4961,3.);
#4961 = AXIS2_PLACEMENT_3D('',#4962,#4963,#4964);
#4962 = CARTESIAN_POINT('',(1.,-9.65,-2.));
#4963 = DIRECTION('',(0.,0.,1.));
#4964 = DIRECTION('',(1.,0.,0.));
#4965 = PCURVE('',#73,#4966);
#4966 = DEFINITIONAL_REPRESENTATION('',(#4967),#4971);
#4967 = LINE('',#4968,#4969);
#4968 = CARTESIAN_POINT('',(-0.,0.));
#4969 = VECTOR('',#4970,1.);
#4970 = DIRECTION('',(-1.,0.));
#4971 = ( GEOMETRIC_REPRESENTATION_CONTEXT(2) 
PARAMETRIC_REPRESENTATION_CONTEXT() REPRESENTATION_CONTEXT('2D SPACE',''
  ) );
#4972 = PCURVE('',#1292,#4973);
#4973 = DEFINITIONAL_REPRESENTATION('',(#4974),#4978);
#4974 = CIRCLE('',#4975,3.);
#4975 = AXIS2_PLACEMENT_2D('',#4976,#4977);
#4976 = CARTESIAN_POINT('',(-23.6,-9.65));
#4977 = DIRECTION('',(1.,0.));
#4978 = ( GEOMETRIC_REPRESENTATION_CONTEXT(2) 
PARAMETRIC_REPRESENTATION_CONTEXT() REPRESENTATION_CONTEXT('2D SPACE',''
  ) );
#4979 = ADVANCED_FACE('',(#4980),#1123,.F.);
#4980 = FACE_BOUND('',#4981,.F.);
#4981 = EDGE_LOOP('',(#4982,#4983,#5006,#5033));
#4982 = ORIENTED_EDGE('',*,*,#1106,.F.);
#4983 = ORIENTED_EDGE('',*,*,#4984,.F.);
#4984 = EDGE_CURVE('',#4985,#1107,#4987,.T.);
#4985 = VERTEX_POINT('',#4986);
#4986 = CARTESIAN_POINT('',(5.85,-10.05,9.4));
#4987 = SEAM_CURVE('',#4988,(#4992,#4999),.PCURVE_S1.);
#4988 = LINE('',#4989,#4990);
#4989 = CARTESIAN_POINT('',(5.85,-10.05,9.4));
#4990 = VECTOR('',#4991,1.);
#4991 = DIRECTION('',(0.,0.,1.));
#4992 = PCURVE('',#1123,#4993);
#4993 = DEFINITIONAL_REPRESENTATION('',(#4994),#4998);
#4994 = LINE('',#4995,#4996);
#4995 = CARTESIAN_POINT('',(6.28318530718,-0.));
#4996 = VECTOR('',#4997,1.);
#4997 = DIRECTION('',(0.,1.));
#4998 = ( GEOMETRIC_REPRESENTATION_CONTEXT(2) 
PARAMETRIC_REPRESENTATION_CONTEXT() REPRESENTATION_CONTEXT('2D SPACE',''
  ) );
#4999 = PCURVE('',#1123,#5000);
#5000 = DEFINITIONAL_REPRESENTATION('',(#5001),#5005);
#5001 = LINE('',#5002,#5003);
#5002 = CARTESIAN_POINT('',(0.,-0.));
#5003 = VECTOR('',#5004,1.);
#5004 = DIRECTION('',(0.,1.));
#5005 = ( GEOMETRIC_REPRESENTATION_CONTEXT(2) 
PARAMETRIC_REPRESENTATION_CONTEXT() REPRESENTATION_CONTEXT('2D SPACE',''
  ) );
#5006 = ORIENTED_EDGE('',*,*,#5007,.T.);
#5007 = EDGE_CURVE('',#4985,#4985,#5008,.T.);
#5008 = SURFACE_CURVE('',#5009,(#5014,#5021),.PCURVE_S1.);
#5009 = CIRCLE('',#5010,0.85);
#5010 = AXIS2_PLACEMENT_3D('',#5011,#5012,#5013);
#5011 = CARTESIAN_POINT('',(5.,-10.05,9.4));
#5012 = DIRECTION('',(0.,0.,1.));
#5013 = DIRECTION('',(1.,0.,-0.));
#5014 = PCURVE('',#1123,#5015);
#5015 = DEFINITIONAL_REPRESENTATION('',(#5016),#5020);
#5016 = LINE('',#5017,#5018);
#5017 = CARTESIAN_POINT('',(0.,0.));
#5018 = VECTOR('',#5019,1.);
#5019 = DIRECTION('',(1.,0.));
#5020 = ( GEOMETRIC_REPRESENTATION_CONTEXT(2) 
PARAMETRIC_REPRESENTATION_CONTEXT() REPRESENTATION_CONTEXT('2D SPACE',''
  ) );
#5021 = PCURVE('',#5022,#5027);
#5022 = PLANE('',#5023);
#5023 = AXIS2_PLACEMENT_3D('',#5024,#5025,#5026);
#5024 = CARTESIAN_POINT('',(5.,-10.05,9.4));
#5025 = DIRECTION('',(0.,0.,1.));
#5026 = DIRECTION('',(1.,0.,-0.));
#5027 = DEFINITIONAL_REPRESENTATION('',(#5028),#5032);
#5028 = CIRCLE('',#5029,0.85);
#5029 = AXIS2_PLACEMENT_2D('',#5030,#5031);
#5030 = CARTESIAN_POINT('',(0.,0.));
#5031 = DIRECTION('',(1.,0.));
#5032 = ( GEOMETRIC_REPRESENTATION_CONTEXT(2) 
PARAMETRIC_REPRESENTATION_CONTEXT() REPRESENTATION_CONTEXT('2D SPACE',''
  ) );
#5033 = ORIENTED_EDGE('',*,*,#4984,.T.);
#5034 = ADVANCED_FACE('',(#5035),#1154,.F.);
#5035 = FACE_BOUND('',#5036,.F.);
#5036 = EDGE_LOOP('',(#5037,#5038,#5061,#5088));
#5037 = ORIENTED_EDGE('',*,*,#1137,.F.);
#5038 = ORIENTED_EDGE('',*,*,#5039,.F.);
#5039 = EDGE_CURVE('',#5040,#1138,#5042,.T.);
#5040 = VERTEX_POINT('',#5041);
#5041 = CARTESIAN_POINT('',(23.7,-10.05,9.4));
#5042 = SEAM_CURVE('',#5043,(#5047,#5054),.PCURVE_S1.);
#5043 = LINE('',#5044,#5045);
#5044 = CARTESIAN_POINT('',(23.7,-10.05,9.4));
#5045 = VECTOR('',#5046,1.);
#5046 = DIRECTION('',(0.,0.,1.));
#5047 = PCURVE('',#1154,#5048);
#5048 = DEFINITIONAL_REPRESENTATION('',(#5049),#5053);
#5049 = LINE('',#5050,#5051);
#5050 = CARTESIAN_POINT('',(6.28318530718,-0.));
#5051 = VECTOR('',#5052,1.);
#5052 = DIRECTION('',(0.,1.));
#5053 = ( GEOMETRIC_REPRESENTATION_CONTEXT(2) 
PARAMETRIC_REPRESENTATION_CONTEXT() REPRESENTATION_CONTEXT('2D SPACE',''
  ) );
#5054 = PCURVE('',#1154,#5055);
#5055 = DEFINITIONAL_REPRESENTATION('',(#5056),#5060);
#5056 = LINE('',#5057,#5058);
#5057 = CARTESIAN_POINT('',(0.,-0.));
#5058 = VECTOR('',#5059,1.);
#5059 = DIRECTION('',(0.,1.));
#5060 = ( GEOMETRIC_REPRESENTATION_CONTEXT(2) 
PARAMETRIC_REPRESENTATION_CONTEXT() REPRESENTATION_CONTEXT('2D SPACE',''
  ) );
#5061 = ORIENTED_EDGE('',*,*,#5062,.T.);
#5062 = EDGE_CURVE('',#5040,#5040,#5063,.T.);
#5063 = SURFACE_CURVE('',#5064,(#5069,#5076),.PCURVE_S1.);
#5064 = CIRCLE('',#5065,0.85);
#5065 = AXIS2_PLACEMENT_3D('',#5066,#5067,#5068);
#5066 = CARTESIAN_POINT('',(22.85,-10.05,9.4));
#5067 = DIRECTION('',(0.,0.,1.));
#5068 = DIRECTION('',(1.,0.,-0.));
#5069 = PCURVE('',#1154,#5070);
#5070 = DEFINITIONAL_REPRESENTATION('',(#5071),#5075);
#5071 = LINE('',#5072,#5073);
#5072 = CARTESIAN_POINT('',(0.,0.));
#5073 = VECTOR('',#5074,1.);
#5074 = DIRECTION('',(1.,0.));
#5075 = ( GEOMETRIC_REPRESENTATION_CONTEXT(2) 
PARAMETRIC_REPRESENTATION_CONTEXT() REPRESENTATION_CONTEXT('2D SPACE',''
  ) );
#5076 = PCURVE('',#5077,#5082);
#5077 = PLANE('',#5078);
#5078 = AXIS2_PLACEMENT_3D('',#5079,#5080,#5081);
#5079 = CARTESIAN_POINT('',(22.85,-10.05,9.4));
#5080 = DIRECTION('',(0.,0.,1.));
#5081 = DIRECTION('',(1.,0.,-0.));
#5082 = DEFINITIONAL_REPRESENTATION('',(#5083),#5087);
#5083 = CIRCLE('',#5084,0.85);
#5084 = AXIS2_PLACEMENT_2D('',#5085,#5086);
#5085 = CARTESIAN_POINT('',(0.,0.));
#5086 = DIRECTION('',(1.,0.));
#5087 = ( GEOMETRIC_REPRESENTATION_CONTEXT(2) 
PARAMETRIC_REPRESENTATION_CONTEXT() REPRESENTATION_CONTEXT('2D SPACE',''
  ) );
#5088 = ORIENTED_EDGE('',*,*,#5039,.T.);
#5089 = ADVANCED_FACE('',(#5090),#1185,.F.);
#5090 = FACE_BOUND('',#5091,.F.);
#5091 = EDGE_LOOP('',(#5092,#5093,#5116,#5143));
#5092 = ORIENTED_EDGE('',*,*,#1168,.F.);
#5093 = ORIENTED_EDGE('',*,*,#5094,.F.);
#5094 = EDGE_CURVE('',#5095,#1169,#5097,.T.);
#5095 = VERTEX_POINT('',#5096);
#5096 = CARTESIAN_POINT('',(5.85,10.05,9.4));
#5097 = SEAM_CURVE('',#5098,(#5102,#5109),.PCURVE_S1.);
#5098 = LINE('',#5099,#5100);
#5099 = CARTESIAN_POINT('',(5.85,10.05,9.4));
#5100 = VECTOR('',#5101,1.);
#5101 = DIRECTION('',(0.,0.,1.));
#5102 = PCURVE('',#1185,#5103);
#5103 = DEFINITIONAL_REPRESENTATION('',(#5104),#5108);
#5104 = LINE('',#5105,#5106);
#5105 = CARTESIAN_POINT('',(6.28318530718,-0.));
#5106 = VECTOR('',#5107,1.);
#5107 = DIRECTION('',(0.,1.));
#5108 = ( GEOMETRIC_REPRESENTATION_CONTEXT(2) 
PARAMETRIC_REPRESENTATION_CONTEXT() REPRESENTATION_CONTEXT('2D SPACE',''
  ) );
#5109 = PCURVE('',#1185,#5110);
#5110 = DEFINITIONAL_REPRESENTATION('',(#5111),#5115);
#5111 = LINE('',#5112,#5113);
#5112 = CARTESIAN_POINT('',(0.,-0.));
#5113 = VECTOR('',#5114,1.);
#5114 = DIRECTION('',(0.,1.));
#5115 = ( GEOMETRIC_REPRESENTATION_CONTEXT(2) 
PARAMETRIC_REPRESENTATION_CONTEXT() REPRESENTATION_CONTEXT('2D SPACE',''
  ) );
#5116 = ORIENTED_EDGE('',*,*,#5117,.T.);
#5117 = EDGE_CURVE('',#5095,#5095,#5118,.T.);
#5118 = SURFACE_CURVE('',#5119,(#5124,#5131),.PCURVE_S1.);
#5119 = CIRCLE('',#5120,0.85);
#5120 = AXIS2_PLACEMENT_3D('',#5121,#5122,#5123);
#5121 = CARTESIAN_POINT('',(5.,10.05,9.4));
#5122 = DIRECTION('',(0.,0.,1.));
#5123 = DIRECTION('',(1.,0.,-0.));
#5124 = PCURVE('',#1185,#5125);
#5125 = DEFINITIONAL_REPRESENTATION('',(#5126),#5130);
#5126 = LINE('',#5127,#5128);
#5127 = CARTESIAN_POINT('',(0.,0.));
#5128 = VECTOR('',#5129,1.);
#5129 = DIRECTION('',(1.,0.));
#5130 = ( GEOMETRIC_REPRESENTATION_CONTEXT(2) 
PARAMETRIC_REPRESENTATION_CONTEXT() REPRESENTATION_CONTEXT('2D SPACE',''
  ) );
#5131 = PCURVE('',#5132,#5137);
#5132 = PLANE('',#5133);
#5133 = AXIS2_PLACEMENT_3D('',#5134,#5135,#5136);
#5134 = CARTESIAN_POINT('',(5.,10.05,9.4));
#5135 = DIRECTION('',(0.,0.,1.));
#5136 = DIRECTION('',(1.,0.,-0.));
#5137 = DEFINITIONAL_REPRESENTATION('',(#5138),#5142);
#5138 = CIRCLE('',#5139,0.85);
#5139 = AXIS2_PLACEMENT_2D('',#5140,#5141);
#5140 = CARTESIAN_POINT('',(0.,0.));
#5141 = DIRECTION('',(1.,0.));
#5142 = ( GEOMETRIC_REPRESENTATION_CONTEXT(2) 
PARAMETRIC_REPRESENTATION_CONTEXT() REPRESENTATION_CONTEXT('2D SPACE',''
  ) );
#5143 = ORIENTED_EDGE('',*,*,#5094,.T.);
#5144 = ADVANCED_FACE('',(#5145),#1216,.F.);
#5145 = FACE_BOUND('',#5146,.F.);
#5146 = EDGE_LOOP('',(#5147,#5148,#5171,#5198));
#5147 = ORIENTED_EDGE('',*,*,#1199,.F.);
#5148 = ORIENTED_EDGE('',*,*,#5149,.F.);
#5149 = EDGE_CURVE('',#5150,#1200,#5152,.T.);
#5150 = VERTEX_POINT('',#5151);
#5151 = CARTESIAN_POINT('',(23.7,10.05,9.4));
#5152 = SEAM_CURVE('',#5153,(#5157,#5164),.PCURVE_S1.);
#5153 = LINE('',#5154,#5155);
#5154 = CARTESIAN_POINT('',(23.7,10.05,9.4));
#5155 = VECTOR('',#5156,1.);
#5156 = DIRECTION('',(0.,0.,1.));
#5157 = PCURVE('',#1216,#5158);
#5158 = DEFINITIONAL_REPRESENTATION('',(#5159),#5163);
#5159 = LINE('',#5160,#5161);
#5160 = CARTESIAN_POINT('',(6.28318530718,-0.));
#5161 = VECTOR('',#5162,1.);
#5162 = DIRECTION('',(0.,1.));
#5163 = ( GEOMETRIC_REPRESENTATION_CONTEXT(2) 
PARAMETRIC_REPRESENTATION_CONTEXT() REPRESENTATION_CONTEXT('2D SPACE',''
  ) );
#5164 = PCURVE('',#1216,#5165);
#5165 = DEFINITIONAL_REPRESENTATION('',(#5166),#5170);
#5166 = LINE('',#5167,#5168);
#5167 = CARTESIAN_POINT('',(0.,-0.));
#5168 = VECTOR('',#5169,1.);
#5169 = DIRECTION('',(0.,1.));
#5170 = ( GEOMETRIC_REPRESENTATION_CONTEXT(2) 
PARAMETRIC_REPRESENTATION_CONTEXT() REPRESENTATION_CONTEXT('2D SPACE',''
  ) );
#5171 = ORIENTED_EDGE('',*,*,#5172,.T.);
#5172 = EDGE_CURVE('',#5150,#5150,#5173,.T.);
#5173 = SURFACE_CURVE('',#5174,(#5179,#5186),.PCURVE_S1.);
#5174 = CIRCLE('',#5175,0.85);
#5175 = AXIS2_PLACEMENT_3D('',#5176,#5177,#5178);
#5176 = CARTESIAN_POINT('',(22.85,10.05,9.4));
#5177 = DIRECTION('',(0.,0.,1.));
#5178 = DIRECTION('',(1.,0.,-0.));
#5179 = PCURVE('',#1216,#5180);
#5180 = DEFINITIONAL_REPRESENTATION('',(#5181),#5185);
#5181 = LINE('',#5182,#5183);
#5182 = CARTESIAN_POINT('',(0.,0.));
#5183 = VECTOR('',#5184,1.);
#5184 = DIRECTION('',(1.,0.));
#5185 = ( GEOMETRIC_REPRESENTATION_CONTEXT(2) 
PARAMETRIC_REPRESENTATION_CONTEXT() REPRESENTATION_CONTEXT('2D SPACE',''
  ) );
#5186 = PCURVE('',#5187,#5192);
#5187 = PLANE('',#5188);
#5188 = AXIS2_PLACEMENT_3D('',#5189,#5190,#5191);
#5189 = CARTESIAN_POINT('',(22.85,10.05,9.4));
#5190 = DIRECTION('',(0.,0.,1.));
#5191 = DIRECTION('',(1.,0.,-0.));
#5192 = DEFINITIONAL_REPRESENTATION('',(#5193),#5197);
#5193 = CIRCLE('',#5194,0.85);
#5194 = AXIS2_PLACEMENT_2D('',#5195,#5196);
#5195 = CARTESIAN_POINT('',(0.,0.));
#5196 = DIRECTION('',(1.,0.));
#5197 = ( GEOMETRIC_REPRESENTATION_CONTEXT(2) 
PARAMETRIC_REPRESENTATION_CONTEXT() REPRESENTATION_CONTEXT('2D SPACE',''
  ) );
#5198 = ORIENTED_EDGE('',*,*,#5149,.T.);
#5199 = ADVANCED_FACE('',(#5200),#1292,.F.);
#5200 = FACE_BOUND('',#5201,.F.);
#5201 = EDGE_LOOP('',(#5202,#5203,#5204,#5205,#5206,#5207,#5208,#5209));
#5202 = ORIENTED_EDGE('',*,*,#1278,.F.);
#5203 = ORIENTED_EDGE('',*,*,#4958,.T.);
#5204 = ORIENTED_EDGE('',*,*,#4931,.T.);
#5205 = ORIENTED_EDGE('',*,*,#4879,.T.);
#5206 = ORIENTED_EDGE('',*,*,#1493,.T.);
#5207 = ORIENTED_EDGE('',*,*,#1468,.T.);
#5208 = ORIENTED_EDGE('',*,*,#1419,.F.);
#5209 = ORIENTED_EDGE('',*,*,#1367,.T.);
#5210 = ADVANCED_FACE('',(#5211),#1327,.F.);
#5211 = FACE_BOUND('',#5212,.F.);
#5212 = EDGE_LOOP('',(#5213,#5214,#5235,#5236));
#5213 = ORIENTED_EDGE('',*,*,#3661,.F.);
#5214 = ORIENTED_EDGE('',*,*,#5215,.F.);
#5215 = EDGE_CURVE('',#1307,#3662,#5216,.T.);
#5216 = SEAM_CURVE('',#5217,(#5221,#5228),.PCURVE_S1.);
#5217 = LINE('',#5218,#5219);
#5218 = CARTESIAN_POINT('',(-3.,-1.040949779275E-15,6.85));
#5219 = VECTOR('',#5220,1.);
#5220 = DIRECTION('',(1.,0.,2.22044604925E-16));
#5221 = PCURVE('',#1327,#5222);
#5222 = DEFINITIONAL_REPRESENTATION('',(#5223),#5227);
#5223 = LINE('',#5224,#5225);
#5224 = CARTESIAN_POINT('',(6.28318530718,-0.));
#5225 = VECTOR('',#5226,1.);
#5226 = DIRECTION('',(0.,1.));
#5227 = ( GEOMETRIC_REPRESENTATION_CONTEXT(2) 
PARAMETRIC_REPRESENTATION_CONTEXT() REPRESENTATION_CONTEXT('2D SPACE',''
  ) );
#5228 = PCURVE('',#1327,#5229);
#5229 = DEFINITIONAL_REPRESENTATION('',(#5230),#5234);
#5230 = LINE('',#5231,#5232);
#5231 = CARTESIAN_POINT('',(0.,-0.));
#5232 = VECTOR('',#5233,1.);
#5233 = DIRECTION('',(0.,1.));
#5234 = ( GEOMETRIC_REPRESENTATION_CONTEXT(2) 
PARAMETRIC_REPRESENTATION_CONTEXT() REPRESENTATION_CONTEXT('2D SPACE',''
  ) );
#5235 = ORIENTED_EDGE('',*,*,#1306,.T.);
#5236 = ORIENTED_EDGE('',*,*,#5215,.T.);
#5237 = ADVANCED_FACE('',(#5238),#1678,.F.);
#5238 = FACE_BOUND('',#5239,.F.);
#5239 = EDGE_LOOP('',(#5240,#5263,#5264,#5265));
#5240 = ORIENTED_EDGE('',*,*,#5241,.F.);
#5241 = EDGE_CURVE('',#1765,#5242,#5244,.T.);
#5242 = VERTEX_POINT('',#5243);
#5243 = CARTESIAN_POINT('',(50.7,6.2,15.16));
#5244 = SURFACE_CURVE('',#5245,(#5249,#5256),.PCURVE_S1.);
#5245 = LINE('',#5246,#5247);
#5246 = CARTESIAN_POINT('',(50.7,-6.2,15.16));
#5247 = VECTOR('',#5248,1.);
#5248 = DIRECTION('',(-0.,1.,0.));
#5249 = PCURVE('',#1678,#5250);
#5250 = DEFINITIONAL_REPRESENTATION('',(#5251),#5255);
#5251 = LINE('',#5252,#5253);
#5252 = CARTESIAN_POINT('',(0.,0.));
#5253 = VECTOR('',#5254,1.);
#5254 = DIRECTION('',(0.,1.));
#5255 = ( GEOMETRIC_REPRESENTATION_CONTEXT(2) 
PARAMETRIC_REPRESENTATION_CONTEXT() REPRESENTATION_CONTEXT('2D SPACE',''
  ) );
#5256 = PCURVE('',#1798,#5257);
#5257 = DEFINITIONAL_REPRESENTATION('',(#5258),#5262);
#5258 = LINE('',#5259,#5260);
#5259 = CARTESIAN_POINT('',(7.,0.));
#5260 = VECTOR('',#5261,1.);
#5261 = DIRECTION('',(0.,-1.));
#5262 = ( GEOMETRIC_REPRESENTATION_CONTEXT(2) 
PARAMETRIC_REPRESENTATION_CONTEXT() REPRESENTATION_CONTEXT('2D SPACE',''
  ) );
#5263 = ORIENTED_EDGE('',*,*,#1764,.T.);
#5264 = ORIENTED_EDGE('',*,*,#1663,.T.);
#5265 = ORIENTED_EDGE('',*,*,#5266,.F.);
#5266 = EDGE_CURVE('',#5242,#1638,#5267,.T.);
#5267 = SURFACE_CURVE('',#5268,(#5272,#5279),.PCURVE_S1.);
#5268 = LINE('',#5269,#5270);
#5269 = CARTESIAN_POINT('',(50.7,6.2,15.16));
#5270 = VECTOR('',#5271,1.);
#5271 = DIRECTION('',(1.,0.,-0.));
#5272 = PCURVE('',#1678,#5273);
#5273 = DEFINITIONAL_REPRESENTATION('',(#5274),#5278);
#5274 = LINE('',#5275,#5276);
#5275 = CARTESIAN_POINT('',(0.,12.4));
#5276 = VECTOR('',#5277,1.);
#5277 = DIRECTION('',(1.,0.));
#5278 = ( GEOMETRIC_REPRESENTATION_CONTEXT(2) 
PARAMETRIC_REPRESENTATION_CONTEXT() REPRESENTATION_CONTEXT('2D SPACE',''
  ) );
#5279 = PCURVE('',#1652,#5280);
#5280 = DEFINITIONAL_REPRESENTATION('',(#5281),#5285);
#5281 = LINE('',#5282,#5283);
#5282 = CARTESIAN_POINT('',(7.,0.));
#5283 = VECTOR('',#5284,1.);
#5284 = DIRECTION('',(0.,1.));
#5285 = ( GEOMETRIC_REPRESENTATION_CONTEXT(2) 
PARAMETRIC_REPRESENTATION_CONTEXT() REPRESENTATION_CONTEXT('2D SPACE',''
  ) );
#5286 = ADVANCED_FACE('',(#5287),#1652,.F.);
#5287 = FACE_BOUND('',#5288,.F.);
#5288 = EDGE_LOOP('',(#5289,#5312,#5333,#5334));
#5289 = ORIENTED_EDGE('',*,*,#5290,.F.);
#5290 = EDGE_CURVE('',#5291,#1612,#5293,.T.);
#5291 = VERTEX_POINT('',#5292);
#5292 = CARTESIAN_POINT('',(50.7,6.2,8.16));
#5293 = SURFACE_CURVE('',#5294,(#5298,#5305),.PCURVE_S1.);
#5294 = LINE('',#5295,#5296);
#5295 = CARTESIAN_POINT('',(50.7,6.2,8.16));
#5296 = VECTOR('',#5297,1.);
#5297 = DIRECTION('',(1.,0.,-0.));
#5298 = PCURVE('',#1652,#5299);
#5299 = DEFINITIONAL_REPRESENTATION('',(#5300),#5304);
#5300 = LINE('',#5301,#5302);
#5301 = CARTESIAN_POINT('',(0.,0.));
#5302 = VECTOR('',#5303,1.);
#5303 = DIRECTION('',(0.,1.));
#5304 = ( GEOMETRIC_REPRESENTATION_CONTEXT(2) 
PARAMETRIC_REPRESENTATION_CONTEXT() REPRESENTATION_CONTEXT('2D SPACE',''
  ) );
#5305 = PCURVE('',#1626,#5306);
#5306 = DEFINITIONAL_REPRESENTATION('',(#5307),#5311);
#5307 = LINE('',#5308,#5309);
#5308 = CARTESIAN_POINT('',(0.,12.4));
#5309 = VECTOR('',#5310,1.);
#5310 = DIRECTION('',(1.,0.));
#5311 = ( GEOMETRIC_REPRESENTATION_CONTEXT(2) 
PARAMETRIC_REPRESENTATION_CONTEXT() REPRESENTATION_CONTEXT('2D SPACE',''
  ) );
#5312 = ORIENTED_EDGE('',*,*,#5313,.T.);
#5313 = EDGE_CURVE('',#5291,#5242,#5314,.T.);
#5314 = SURFACE_CURVE('',#5315,(#5319,#5326),.PCURVE_S1.);
#5315 = LINE('',#5316,#5317);
#5316 = CARTESIAN_POINT('',(50.7,6.2,8.16));
#5317 = VECTOR('',#5318,1.);
#5318 = DIRECTION('',(0.,0.,1.));
#5319 = PCURVE('',#1652,#5320);
#5320 = DEFINITIONAL_REPRESENTATION('',(#5321),#5325);
#5321 = LINE('',#5322,#5323);
#5322 = CARTESIAN_POINT('',(0.,0.));
#5323 = VECTOR('',#5324,1.);
#5324 = DIRECTION('',(1.,0.));
#5325 = ( GEOMETRIC_REPRESENTATION_CONTEXT(2) 
PARAMETRIC_REPRESENTATION_CONTEXT() REPRESENTATION_CONTEXT('2D SPACE',''
  ) );
#5326 = PCURVE('',#1798,#5327);
#5327 = DEFINITIONAL_REPRESENTATION('',(#5328),#5332);
#5328 = LINE('',#5329,#5330);
#5329 = CARTESIAN_POINT('',(0.,-12.4));
#5330 = VECTOR('',#5331,1.);
#5331 = DIRECTION('',(1.,0.));
#5332 = ( GEOMETRIC_REPRESENTATION_CONTEXT(2) 
PARAMETRIC_REPRESENTATION_CONTEXT() REPRESENTATION_CONTEXT('2D SPACE',''
  ) );
#5333 = ORIENTED_EDGE('',*,*,#5266,.T.);
#5334 = ORIENTED_EDGE('',*,*,#1637,.T.);
#5335 = ADVANCED_FACE('',(#5336),#1626,.T.);
#5336 = FACE_BOUND('',#5337,.T.);
#5337 = EDGE_LOOP('',(#5338,#5339,#5362,#5383));
#5338 = ORIENTED_EDGE('',*,*,#5290,.F.);
#5339 = ORIENTED_EDGE('',*,*,#5340,.F.);
#5340 = EDGE_CURVE('',#5341,#5291,#5343,.T.);
#5341 = VERTEX_POINT('',#5342);
#5342 = CARTESIAN_POINT('',(50.7,-6.2,8.16));
#5343 = SURFACE_CURVE('',#5344,(#5348,#5355),.PCURVE_S1.);
#5344 = LINE('',#5345,#5346);
#5345 = CARTESIAN_POINT('',(50.7,-6.2,8.16));
#5346 = VECTOR('',#5347,1.);
#5347 = DIRECTION('',(-0.,1.,0.));
#5348 = PCURVE('',#1626,#5349);
#5349 = DEFINITIONAL_REPRESENTATION('',(#5350),#5354);
#5350 = LINE('',#5351,#5352);
#5351 = CARTESIAN_POINT('',(0.,0.));
#5352 = VECTOR('',#5353,1.);
#5353 = DIRECTION('',(0.,1.));
#5354 = ( GEOMETRIC_REPRESENTATION_CONTEXT(2) 
PARAMETRIC_REPRESENTATION_CONTEXT() REPRESENTATION_CONTEXT('2D SPACE',''
  ) );
#5355 = PCURVE('',#1798,#5356);
#5356 = DEFINITIONAL_REPRESENTATION('',(#5357),#5361);
#5357 = LINE('',#5358,#5359);
#5358 = CARTESIAN_POINT('',(0.,0.));
#5359 = VECTOR('',#5360,1.);
#5360 = DIRECTION('',(0.,-1.));
#5361 = ( GEOMETRIC_REPRESENTATION_CONTEXT(2) 
PARAMETRIC_REPRESENTATION_CONTEXT() REPRESENTATION_CONTEXT('2D SPACE',''
  ) );
#5362 = ORIENTED_EDGE('',*,*,#5363,.T.);
#5363 = EDGE_CURVE('',#5341,#1586,#5364,.T.);
#5364 = SURFACE_CURVE('',#5365,(#5369,#5376),.PCURVE_S1.);
#5365 = LINE('',#5366,#5367);
#5366 = CARTESIAN_POINT('',(50.7,-6.2,8.16));
#5367 = VECTOR('',#5368,1.);
#5368 = DIRECTION('',(1.,0.,-0.));
#5369 = PCURVE('',#1626,#5370);
#5370 = DEFINITIONAL_REPRESENTATION('',(#5371),#5375);
#5371 = LINE('',#5372,#5373);
#5372 = CARTESIAN_POINT('',(0.,0.));
#5373 = VECTOR('',#5374,1.);
#5374 = DIRECTION('',(1.,0.));
#5375 = ( GEOMETRIC_REPRESENTATION_CONTEXT(2) 
PARAMETRIC_REPRESENTATION_CONTEXT() REPRESENTATION_CONTEXT('2D SPACE',''
  ) );
#5376 = PCURVE('',#1600,#5377);
#5377 = DEFINITIONAL_REPRESENTATION('',(#5378),#5382);
#5378 = LINE('',#5379,#5380);
#5379 = CARTESIAN_POINT('',(0.,0.));
#5380 = VECTOR('',#5381,1.);
#5381 = DIRECTION('',(0.,1.));
#5382 = ( GEOMETRIC_REPRESENTATION_CONTEXT(2) 
PARAMETRIC_REPRESENTATION_CONTEXT() REPRESENTATION_CONTEXT('2D SPACE',''
  ) );
#5383 = ORIENTED_EDGE('',*,*,#1611,.T.);
#5384 = ADVANCED_FACE('',(#5385),#1600,.T.);
#5385 = FACE_BOUND('',#5386,.T.);
#5386 = EDGE_LOOP('',(#5387,#5388,#5411,#5432));
#5387 = ORIENTED_EDGE('',*,*,#5363,.F.);
#5388 = ORIENTED_EDGE('',*,*,#5389,.T.);
#5389 = EDGE_CURVE('',#5341,#5390,#5392,.T.);
#5390 = VERTEX_POINT('',#5391);
#5391 = CARTESIAN_POINT('',(50.7,-6.2,15.16));
#5392 = SURFACE_CURVE('',#5393,(#5397,#5404),.PCURVE_S1.);
#5393 = LINE('',#5394,#5395);
#5394 = CARTESIAN_POINT('',(50.7,-6.2,8.16));
#5395 = VECTOR('',#5396,1.);
#5396 = DIRECTION('',(0.,0.,1.));
#5397 = PCURVE('',#1600,#5398);
#5398 = DEFINITIONAL_REPRESENTATION('',(#5399),#5403);
#5399 = LINE('',#5400,#5401);
#5400 = CARTESIAN_POINT('',(0.,0.));
#5401 = VECTOR('',#5402,1.);
#5402 = DIRECTION('',(1.,0.));
#5403 = ( GEOMETRIC_REPRESENTATION_CONTEXT(2) 
PARAMETRIC_REPRESENTATION_CONTEXT() REPRESENTATION_CONTEXT('2D SPACE',''
  ) );
#5404 = PCURVE('',#1798,#5405);
#5405 = DEFINITIONAL_REPRESENTATION('',(#5406),#5410);
#5406 = LINE('',#5407,#5408);
#5407 = CARTESIAN_POINT('',(0.,0.));
#5408 = VECTOR('',#5409,1.);
#5409 = DIRECTION('',(1.,0.));
#5410 = ( GEOMETRIC_REPRESENTATION_CONTEXT(2) 
PARAMETRIC_REPRESENTATION_CONTEXT() REPRESENTATION_CONTEXT('2D SPACE',''
  ) );
#5411 = ORIENTED_EDGE('',*,*,#5412,.T.);
#5412 = EDGE_CURVE('',#5390,#1560,#5413,.T.);
#5413 = SURFACE_CURVE('',#5414,(#5418,#5425),.PCURVE_S1.);
#5414 = LINE('',#5415,#5416);
#5415 = CARTESIAN_POINT('',(50.7,-6.2,15.16));
#5416 = VECTOR('',#5417,1.);
#5417 = DIRECTION('',(1.,0.,-0.));
#5418 = PCURVE('',#1600,#5419);
#5419 = DEFINITIONAL_REPRESENTATION('',(#5420),#5424);
#5420 = LINE('',#5421,#5422);
#5421 = CARTESIAN_POINT('',(7.,0.));
#5422 = VECTOR('',#5423,1.);
#5423 = DIRECTION('',(0.,1.));
#5424 = ( GEOMETRIC_REPRESENTATION_CONTEXT(2) 
PARAMETRIC_REPRESENTATION_CONTEXT() REPRESENTATION_CONTEXT('2D SPACE',''
  ) );
#5425 = PCURVE('',#1574,#5426);
#5426 = DEFINITIONAL_REPRESENTATION('',(#5427),#5431);
#5427 = LINE('',#5428,#5429);
#5428 = CARTESIAN_POINT('',(0.,0.));
#5429 = VECTOR('',#5430,1.);
#5430 = DIRECTION('',(1.,0.));
#5431 = ( GEOMETRIC_REPRESENTATION_CONTEXT(2) 
PARAMETRIC_REPRESENTATION_CONTEXT() REPRESENTATION_CONTEXT('2D SPACE',''
  ) );
#5432 = ORIENTED_EDGE('',*,*,#1585,.T.);
#5433 = ADVANCED_FACE('',(#5434),#1574,.F.);
#5434 = FACE_BOUND('',#5435,.F.);
#5435 = EDGE_LOOP('',(#5436,#5457,#5458,#5459));
#5436 = ORIENTED_EDGE('',*,*,#5437,.F.);
#5437 = EDGE_CURVE('',#5390,#4812,#5438,.T.);
#5438 = SURFACE_CURVE('',#5439,(#5443,#5450),.PCURVE_S1.);
#5439 = LINE('',#5440,#5441);
#5440 = CARTESIAN_POINT('',(50.7,-6.2,15.16));
#5441 = VECTOR('',#5442,1.);
#5442 = DIRECTION('',(-0.,1.,0.));
#5443 = PCURVE('',#1574,#5444);
#5444 = DEFINITIONAL_REPRESENTATION('',(#5445),#5449);
#5445 = LINE('',#5446,#5447);
#5446 = CARTESIAN_POINT('',(0.,0.));
#5447 = VECTOR('',#5448,1.);
#5448 = DIRECTION('',(0.,1.));
#5449 = ( GEOMETRIC_REPRESENTATION_CONTEXT(2) 
PARAMETRIC_REPRESENTATION_CONTEXT() REPRESENTATION_CONTEXT('2D SPACE',''
  ) );
#5450 = PCURVE('',#1798,#5451);
#5451 = DEFINITIONAL_REPRESENTATION('',(#5452),#5456);
#5452 = LINE('',#5453,#5454);
#5453 = CARTESIAN_POINT('',(7.,0.));
#5454 = VECTOR('',#5455,1.);
#5455 = DIRECTION('',(0.,-1.));
#5456 = ( GEOMETRIC_REPRESENTATION_CONTEXT(2) 
PARAMETRIC_REPRESENTATION_CONTEXT() REPRESENTATION_CONTEXT('2D SPACE',''
  ) );
#5457 = ORIENTED_EDGE('',*,*,#5412,.T.);
#5458 = ORIENTED_EDGE('',*,*,#1559,.T.);
#5459 = ORIENTED_EDGE('',*,*,#4811,.F.);
#5460 = ADVANCED_FACE('',(#5461),#1731,.T.);
#5461 = FACE_BOUND('',#5462,.T.);
#5462 = EDGE_LOOP('',(#5463,#5464,#5465,#5466));
#5463 = ORIENTED_EDGE('',*,*,#1713,.F.);
#5464 = ORIENTED_EDGE('',*,*,#2165,.F.);
#5465 = ORIENTED_EDGE('',*,*,#4785,.T.);
#5466 = ORIENTED_EDGE('',*,*,#5467,.T.);
#5467 = EDGE_CURVE('',#4786,#1716,#5468,.T.);
#5468 = SURFACE_CURVE('',#5469,(#5473,#5479),.PCURVE_S1.);
#5469 = LINE('',#5470,#5471);
#5470 = CARTESIAN_POINT('',(50.7,-5.51,9.21));
#5471 = VECTOR('',#5472,1.);
#5472 = DIRECTION('',(-0.,1.,0.));
#5473 = PCURVE('',#1731,#5474);
#5474 = DEFINITIONAL_REPRESENTATION('',(#5475),#5478);
#5475 = B_SPLINE_CURVE_WITH_KNOTS('',1,(#5476,#5477),.UNSPECIFIED.,.F.,
  .F.,(2,2),(0.69,10.33),.PIECEWISE_BEZIER_KNOTS.);
#5476 = CARTESIAN_POINT('',(2.5,0.));
#5477 = CARTESIAN_POINT('',(2.5,9.64));
#5478 = ( GEOMETRIC_REPRESENTATION_CONTEXT(2) 
PARAMETRIC_REPRESENTATION_CONTEXT() REPRESENTATION_CONTEXT('2D SPACE',''
  ) );
#5479 = PCURVE('',#1798,#5480);
#5480 = DEFINITIONAL_REPRESENTATION('',(#5481),#5484);
#5481 = B_SPLINE_CURVE_WITH_KNOTS('',1,(#5482,#5483),.UNSPECIFIED.,.F.,
  .F.,(2,2),(0.69,10.33),.PIECEWISE_BEZIER_KNOTS.);
#5482 = CARTESIAN_POINT('',(1.05,-1.38));
#5483 = CARTESIAN_POINT('',(1.05,-11.02));
#5484 = ( GEOMETRIC_REPRESENTATION_CONTEXT(2) 
PARAMETRIC_REPRESENTATION_CONTEXT() REPRESENTATION_CONTEXT('2D SPACE',''
  ) );
#5485 = ADVANCED_FACE('',(#5486),#1798,.T.);
#5486 = FACE_BOUND('',#5487,.T.);
#5487 = EDGE_LOOP('',(#5488,#5489,#5490,#5491,#5492,#5493,#5494,#5495));
#5488 = ORIENTED_EDGE('',*,*,#5437,.F.);
#5489 = ORIENTED_EDGE('',*,*,#5389,.F.);
#5490 = ORIENTED_EDGE('',*,*,#5340,.T.);
#5491 = ORIENTED_EDGE('',*,*,#5313,.T.);
#5492 = ORIENTED_EDGE('',*,*,#5241,.F.);
#5493 = ORIENTED_EDGE('',*,*,#1785,.T.);
#5494 = ORIENTED_EDGE('',*,*,#5467,.F.);
#5495 = ORIENTED_EDGE('',*,*,#4832,.F.);
#5496 = ADVANCED_FACE('',(#5497),#1830,.T.);
#5497 = FACE_BOUND('',#5498,.T.);
#5498 = EDGE_LOOP('',(#5499,#5500,#5501,#5502,#5525,#5553,#5574,#5575,
    #5597,#5598,#5620,#5621,#5644,#5672,#5693,#5694));
#5499 = ORIENTED_EDGE('',*,*,#3638,.F.);
#5500 = ORIENTED_EDGE('',*,*,#3717,.T.);
#5501 = ORIENTED_EDGE('',*,*,#3742,.T.);
#5502 = ORIENTED_EDGE('',*,*,#5503,.T.);
#5503 = EDGE_CURVE('',#3743,#5504,#5506,.T.);
#5504 = VERTEX_POINT('',#5505);
#5505 = CARTESIAN_POINT('',(10.,-4.,0.));
#5506 = SURFACE_CURVE('',#5507,(#5511,#5518),.PCURVE_S1.);
#5507 = LINE('',#5508,#5509);
#5508 = CARTESIAN_POINT('',(10.,-10.65,0.));
#5509 = VECTOR('',#5510,1.);
#5510 = DIRECTION('',(-0.,1.,0.));
#5511 = PCURVE('',#1830,#5512);
#5512 = DEFINITIONAL_REPRESENTATION('',(#5513),#5517);
#5513 = LINE('',#5514,#5515);
#5514 = CARTESIAN_POINT('',(-14.6,-10.65));
#5515 = VECTOR('',#5516,1.);
#5516 = DIRECTION('',(0.,1.));
#5517 = ( GEOMETRIC_REPRESENTATION_CONTEXT(2) 
PARAMETRIC_REPRESENTATION_CONTEXT() REPRESENTATION_CONTEXT('2D SPACE',''
  ) );
#5518 = PCURVE('',#4277,#5519);
#5519 = DEFINITIONAL_REPRESENTATION('',(#5520),#5524);
#5520 = LINE('',#5521,#5522);
#5521 = CARTESIAN_POINT('',(0.,0.));
#5522 = VECTOR('',#5523,1.);
#5523 = DIRECTION('',(0.,-1.));
#5524 = ( GEOMETRIC_REPRESENTATION_CONTEXT(2) 
PARAMETRIC_REPRESENTATION_CONTEXT() REPRESENTATION_CONTEXT('2D SPACE',''
  ) );
#5525 = ORIENTED_EDGE('',*,*,#5526,.T.);
#5526 = EDGE_CURVE('',#5504,#5527,#5529,.T.);
#5527 = VERTEX_POINT('',#5528);
#5528 = CARTESIAN_POINT('',(11.2,-4.,0.));
#5529 = SURFACE_CURVE('',#5530,(#5534,#5541),.PCURVE_S1.);
#5530 = LINE('',#5531,#5532);
#5531 = CARTESIAN_POINT('',(10.,-4.,0.));
#5532 = VECTOR('',#5533,1.);
#5533 = DIRECTION('',(1.,0.,-0.));
#5534 = PCURVE('',#1830,#5535);
#5535 = DEFINITIONAL_REPRESENTATION('',(#5536),#5540);
#5536 = LINE('',#5537,#5538);
#5537 = CARTESIAN_POINT('',(-14.6,-4.));
#5538 = VECTOR('',#5539,1.);
#5539 = DIRECTION('',(1.,0.));
#5540 = ( GEOMETRIC_REPRESENTATION_CONTEXT(2) 
PARAMETRIC_REPRESENTATION_CONTEXT() REPRESENTATION_CONTEXT('2D SPACE',''
  ) );
#5541 = PCURVE('',#5542,#5547);
#5542 = PLANE('',#5543);
#5543 = AXIS2_PLACEMENT_3D('',#5544,#5545,#5546);
#5544 = CARTESIAN_POINT('',(10.,-4.,0.));
#5545 = DIRECTION('',(-0.,1.,0.));
#5546 = DIRECTION('',(0.,0.,1.));
#5547 = DEFINITIONAL_REPRESENTATION('',(#5548),#5552);
#5548 = LINE('',#5549,#5550);
#5549 = CARTESIAN_POINT('',(0.,0.));
#5550 = VECTOR('',#5551,1.);
#5551 = DIRECTION('',(0.,1.));
#5552 = ( GEOMETRIC_REPRESENTATION_CONTEXT(2) 
PARAMETRIC_REPRESENTATION_CONTEXT() REPRESENTATION_CONTEXT('2D SPACE',''
  ) );
#5553 = ORIENTED_EDGE('',*,*,#5554,.F.);
#5554 = EDGE_CURVE('',#4185,#5527,#5555,.T.);
#5555 = SURFACE_CURVE('',#5556,(#5560,#5567),.PCURVE_S1.);
#5556 = LINE('',#5557,#5558);
#5557 = CARTESIAN_POINT('',(11.2,-10.65,0.));
#5558 = VECTOR('',#5559,1.);
#5559 = DIRECTION('',(-0.,1.,0.));
#5560 = PCURVE('',#1830,#5561);
#5561 = DEFINITIONAL_REPRESENTATION('',(#5562),#5566);
#5562 = LINE('',#5563,#5564);
#5563 = CARTESIAN_POINT('',(-13.4,-10.65));
#5564 = VECTOR('',#5565,1.);
#5565 = DIRECTION('',(0.,1.));
#5566 = ( GEOMETRIC_REPRESENTATION_CONTEXT(2) 
PARAMETRIC_REPRESENTATION_CONTEXT() REPRESENTATION_CONTEXT('2D SPACE',''
  ) );
#5567 = PCURVE('',#4223,#5568);
#5568 = DEFINITIONAL_REPRESENTATION('',(#5569),#5573);
#5569 = LINE('',#5570,#5571);
#5570 = CARTESIAN_POINT('',(0.,0.));
#5571 = VECTOR('',#5572,1.);
#5572 = DIRECTION('',(0.,-1.));
#5573 = ( GEOMETRIC_REPRESENTATION_CONTEXT(2) 
PARAMETRIC_REPRESENTATION_CONTEXT() REPRESENTATION_CONTEXT('2D SPACE',''
  ) );
#5574 = ORIENTED_EDGE('',*,*,#4184,.T.);
#5575 = ORIENTED_EDGE('',*,*,#5576,.T.);
#5576 = EDGE_CURVE('',#4162,#1813,#5577,.T.);
#5577 = SURFACE_CURVE('',#5578,(#5583,#5590),.PCURVE_S1.);
#5578 = CIRCLE('',#5579,1.);
#5579 = AXIS2_PLACEMENT_3D('',#5580,#5581,#5582);
#5580 = CARTESIAN_POINT('',(48.2,-9.65,0.));
#5581 = DIRECTION('',(0.,0.,1.));
#5582 = DIRECTION('',(1.,0.,0.));
#5583 = PCURVE('',#1830,#5584);
#5584 = DEFINITIONAL_REPRESENTATION('',(#5585),#5589);
#5585 = CIRCLE('',#5586,1.);
#5586 = AXIS2_PLACEMENT_2D('',#5587,#5588);
#5587 = CARTESIAN_POINT('',(23.6,-9.65));
#5588 = DIRECTION('',(1.,0.));
#5589 = ( GEOMETRIC_REPRESENTATION_CONTEXT(2) 
PARAMETRIC_REPRESENTATION_CONTEXT() REPRESENTATION_CONTEXT('2D SPACE',''
  ) );
#5590 = PCURVE('',#1858,#5591);
#5591 = DEFINITIONAL_REPRESENTATION('',(#5592),#5596);
#5592 = LINE('',#5593,#5594);
#5593 = CARTESIAN_POINT('',(-0.,0.));
#5594 = VECTOR('',#5595,1.);
#5595 = DIRECTION('',(-1.,0.));
#5596 = ( GEOMETRIC_REPRESENTATION_CONTEXT(2) 
PARAMETRIC_REPRESENTATION_CONTEXT() REPRESENTATION_CONTEXT('2D SPACE',''
  ) );
#5597 = ORIENTED_EDGE('',*,*,#1812,.T.);
#5598 = ORIENTED_EDGE('',*,*,#5599,.T.);
#5599 = EDGE_CURVE('',#1815,#3077,#5600,.T.);
#5600 = SURFACE_CURVE('',#5601,(#5606,#5613),.PCURVE_S1.);
#5601 = CIRCLE('',#5602,1.);
#5602 = AXIS2_PLACEMENT_3D('',#5603,#5604,#5605);
#5603 = CARTESIAN_POINT('',(48.2,9.65,0.));
#5604 = DIRECTION('',(0.,0.,1.));
#5605 = DIRECTION('',(1.,0.,0.));
#5606 = PCURVE('',#1830,#5607);
#5607 = DEFINITIONAL_REPRESENTATION('',(#5608),#5612);
#5608 = CIRCLE('',#5609,1.);
#5609 = AXIS2_PLACEMENT_2D('',#5610,#5611);
#5610 = CARTESIAN_POINT('',(23.6,9.65));
#5611 = DIRECTION('',(1.,0.));
#5612 = ( GEOMETRIC_REPRESENTATION_CONTEXT(2) 
PARAMETRIC_REPRESENTATION_CONTEXT() REPRESENTATION_CONTEXT('2D SPACE',''
  ) );
#5613 = PCURVE('',#2475,#5614);
#5614 = DEFINITIONAL_REPRESENTATION('',(#5615),#5619);
#5615 = LINE('',#5616,#5617);
#5616 = CARTESIAN_POINT('',(-0.,0.));
#5617 = VECTOR('',#5618,1.);
#5618 = DIRECTION('',(-1.,0.));
#5619 = ( GEOMETRIC_REPRESENTATION_CONTEXT(2) 
PARAMETRIC_REPRESENTATION_CONTEXT() REPRESENTATION_CONTEXT('2D SPACE',''
  ) );
#5620 = ORIENTED_EDGE('',*,*,#3099,.F.);
#5621 = ORIENTED_EDGE('',*,*,#5622,.F.);
#5622 = EDGE_CURVE('',#5623,#3100,#5625,.T.);
#5623 = VERTEX_POINT('',#5624);
#5624 = CARTESIAN_POINT('',(11.2,4.,0.));
#5625 = SURFACE_CURVE('',#5626,(#5630,#5637),.PCURVE_S1.);
#5626 = LINE('',#5627,#5628);
#5627 = CARTESIAN_POINT('',(11.2,4.,0.));
#5628 = VECTOR('',#5629,1.);
#5629 = DIRECTION('',(-0.,1.,0.));
#5630 = PCURVE('',#1830,#5631);
#5631 = DEFINITIONAL_REPRESENTATION('',(#5632),#5636);
#5632 = LINE('',#5633,#5634);
#5633 = CARTESIAN_POINT('',(-13.4,4.));
#5634 = VECTOR('',#5635,1.);
#5635 = DIRECTION('',(0.,1.));
#5636 = ( GEOMETRIC_REPRESENTATION_CONTEXT(2) 
PARAMETRIC_REPRESENTATION_CONTEXT() REPRESENTATION_CONTEXT('2D SPACE',''
  ) );
#5637 = PCURVE('',#3138,#5638);
#5638 = DEFINITIONAL_REPRESENTATION('',(#5639),#5643);
#5639 = LINE('',#5640,#5641);
#5640 = CARTESIAN_POINT('',(0.,0.));
#5641 = VECTOR('',#5642,1.);
#5642 = DIRECTION('',(0.,-1.));
#5643 = ( GEOMETRIC_REPRESENTATION_CONTEXT(2) 
PARAMETRIC_REPRESENTATION_CONTEXT() REPRESENTATION_CONTEXT('2D SPACE',''
  ) );
#5644 = ORIENTED_EDGE('',*,*,#5645,.F.);
#5645 = EDGE_CURVE('',#5646,#5623,#5648,.T.);
#5646 = VERTEX_POINT('',#5647);
#5647 = CARTESIAN_POINT('',(10.,4.,0.));
#5648 = SURFACE_CURVE('',#5649,(#5653,#5660),.PCURVE_S1.);
#5649 = LINE('',#5650,#5651);
#5650 = CARTESIAN_POINT('',(10.,4.,0.));
#5651 = VECTOR('',#5652,1.);
#5652 = DIRECTION('',(1.,0.,-0.));
#5653 = PCURVE('',#1830,#5654);
#5654 = DEFINITIONAL_REPRESENTATION('',(#5655),#5659);
#5655 = LINE('',#5656,#5657);
#5656 = CARTESIAN_POINT('',(-14.6,4.));
#5657 = VECTOR('',#5658,1.);
#5658 = DIRECTION('',(1.,0.));
#5659 = ( GEOMETRIC_REPRESENTATION_CONTEXT(2) 
PARAMETRIC_REPRESENTATION_CONTEXT() REPRESENTATION_CONTEXT('2D SPACE',''
  ) );
#5660 = PCURVE('',#5661,#5666);
#5661 = PLANE('',#5662);
#5662 = AXIS2_PLACEMENT_3D('',#5663,#5664,#5665);
#5663 = CARTESIAN_POINT('',(10.,4.,0.));
#5664 = DIRECTION('',(-0.,1.,0.));
#5665 = DIRECTION('',(0.,0.,1.));
#5666 = DEFINITIONAL_REPRESENTATION('',(#5667),#5671);
#5667 = LINE('',#5668,#5669);
#5668 = CARTESIAN_POINT('',(0.,0.));
#5669 = VECTOR('',#5670,1.);
#5670 = DIRECTION('',(0.,1.));
#5671 = ( GEOMETRIC_REPRESENTATION_CONTEXT(2) 
PARAMETRIC_REPRESENTATION_CONTEXT() REPRESENTATION_CONTEXT('2D SPACE',''
  ) );
#5672 = ORIENTED_EDGE('',*,*,#5673,.T.);
#5673 = EDGE_CURVE('',#5646,#2665,#5674,.T.);
#5674 = SURFACE_CURVE('',#5675,(#5679,#5686),.PCURVE_S1.);
#5675 = LINE('',#5676,#5677);
#5676 = CARTESIAN_POINT('',(10.,4.,0.));
#5677 = VECTOR('',#5678,1.);
#5678 = DIRECTION('',(-0.,1.,0.));
#5679 = PCURVE('',#1830,#5680);
#5680 = DEFINITIONAL_REPRESENTATION('',(#5681),#5685);
#5681 = LINE('',#5682,#5683);
#5682 = CARTESIAN_POINT('',(-14.6,4.));
#5683 = VECTOR('',#5684,1.);
#5684 = DIRECTION('',(0.,1.));
#5685 = ( GEOMETRIC_REPRESENTATION_CONTEXT(2) 
PARAMETRIC_REPRESENTATION_CONTEXT() REPRESENTATION_CONTEXT('2D SPACE',''
  ) );
#5686 = PCURVE('',#3192,#5687);
#5687 = DEFINITIONAL_REPRESENTATION('',(#5688),#5692);
#5688 = LINE('',#5689,#5690);
#5689 = CARTESIAN_POINT('',(0.,0.));
#5690 = VECTOR('',#5691,1.);
#5691 = DIRECTION('',(0.,-1.));
#5692 = ( GEOMETRIC_REPRESENTATION_CONTEXT(2) 
PARAMETRIC_REPRESENTATION_CONTEXT() REPRESENTATION_CONTEXT('2D SPACE',''
  ) );
#5693 = ORIENTED_EDGE('',*,*,#2662,.F.);
#5694 = ORIENTED_EDGE('',*,*,#3588,.T.);
#5695 = ADVANCED_FACE('',(#5696),#2475,.F.);
#5696 = FACE_BOUND('',#5697,.T.);
#5697 = EDGE_LOOP('',(#5698,#5699,#5700,#5727));
#5698 = ORIENTED_EDGE('',*,*,#5599,.F.);
#5699 = ORIENTED_EDGE('',*,*,#2461,.T.);
#5700 = ORIENTED_EDGE('',*,*,#5701,.F.);
#5701 = EDGE_CURVE('',#3056,#2434,#5702,.T.);
#5702 = SURFACE_CURVE('',#5703,(#5708,#5720),.PCURVE_S1.);
#5703 = ELLIPSE('',#5704,1.414213562373,1.);
#5704 = AXIS2_PLACEMENT_3D('',#5705,#5706,#5707);
#5705 = CARTESIAN_POINT('',(48.2,9.65,7.35));
#5706 = DIRECTION('',(0.,-0.707106781187,-0.707106781187));
#5707 = DIRECTION('',(-0.,0.707106781187,-0.707106781187));
#5708 = PCURVE('',#2475,#5709);
#5709 = DEFINITIONAL_REPRESENTATION('',(#5710),#5719);
#5710 = B_SPLINE_CURVE_WITH_KNOTS('',7,(#5711,#5712,#5713,#5714,#5715,
    #5716,#5717,#5718),.UNSPECIFIED.,.F.,.F.,(8,8),(4.26642158859E-17,
    1.570796326795),.PIECEWISE_BEZIER_KNOTS.);
#5711 = CARTESIAN_POINT('',(-1.570796326795,-6.35));
#5712 = CARTESIAN_POINT('',(-1.346396851538,-6.35));
#5713 = CARTESIAN_POINT('',(-1.121997376282,-6.408748672609));
#5714 = CARTESIAN_POINT('',(-0.897597901026,-6.526237495377));
#5715 = CARTESIAN_POINT('',(-0.67319842577,-6.695253174225));
#5716 = CARTESIAN_POINT('',(-0.448798950513,-6.901201960682));
#5717 = CARTESIAN_POINT('',(-0.224399475256,-7.125600524744));
#5718 = CARTESIAN_POINT('',(0.,-7.35));
#5719 = ( GEOMETRIC_REPRESENTATION_CONTEXT(2) 
PARAMETRIC_REPRESENTATION_CONTEXT() REPRESENTATION_CONTEXT('2D SPACE',''
  ) );
#5720 = PCURVE('',#2449,#5721);
#5721 = DEFINITIONAL_REPRESENTATION('',(#5722),#5726);
#5722 = ELLIPSE('',#5723,1.414213562373,1.);
#5723 = AXIS2_PLACEMENT_2D('',#5724,#5725);
#5724 = CARTESIAN_POINT('',(2.12132034356,-1.));
#5725 = DIRECTION('',(-1.,0.));
#5726 = ( GEOMETRIC_REPRESENTATION_CONTEXT(2) 
PARAMETRIC_REPRESENTATION_CONTEXT() REPRESENTATION_CONTEXT('2D SPACE',''
  ) );
#5727 = ORIENTED_EDGE('',*,*,#3076,.F.);
#5728 = ADVANCED_FACE('',(#5729),#2449,.T.);
#5729 = FACE_BOUND('',#5730,.T.);
#5730 = EDGE_LOOP('',(#5731,#5754,#5755,#5756,#5757));
#5731 = ORIENTED_EDGE('',*,*,#5732,.F.);
#5732 = EDGE_CURVE('',#3030,#5733,#5735,.T.);
#5733 = VERTEX_POINT('',#5734);
#5734 = CARTESIAN_POINT('',(47.2,9.3,7.7));
#5735 = SURFACE_CURVE('',#5736,(#5740,#5747),.PCURVE_S1.);
#5736 = LINE('',#5737,#5738);
#5737 = CARTESIAN_POINT('',(47.2,11.15,5.85));
#5738 = VECTOR('',#5739,1.);
#5739 = DIRECTION('',(0.,-0.707106781187,0.707106781187));
#5740 = PCURVE('',#2449,#5741);
#5741 = DEFINITIONAL_REPRESENTATION('',(#5742),#5746);
#5742 = LINE('',#5743,#5744);
#5743 = CARTESIAN_POINT('',(0.,0.));
#5744 = VECTOR('',#5745,1.);
#5745 = DIRECTION('',(1.,0.));
#5746 = ( GEOMETRIC_REPRESENTATION_CONTEXT(2) 
PARAMETRIC_REPRESENTATION_CONTEXT() REPRESENTATION_CONTEXT('2D SPACE',''
  ) );
#5747 = PCURVE('',#3044,#5748);
#5748 = DEFINITIONAL_REPRESENTATION('',(#5749),#5753);
#5749 = LINE('',#5750,#5751);
#5750 = CARTESIAN_POINT('',(-1.712796355678,-3.663689657675));
#5751 = VECTOR('',#5752,1.);
#5752 = DIRECTION('',(0.707106781187,0.707106781187));
#5753 = ( GEOMETRIC_REPRESENTATION_CONTEXT(2) 
PARAMETRIC_REPRESENTATION_CONTEXT() REPRESENTATION_CONTEXT('2D SPACE',''
  ) );
#5754 = ORIENTED_EDGE('',*,*,#3055,.F.);
#5755 = ORIENTED_EDGE('',*,*,#5701,.T.);
#5756 = ORIENTED_EDGE('',*,*,#2433,.T.);
#5757 = ORIENTED_EDGE('',*,*,#5758,.F.);
#5758 = EDGE_CURVE('',#5733,#2406,#5759,.T.);
#5759 = SURFACE_CURVE('',#5760,(#5764,#5770),.PCURVE_S1.);
#5760 = LINE('',#5761,#5762);
#5761 = CARTESIAN_POINT('',(47.2,9.3,7.7));
#5762 = VECTOR('',#5763,1.);
#5763 = DIRECTION('',(1.,0.,0.));
#5764 = PCURVE('',#2449,#5765);
#5765 = DEFINITIONAL_REPRESENTATION('',(#5766),#5769);
#5766 = B_SPLINE_CURVE_WITH_KNOTS('',1,(#5767,#5768),.UNSPECIFIED.,.F.,
  .F.,(2,2),(0.,2.),.PIECEWISE_BEZIER_KNOTS.);
#5767 = CARTESIAN_POINT('',(2.61629509039,0.));
#5768 = CARTESIAN_POINT('',(2.61629509039,-2.));
#5769 = ( GEOMETRIC_REPRESENTATION_CONTEXT(2) 
PARAMETRIC_REPRESENTATION_CONTEXT() REPRESENTATION_CONTEXT('2D SPACE',''
  ) );
#5770 = PCURVE('',#2421,#5771);
#5771 = DEFINITIONAL_REPRESENTATION('',(#5772),#5775);
#5772 = B_SPLINE_CURVE_WITH_KNOTS('',1,(#5773,#5774),.UNSPECIFIED.,.F.,
  .F.,(2,2),(0.,2.),.PIECEWISE_BEZIER_KNOTS.);
#5773 = CARTESIAN_POINT('',(0.575,0.));
#5774 = CARTESIAN_POINT('',(0.575,-2.));
#5775 = ( GEOMETRIC_REPRESENTATION_CONTEXT(2) 
PARAMETRIC_REPRESENTATION_CONTEXT() REPRESENTATION_CONTEXT('2D SPACE',''
  ) );
#5776 = ADVANCED_FACE('',(#5777),#2421,.T.);
#5777 = FACE_BOUND('',#5778,.T.);
#5778 = EDGE_LOOP('',(#5779,#5802,#5803,#5804));
#5779 = ORIENTED_EDGE('',*,*,#5780,.F.);
#5780 = EDGE_CURVE('',#5733,#5781,#5783,.T.);
#5781 = VERTEX_POINT('',#5782);
#5782 = CARTESIAN_POINT('',(47.2,9.075,7.7));
#5783 = SURFACE_CURVE('',#5784,(#5788,#5795),.PCURVE_S1.);
#5784 = LINE('',#5785,#5786);
#5785 = CARTESIAN_POINT('',(47.2,9.875,7.7));
#5786 = VECTOR('',#5787,1.);
#5787 = DIRECTION('',(0.,-1.,0.));
#5788 = PCURVE('',#2421,#5789);
#5789 = DEFINITIONAL_REPRESENTATION('',(#5790),#5794);
#5790 = LINE('',#5791,#5792);
#5791 = CARTESIAN_POINT('',(0.,0.));
#5792 = VECTOR('',#5793,1.);
#5793 = DIRECTION('',(1.,0.));
#5794 = ( GEOMETRIC_REPRESENTATION_CONTEXT(2) 
PARAMETRIC_REPRESENTATION_CONTEXT() REPRESENTATION_CONTEXT('2D SPACE',''
  ) );
#5795 = PCURVE('',#3044,#5796);
#5796 = DEFINITIONAL_REPRESENTATION('',(#5797),#5801);
#5797 = LINE('',#5798,#5799);
#5798 = CARTESIAN_POINT('',(-0.437796355678,-1.813689657675));
#5799 = VECTOR('',#5800,1.);
#5800 = DIRECTION('',(1.,0.));
#5801 = ( GEOMETRIC_REPRESENTATION_CONTEXT(2) 
PARAMETRIC_REPRESENTATION_CONTEXT() REPRESENTATION_CONTEXT('2D SPACE',''
  ) );
#5802 = ORIENTED_EDGE('',*,*,#5758,.T.);
#5803 = ORIENTED_EDGE('',*,*,#2405,.T.);
#5804 = ORIENTED_EDGE('',*,*,#5805,.F.);
#5805 = EDGE_CURVE('',#5781,#2378,#5806,.T.);
#5806 = SURFACE_CURVE('',#5807,(#5811,#5818),.PCURVE_S1.);
#5807 = LINE('',#5808,#5809);
#5808 = CARTESIAN_POINT('',(47.2,9.075,7.7));
#5809 = VECTOR('',#5810,1.);
#5810 = DIRECTION('',(1.,0.,0.));
#5811 = PCURVE('',#2421,#5812);
#5812 = DEFINITIONAL_REPRESENTATION('',(#5813),#5817);
#5813 = LINE('',#5814,#5815);
#5814 = CARTESIAN_POINT('',(0.8,0.));
#5815 = VECTOR('',#5816,1.);
#5816 = DIRECTION('',(0.,-1.));
#5817 = ( GEOMETRIC_REPRESENTATION_CONTEXT(2) 
PARAMETRIC_REPRESENTATION_CONTEXT() REPRESENTATION_CONTEXT('2D SPACE',''
  ) );
#5818 = PCURVE('',#2393,#5819);
#5819 = DEFINITIONAL_REPRESENTATION('',(#5820),#5824);
#5820 = LINE('',#5821,#5822);
#5821 = CARTESIAN_POINT('',(0.,0.));
#5822 = VECTOR('',#5823,1.);
#5823 = DIRECTION('',(0.,-1.));
#5824 = ( GEOMETRIC_REPRESENTATION_CONTEXT(2) 
PARAMETRIC_REPRESENTATION_CONTEXT() REPRESENTATION_CONTEXT('2D SPACE',''
  ) );
#5825 = ADVANCED_FACE('',(#5826),#2393,.T.);
#5826 = FACE_BOUND('',#5827,.T.);
#5827 = EDGE_LOOP('',(#5828,#5851,#5852,#5853));
#5828 = ORIENTED_EDGE('',*,*,#5829,.F.);
#5829 = EDGE_CURVE('',#5781,#5830,#5832,.T.);
#5830 = VERTEX_POINT('',#5831);
#5831 = CARTESIAN_POINT('',(47.2,9.075,7.925));
#5832 = SURFACE_CURVE('',#5833,(#5837,#5844),.PCURVE_S1.);
#5833 = LINE('',#5834,#5835);
#5834 = CARTESIAN_POINT('',(47.2,9.075,7.7));
#5835 = VECTOR('',#5836,1.);
#5836 = DIRECTION('',(0.,0.,1.));
#5837 = PCURVE('',#2393,#5838);
#5838 = DEFINITIONAL_REPRESENTATION('',(#5839),#5843);
#5839 = LINE('',#5840,#5841);
#5840 = CARTESIAN_POINT('',(0.,0.));
#5841 = VECTOR('',#5842,1.);
#5842 = DIRECTION('',(1.,0.));
#5843 = ( GEOMETRIC_REPRESENTATION_CONTEXT(2) 
PARAMETRIC_REPRESENTATION_CONTEXT() REPRESENTATION_CONTEXT('2D SPACE',''
  ) );
#5844 = PCURVE('',#3044,#5845);
#5845 = DEFINITIONAL_REPRESENTATION('',(#5846),#5850);
#5846 = LINE('',#5847,#5848);
#5847 = CARTESIAN_POINT('',(0.362203644322,-1.813689657675));
#5848 = VECTOR('',#5849,1.);
#5849 = DIRECTION('',(0.,1.));
#5850 = ( GEOMETRIC_REPRESENTATION_CONTEXT(2) 
PARAMETRIC_REPRESENTATION_CONTEXT() REPRESENTATION_CONTEXT('2D SPACE',''
  ) );
#5851 = ORIENTED_EDGE('',*,*,#5805,.T.);
#5852 = ORIENTED_EDGE('',*,*,#2377,.T.);
#5853 = ORIENTED_EDGE('',*,*,#5854,.T.);
#5854 = EDGE_CURVE('',#2350,#5830,#5855,.T.);
#5855 = SURFACE_CURVE('',#5856,(#5860,#5866),.PCURVE_S1.);
#5856 = LINE('',#5857,#5858);
#5857 = CARTESIAN_POINT('',(47.2,9.075,7.925));
#5858 = VECTOR('',#5859,1.);
#5859 = DIRECTION('',(-1.,0.,0.));
#5860 = PCURVE('',#2393,#5861);
#5861 = DEFINITIONAL_REPRESENTATION('',(#5862),#5865);
#5862 = B_SPLINE_CURVE_WITH_KNOTS('',1,(#5863,#5864),.UNSPECIFIED.,.F.,
  .F.,(2,2),(-2.,0.),.PIECEWISE_BEZIER_KNOTS.);
#5863 = CARTESIAN_POINT('',(0.225,-2.));
#5864 = CARTESIAN_POINT('',(0.225,0.));
#5865 = ( GEOMETRIC_REPRESENTATION_CONTEXT(2) 
PARAMETRIC_REPRESENTATION_CONTEXT() REPRESENTATION_CONTEXT('2D SPACE',''
  ) );
#5866 = PCURVE('',#2365,#5867);
#5867 = DEFINITIONAL_REPRESENTATION('',(#5868),#5871);
#5868 = B_SPLINE_CURVE_WITH_KNOTS('',1,(#5869,#5870),.UNSPECIFIED.,.F.,
  .F.,(2,2),(-2.,0.),.PIECEWISE_BEZIER_KNOTS.);
#5869 = CARTESIAN_POINT('',(2.934493141924,-2.));
#5870 = CARTESIAN_POINT('',(2.934493141924,0.));
#5871 = ( GEOMETRIC_REPRESENTATION_CONTEXT(2) 
PARAMETRIC_REPRESENTATION_CONTEXT() REPRESENTATION_CONTEXT('2D SPACE',''
  ) );
#5872 = ADVANCED_FACE('',(#5873),#2365,.T.);
#5873 = FACE_BOUND('',#5874,.T.);
#5874 = EDGE_LOOP('',(#5875,#5898,#5899,#5900));
#5875 = ORIENTED_EDGE('',*,*,#5876,.F.);
#5876 = EDGE_CURVE('',#5830,#5877,#5879,.T.);
#5877 = VERTEX_POINT('',#5878);
#5878 = CARTESIAN_POINT('',(47.2,7.7,9.3));
#5879 = SURFACE_CURVE('',#5880,(#5884,#5891),.PCURVE_S1.);
#5880 = LINE('',#5881,#5882);
#5881 = CARTESIAN_POINT('',(47.2,11.15,5.85));
#5882 = VECTOR('',#5883,1.);
#5883 = DIRECTION('',(0.,-0.707106781187,0.707106781187));
#5884 = PCURVE('',#2365,#5885);
#5885 = DEFINITIONAL_REPRESENTATION('',(#5886),#5890);
#5886 = LINE('',#5887,#5888);
#5887 = CARTESIAN_POINT('',(0.,0.));
#5888 = VECTOR('',#5889,1.);
#5889 = DIRECTION('',(1.,0.));
#5890 = ( GEOMETRIC_REPRESENTATION_CONTEXT(2) 
PARAMETRIC_REPRESENTATION_CONTEXT() REPRESENTATION_CONTEXT('2D SPACE',''
  ) );
#5891 = PCURVE('',#3044,#5892);
#5892 = DEFINITIONAL_REPRESENTATION('',(#5893),#5897);
#5893 = LINE('',#5894,#5895);
#5894 = CARTESIAN_POINT('',(-1.712796355678,-3.663689657675));
#5895 = VECTOR('',#5896,1.);
#5896 = DIRECTION('',(0.707106781187,0.707106781187));
#5897 = ( GEOMETRIC_REPRESENTATION_CONTEXT(2) 
PARAMETRIC_REPRESENTATION_CONTEXT() REPRESENTATION_CONTEXT('2D SPACE',''
  ) );
#5898 = ORIENTED_EDGE('',*,*,#5854,.F.);
#5899 = ORIENTED_EDGE('',*,*,#2349,.T.);
#5900 = ORIENTED_EDGE('',*,*,#5901,.F.);
#5901 = EDGE_CURVE('',#5877,#2322,#5902,.T.);
#5902 = SURFACE_CURVE('',#5903,(#5907,#5914),.PCURVE_S1.);
#5903 = LINE('',#5904,#5905);
#5904 = CARTESIAN_POINT('',(47.2,7.7,9.3));
#5905 = VECTOR('',#5906,1.);
#5906 = DIRECTION('',(1.,0.,0.));
#5907 = PCURVE('',#2365,#5908);
#5908 = DEFINITIONAL_REPRESENTATION('',(#5909),#5913);
#5909 = LINE('',#5910,#5911);
#5910 = CARTESIAN_POINT('',(4.879036790187,0.));
#5911 = VECTOR('',#5912,1.);
#5912 = DIRECTION('',(0.,-1.));
#5913 = ( GEOMETRIC_REPRESENTATION_CONTEXT(2) 
PARAMETRIC_REPRESENTATION_CONTEXT() REPRESENTATION_CONTEXT('2D SPACE',''
  ) );
#5914 = PCURVE('',#2337,#5915);
#5915 = DEFINITIONAL_REPRESENTATION('',(#5916),#5920);
#5916 = LINE('',#5917,#5918);
#5917 = CARTESIAN_POINT('',(0.,0.));
#5918 = VECTOR('',#5919,1.);
#5919 = DIRECTION('',(0.,-1.));
#5920 = ( GEOMETRIC_REPRESENTATION_CONTEXT(2) 
PARAMETRIC_REPRESENTATION_CONTEXT() REPRESENTATION_CONTEXT('2D SPACE',''
  ) );
#5921 = ADVANCED_FACE('',(#5922),#2337,.T.);
#5922 = FACE_BOUND('',#5923,.T.);
#5923 = EDGE_LOOP('',(#5924,#5947,#5948,#5949));
#5924 = ORIENTED_EDGE('',*,*,#5925,.F.);
#5925 = EDGE_CURVE('',#5877,#5926,#5928,.T.);
#5926 = VERTEX_POINT('',#5927);
#5927 = CARTESIAN_POINT('',(47.2,9.075,9.3));
#5928 = SURFACE_CURVE('',#5929,(#5933,#5940),.PCURVE_S1.);
#5929 = LINE('',#5930,#5931);
#5930 = CARTESIAN_POINT('',(47.2,7.7,9.3));
#5931 = VECTOR('',#5932,1.);
#5932 = DIRECTION('',(0.,1.,0.));
#5933 = PCURVE('',#2337,#5934);
#5934 = DEFINITIONAL_REPRESENTATION('',(#5935),#5939);
#5935 = LINE('',#5936,#5937);
#5936 = CARTESIAN_POINT('',(0.,0.));
#5937 = VECTOR('',#5938,1.);
#5938 = DIRECTION('',(1.,0.));
#5939 = ( GEOMETRIC_REPRESENTATION_CONTEXT(2) 
PARAMETRIC_REPRESENTATION_CONTEXT() REPRESENTATION_CONTEXT('2D SPACE',''
  ) );
#5940 = PCURVE('',#3044,#5941);
#5941 = DEFINITIONAL_REPRESENTATION('',(#5942),#5946);
#5942 = LINE('',#5943,#5944);
#5943 = CARTESIAN_POINT('',(1.737203644322,-0.213689657675));
#5944 = VECTOR('',#5945,1.);
#5945 = DIRECTION('',(-1.,0.));
#5946 = ( GEOMETRIC_REPRESENTATION_CONTEXT(2) 
PARAMETRIC_REPRESENTATION_CONTEXT() REPRESENTATION_CONTEXT('2D SPACE',''
  ) );
#5947 = ORIENTED_EDGE('',*,*,#5901,.T.);
#5948 = ORIENTED_EDGE('',*,*,#2321,.T.);
#5949 = ORIENTED_EDGE('',*,*,#5950,.F.);
#5950 = EDGE_CURVE('',#5926,#2294,#5951,.T.);
#5951 = SURFACE_CURVE('',#5952,(#5956,#5962),.PCURVE_S1.);
#5952 = LINE('',#5953,#5954);
#5953 = CARTESIAN_POINT('',(47.2,9.075,9.3));
#5954 = VECTOR('',#5955,1.);
#5955 = DIRECTION('',(1.,0.,0.));
#5956 = PCURVE('',#2337,#5957);
#5957 = DEFINITIONAL_REPRESENTATION('',(#5958),#5961);
#5958 = B_SPLINE_CURVE_WITH_KNOTS('',1,(#5959,#5960),.UNSPECIFIED.,.F.,
  .F.,(2,2),(0.,2.),.PIECEWISE_BEZIER_KNOTS.);
#5959 = CARTESIAN_POINT('',(1.375,0.));
#5960 = CARTESIAN_POINT('',(1.375,-2.));
#5961 = ( GEOMETRIC_REPRESENTATION_CONTEXT(2) 
PARAMETRIC_REPRESENTATION_CONTEXT() REPRESENTATION_CONTEXT('2D SPACE',''
  ) );
#5962 = PCURVE('',#2309,#5963);
#5963 = DEFINITIONAL_REPRESENTATION('',(#5964),#5967);
#5964 = B_SPLINE_CURVE_WITH_KNOTS('',1,(#5965,#5966),.UNSPECIFIED.,.F.,
  .F.,(2,2),(0.,2.),.PIECEWISE_BEZIER_KNOTS.);
#5965 = CARTESIAN_POINT('',(1.6,0.));
#5966 = CARTESIAN_POINT('',(1.6,-2.));
#5967 = ( GEOMETRIC_REPRESENTATION_CONTEXT(2) 
PARAMETRIC_REPRESENTATION_CONTEXT() REPRESENTATION_CONTEXT('2D SPACE',''
  ) );
#5968 = ADVANCED_FACE('',(#5969),#2309,.T.);
#5969 = FACE_BOUND('',#5970,.T.);
#5970 = EDGE_LOOP('',(#5971,#5994,#5995,#5996));
#5971 = ORIENTED_EDGE('',*,*,#5972,.F.);
#5972 = EDGE_CURVE('',#5926,#5973,#5975,.T.);
#5973 = VERTEX_POINT('',#5974);
#5974 = CARTESIAN_POINT('',(47.2,9.075,10.65));
#5975 = SURFACE_CURVE('',#5976,(#5980,#5987),.PCURVE_S1.);
#5976 = LINE('',#5977,#5978);
#5977 = CARTESIAN_POINT('',(47.2,9.075,7.7));
#5978 = VECTOR('',#5979,1.);
#5979 = DIRECTION('',(0.,0.,1.));
#5980 = PCURVE('',#2309,#5981);
#5981 = DEFINITIONAL_REPRESENTATION('',(#5982),#5986);
#5982 = LINE('',#5983,#5984);
#5983 = CARTESIAN_POINT('',(0.,0.));
#5984 = VECTOR('',#5985,1.);
#5985 = DIRECTION('',(1.,0.));
#5986 = ( GEOMETRIC_REPRESENTATION_CONTEXT(2) 
PARAMETRIC_REPRESENTATION_CONTEXT() REPRESENTATION_CONTEXT('2D SPACE',''
  ) );
#5987 = PCURVE('',#3044,#5988);
#5988 = DEFINITIONAL_REPRESENTATION('',(#5989),#5993);
#5989 = LINE('',#5990,#5991);
#5990 = CARTESIAN_POINT('',(0.362203644322,-1.813689657675));
#5991 = VECTOR('',#5992,1.);
#5992 = DIRECTION('',(0.,1.));
#5993 = ( GEOMETRIC_REPRESENTATION_CONTEXT(2) 
PARAMETRIC_REPRESENTATION_CONTEXT() REPRESENTATION_CONTEXT('2D SPACE',''
  ) );
#5994 = ORIENTED_EDGE('',*,*,#5950,.T.);
#5995 = ORIENTED_EDGE('',*,*,#2293,.T.);
#5996 = ORIENTED_EDGE('',*,*,#5997,.F.);
#5997 = EDGE_CURVE('',#5973,#2266,#5998,.T.);
#5998 = SURFACE_CURVE('',#5999,(#6003,#6010),.PCURVE_S1.);
#5999 = LINE('',#6000,#6001);
#6000 = CARTESIAN_POINT('',(47.2,9.075,10.65));
#6001 = VECTOR('',#6002,1.);
#6002 = DIRECTION('',(1.,0.,0.));
#6003 = PCURVE('',#2309,#6004);
#6004 = DEFINITIONAL_REPRESENTATION('',(#6005),#6009);
#6005 = LINE('',#6006,#6007);
#6006 = CARTESIAN_POINT('',(2.95,0.));
#6007 = VECTOR('',#6008,1.);
#6008 = DIRECTION('',(0.,-1.));
#6009 = ( GEOMETRIC_REPRESENTATION_CONTEXT(2) 
PARAMETRIC_REPRESENTATION_CONTEXT() REPRESENTATION_CONTEXT('2D SPACE',''
  ) );
#6010 = PCURVE('',#2281,#6011);
#6011 = DEFINITIONAL_REPRESENTATION('',(#6012),#6016);
#6012 = LINE('',#6013,#6014);
#6013 = CARTESIAN_POINT('',(0.,0.));
#6014 = VECTOR('',#6015,1.);
#6015 = DIRECTION('',(0.,-1.));
#6016 = ( GEOMETRIC_REPRESENTATION_CONTEXT(2) 
PARAMETRIC_REPRESENTATION_CONTEXT() REPRESENTATION_CONTEXT('2D SPACE',''
  ) );
#6017 = ADVANCED_FACE('',(#6018),#2281,.T.);
#6018 = FACE_BOUND('',#6019,.T.);
#6019 = EDGE_LOOP('',(#6020,#6021,#6022,#6045));
#6020 = ORIENTED_EDGE('',*,*,#5997,.T.);
#6021 = ORIENTED_EDGE('',*,*,#2265,.T.);
#6022 = ORIENTED_EDGE('',*,*,#6023,.F.);
#6023 = EDGE_CURVE('',#6024,#2238,#6026,.T.);
#6024 = VERTEX_POINT('',#6025);
#6025 = CARTESIAN_POINT('',(47.2,8.65,10.65));
#6026 = SURFACE_CURVE('',#6027,(#6031,#6038),.PCURVE_S1.);
#6027 = LINE('',#6028,#6029);
#6028 = CARTESIAN_POINT('',(47.2,8.65,10.65));
#6029 = VECTOR('',#6030,1.);
#6030 = DIRECTION('',(1.,0.,0.));
#6031 = PCURVE('',#2281,#6032);
#6032 = DEFINITIONAL_REPRESENTATION('',(#6033),#6037);
#6033 = LINE('',#6034,#6035);
#6034 = CARTESIAN_POINT('',(0.425,0.));
#6035 = VECTOR('',#6036,1.);
#6036 = DIRECTION('',(0.,-1.));
#6037 = ( GEOMETRIC_REPRESENTATION_CONTEXT(2) 
PARAMETRIC_REPRESENTATION_CONTEXT() REPRESENTATION_CONTEXT('2D SPACE',''
  ) );
#6038 = PCURVE('',#2253,#6039);
#6039 = DEFINITIONAL_REPRESENTATION('',(#6040),#6044);
#6040 = LINE('',#6041,#6042);
#6041 = CARTESIAN_POINT('',(0.,0.));
#6042 = VECTOR('',#6043,1.);
#6043 = DIRECTION('',(0.,-1.));
#6044 = ( GEOMETRIC_REPRESENTATION_CONTEXT(2) 
PARAMETRIC_REPRESENTATION_CONTEXT() REPRESENTATION_CONTEXT('2D SPACE',''
  ) );
#6045 = ORIENTED_EDGE('',*,*,#6046,.F.);
#6046 = EDGE_CURVE('',#5973,#6024,#6047,.T.);
#6047 = SURFACE_CURVE('',#6048,(#6052,#6059),.PCURVE_S1.);
#6048 = LINE('',#6049,#6050);
#6049 = CARTESIAN_POINT('',(47.2,9.075,10.65));
#6050 = VECTOR('',#6051,1.);
#6051 = DIRECTION('',(0.,-1.,0.));
#6052 = PCURVE('',#2281,#6053);
#6053 = DEFINITIONAL_REPRESENTATION('',(#6054),#6058);
#6054 = LINE('',#6055,#6056);
#6055 = CARTESIAN_POINT('',(0.,0.));
#6056 = VECTOR('',#6057,1.);
#6057 = DIRECTION('',(1.,0.));
#6058 = ( GEOMETRIC_REPRESENTATION_CONTEXT(2) 
PARAMETRIC_REPRESENTATION_CONTEXT() REPRESENTATION_CONTEXT('2D SPACE',''
  ) );
#6059 = PCURVE('',#3044,#6060);
#6060 = DEFINITIONAL_REPRESENTATION('',(#6061),#6065);
#6061 = LINE('',#6062,#6063);
#6062 = CARTESIAN_POINT('',(0.362203644322,1.136310342325));
#6063 = VECTOR('',#6064,1.);
#6064 = DIRECTION('',(1.,0.));
#6065 = ( GEOMETRIC_REPRESENTATION_CONTEXT(2) 
PARAMETRIC_REPRESENTATION_CONTEXT() REPRESENTATION_CONTEXT('2D SPACE',''
  ) );
#6066 = ADVANCED_FACE('',(#6067),#2253,.T.);
#6067 = FACE_BOUND('',#6068,.T.);
#6068 = EDGE_LOOP('',(#6069,#6070,#6071,#6094));
#6069 = ORIENTED_EDGE('',*,*,#6023,.T.);
#6070 = ORIENTED_EDGE('',*,*,#2237,.T.);
#6071 = ORIENTED_EDGE('',*,*,#6072,.F.);
#6072 = EDGE_CURVE('',#6073,#2210,#6075,.T.);
#6073 = VERTEX_POINT('',#6074);
#6074 = CARTESIAN_POINT('',(47.2,9.575,11.25));
#6075 = SURFACE_CURVE('',#6076,(#6080,#6087),.PCURVE_S1.);
#6076 = LINE('',#6077,#6078);
#6077 = CARTESIAN_POINT('',(47.2,9.575,11.25));
#6078 = VECTOR('',#6079,1.);
#6079 = DIRECTION('',(1.,0.,0.));
#6080 = PCURVE('',#2253,#6081);
#6081 = DEFINITIONAL_REPRESENTATION('',(#6082),#6086);
#6082 = LINE('',#6083,#6084);
#6083 = CARTESIAN_POINT('',(1.10255385356,0.));
#6084 = VECTOR('',#6085,1.);
#6085 = DIRECTION('',(0.,-1.));
#6086 = ( GEOMETRIC_REPRESENTATION_CONTEXT(2) 
PARAMETRIC_REPRESENTATION_CONTEXT() REPRESENTATION_CONTEXT('2D SPACE',''
  ) );
#6087 = PCURVE('',#2225,#6088);
#6088 = DEFINITIONAL_REPRESENTATION('',(#6089),#6093);
#6089 = LINE('',#6090,#6091);
#6090 = CARTESIAN_POINT('',(0.,0.));
#6091 = VECTOR('',#6092,1.);
#6092 = DIRECTION('',(0.,-1.));
#6093 = ( GEOMETRIC_REPRESENTATION_CONTEXT(2) 
PARAMETRIC_REPRESENTATION_CONTEXT() REPRESENTATION_CONTEXT('2D SPACE',''
  ) );
#6094 = ORIENTED_EDGE('',*,*,#6095,.F.);
#6095 = EDGE_CURVE('',#6024,#6073,#6096,.T.);
#6096 = SURFACE_CURVE('',#6097,(#6101,#6108),.PCURVE_S1.);
#6097 = LINE('',#6098,#6099);
#6098 = CARTESIAN_POINT('',(47.2,8.65,10.65));
#6099 = VECTOR('',#6100,1.);
#6100 = DIRECTION('',(0.,0.838961287028,0.544191105099));
#6101 = PCURVE('',#2253,#6102);
#6102 = DEFINITIONAL_REPRESENTATION('',(#6103),#6107);
#6103 = LINE('',#6104,#6105);
#6104 = CARTESIAN_POINT('',(0.,0.));
#6105 = VECTOR('',#6106,1.);
#6106 = DIRECTION('',(1.,0.));
#6107 = ( GEOMETRIC_REPRESENTATION_CONTEXT(2) 
PARAMETRIC_REPRESENTATION_CONTEXT() REPRESENTATION_CONTEXT('2D SPACE',''
  ) );
#6108 = PCURVE('',#3044,#6109);
#6109 = DEFINITIONAL_REPRESENTATION('',(#6110),#6114);
#6110 = LINE('',#6111,#6112);
#6111 = CARTESIAN_POINT('',(0.787203644322,1.136310342325));
#6112 = VECTOR('',#6113,1.);
#6113 = DIRECTION('',(-0.838961287028,0.544191105099));
#6114 = ( GEOMETRIC_REPRESENTATION_CONTEXT(2) 
PARAMETRIC_REPRESENTATION_CONTEXT() REPRESENTATION_CONTEXT('2D SPACE',''
  ) );
#6115 = ADVANCED_FACE('',(#6116),#2225,.T.);
#6116 = FACE_BOUND('',#6117,.T.);
#6117 = EDGE_LOOP('',(#6118,#6141,#6142,#6143,#6144));
#6118 = ORIENTED_EDGE('',*,*,#6119,.F.);
#6119 = EDGE_CURVE('',#6073,#6120,#6122,.T.);
#6120 = VERTEX_POINT('',#6121);
#6121 = CARTESIAN_POINT('',(47.2,9.875,11.25));
#6122 = SURFACE_CURVE('',#6123,(#6127,#6134),.PCURVE_S1.);
#6123 = LINE('',#6124,#6125);
#6124 = CARTESIAN_POINT('',(47.2,9.575,11.25));
#6125 = VECTOR('',#6126,1.);
#6126 = DIRECTION('',(0.,1.,0.));
#6127 = PCURVE('',#2225,#6128);
#6128 = DEFINITIONAL_REPRESENTATION('',(#6129),#6133);
#6129 = LINE('',#6130,#6131);
#6130 = CARTESIAN_POINT('',(0.,0.));
#6131 = VECTOR('',#6132,1.);
#6132 = DIRECTION('',(1.,0.));
#6133 = ( GEOMETRIC_REPRESENTATION_CONTEXT(2) 
PARAMETRIC_REPRESENTATION_CONTEXT() REPRESENTATION_CONTEXT('2D SPACE',''
  ) );
#6134 = PCURVE('',#3044,#6135);
#6135 = DEFINITIONAL_REPRESENTATION('',(#6136),#6140);
#6136 = LINE('',#6137,#6138);
#6137 = CARTESIAN_POINT('',(-0.137796355678,1.736310342325));
#6138 = VECTOR('',#6139,1.);
#6139 = DIRECTION('',(-1.,0.));
#6140 = ( GEOMETRIC_REPRESENTATION_CONTEXT(2) 
PARAMETRIC_REPRESENTATION_CONTEXT() REPRESENTATION_CONTEXT('2D SPACE',''
  ) );
#6141 = ORIENTED_EDGE('',*,*,#6072,.T.);
#6142 = ORIENTED_EDGE('',*,*,#2209,.T.);
#6143 = ORIENTED_EDGE('',*,*,#2490,.F.);
#6144 = ORIENTED_EDGE('',*,*,#6145,.F.);
#6145 = EDGE_CURVE('',#6120,#2491,#6146,.T.);
#6146 = SURFACE_CURVE('',#6147,(#6151,#6158),.PCURVE_S1.);
#6147 = LINE('',#6148,#6149);
#6148 = CARTESIAN_POINT('',(47.2,9.875,11.25));
#6149 = VECTOR('',#6150,1.);
#6150 = DIRECTION('',(1.,0.,0.));
#6151 = PCURVE('',#2225,#6152);
#6152 = DEFINITIONAL_REPRESENTATION('',(#6153),#6157);
#6153 = LINE('',#6154,#6155);
#6154 = CARTESIAN_POINT('',(0.3,0.));
#6155 = VECTOR('',#6156,1.);
#6156 = DIRECTION('',(0.,-1.));
#6157 = ( GEOMETRIC_REPRESENTATION_CONTEXT(2) 
PARAMETRIC_REPRESENTATION_CONTEXT() REPRESENTATION_CONTEXT('2D SPACE',''
  ) );
#6158 = PCURVE('',#2648,#6159);
#6159 = DEFINITIONAL_REPRESENTATION('',(#6160),#6164);
#6160 = LINE('',#6161,#6162);
#6161 = CARTESIAN_POINT('',(3.55,0.5));
#6162 = VECTOR('',#6163,1.);
#6163 = DIRECTION('',(0.,1.));
#6164 = ( GEOMETRIC_REPRESENTATION_CONTEXT(2) 
PARAMETRIC_REPRESENTATION_CONTEXT() REPRESENTATION_CONTEXT('2D SPACE',''
  ) );
#6165 = ADVANCED_FACE('',(#6166),#2110,.F.);
#6166 = FACE_BOUND('',#6167,.F.);
#6167 = EDGE_LOOP('',(#6168,#6193,#6214,#6215,#6216));
#6168 = ORIENTED_EDGE('',*,*,#6169,.F.);
#6169 = EDGE_CURVE('',#6170,#6172,#6174,.T.);
#6170 = VERTEX_POINT('',#6171);
#6171 = CARTESIAN_POINT('',(47.2,-9.575,11.25));
#6172 = VERTEX_POINT('',#6173);
#6173 = CARTESIAN_POINT('',(47.2,-9.875,11.25));
#6174 = SURFACE_CURVE('',#6175,(#6179,#6186),.PCURVE_S1.);
#6175 = LINE('',#6176,#6177);
#6176 = CARTESIAN_POINT('',(47.2,-9.575,11.25));
#6177 = VECTOR('',#6178,1.);
#6178 = DIRECTION('',(0.,-1.,0.));
#6179 = PCURVE('',#2110,#6180);
#6180 = DEFINITIONAL_REPRESENTATION('',(#6181),#6185);
#6181 = LINE('',#6182,#6183);
#6182 = CARTESIAN_POINT('',(0.,-0.));
#6183 = VECTOR('',#6184,1.);
#6184 = DIRECTION('',(1.,0.));
#6185 = ( GEOMETRIC_REPRESENTATION_CONTEXT(2) 
PARAMETRIC_REPRESENTATION_CONTEXT() REPRESENTATION_CONTEXT('2D SPACE',''
  ) );
#6186 = PCURVE('',#4129,#6187);
#6187 = DEFINITIONAL_REPRESENTATION('',(#6188),#6192);
#6188 = LINE('',#6189,#6190);
#6189 = CARTESIAN_POINT('',(-0.137796355678,1.736310342325));
#6190 = VECTOR('',#6191,1.);
#6191 = DIRECTION('',(-1.,0.));
#6192 = ( GEOMETRIC_REPRESENTATION_CONTEXT(2) 
PARAMETRIC_REPRESENTATION_CONTEXT() REPRESENTATION_CONTEXT('2D SPACE',''
  ) );
#6193 = ORIENTED_EDGE('',*,*,#6194,.T.);
#6194 = EDGE_CURVE('',#6170,#2067,#6195,.T.);
#6195 = SURFACE_CURVE('',#6196,(#6200,#6207),.PCURVE_S1.);
#6196 = LINE('',#6197,#6198);
#6197 = CARTESIAN_POINT('',(47.2,-9.575,11.25));
#6198 = VECTOR('',#6199,1.);
#6199 = DIRECTION('',(1.,0.,0.));
#6200 = PCURVE('',#2110,#6201);
#6201 = DEFINITIONAL_REPRESENTATION('',(#6202),#6206);
#6202 = LINE('',#6203,#6204);
#6203 = CARTESIAN_POINT('',(0.,-0.));
#6204 = VECTOR('',#6205,1.);
#6205 = DIRECTION('',(0.,-1.));
#6206 = ( GEOMETRIC_REPRESENTATION_CONTEXT(2) 
PARAMETRIC_REPRESENTATION_CONTEXT() REPRESENTATION_CONTEXT('2D SPACE',''
  ) );
#6207 = PCURVE('',#2082,#6208);
#6208 = DEFINITIONAL_REPRESENTATION('',(#6209),#6213);
#6209 = LINE('',#6210,#6211);
#6210 = CARTESIAN_POINT('',(1.10255385356,0.));
#6211 = VECTOR('',#6212,1.);
#6212 = DIRECTION('',(0.,-1.));
#6213 = ( GEOMETRIC_REPRESENTATION_CONTEXT(2) 
PARAMETRIC_REPRESENTATION_CONTEXT() REPRESENTATION_CONTEXT('2D SPACE',''
  ) );
#6214 = ORIENTED_EDGE('',*,*,#2094,.T.);
#6215 = ORIENTED_EDGE('',*,*,#4675,.T.);
#6216 = ORIENTED_EDGE('',*,*,#6217,.F.);
#6217 = EDGE_CURVE('',#6172,#4676,#6218,.T.);
#6218 = SURFACE_CURVE('',#6219,(#6223,#6230),.PCURVE_S1.);
#6219 = LINE('',#6220,#6221);
#6220 = CARTESIAN_POINT('',(47.2,-9.875,11.25));
#6221 = VECTOR('',#6222,1.);
#6222 = DIRECTION('',(1.,0.,0.));
#6223 = PCURVE('',#2110,#6224);
#6224 = DEFINITIONAL_REPRESENTATION('',(#6225),#6229);
#6225 = LINE('',#6226,#6227);
#6226 = CARTESIAN_POINT('',(0.3,0.));
#6227 = VECTOR('',#6228,1.);
#6228 = DIRECTION('',(0.,-1.));
#6229 = ( GEOMETRIC_REPRESENTATION_CONTEXT(2) 
PARAMETRIC_REPRESENTATION_CONTEXT() REPRESENTATION_CONTEXT('2D SPACE',''
  ) );
#6230 = PCURVE('',#4714,#6231);
#6231 = DEFINITIONAL_REPRESENTATION('',(#6232),#6236);
#6232 = LINE('',#6233,#6234);
#6233 = CARTESIAN_POINT('',(3.55,0.5));
#6234 = VECTOR('',#6235,1.);
#6235 = DIRECTION('',(0.,1.));
#6236 = ( GEOMETRIC_REPRESENTATION_CONTEXT(2) 
PARAMETRIC_REPRESENTATION_CONTEXT() REPRESENTATION_CONTEXT('2D SPACE',''
  ) );
#6237 = ADVANCED_FACE('',(#6238),#2082,.F.);
#6238 = FACE_BOUND('',#6239,.F.);
#6239 = EDGE_LOOP('',(#6240,#6263,#6264,#6265));
#6240 = ORIENTED_EDGE('',*,*,#6241,.T.);
#6241 = EDGE_CURVE('',#6242,#2039,#6244,.T.);
#6242 = VERTEX_POINT('',#6243);
#6243 = CARTESIAN_POINT('',(47.2,-8.65,10.65));
#6244 = SURFACE_CURVE('',#6245,(#6249,#6256),.PCURVE_S1.);
#6245 = LINE('',#6246,#6247);
#6246 = CARTESIAN_POINT('',(47.2,-8.65,10.65));
#6247 = VECTOR('',#6248,1.);
#6248 = DIRECTION('',(1.,0.,0.));
#6249 = PCURVE('',#2082,#6250);
#6250 = DEFINITIONAL_REPRESENTATION('',(#6251),#6255);
#6251 = LINE('',#6252,#6253);
#6252 = CARTESIAN_POINT('',(0.,0.));
#6253 = VECTOR('',#6254,1.);
#6254 = DIRECTION('',(0.,-1.));
#6255 = ( GEOMETRIC_REPRESENTATION_CONTEXT(2) 
PARAMETRIC_REPRESENTATION_CONTEXT() REPRESENTATION_CONTEXT('2D SPACE',''
  ) );
#6256 = PCURVE('',#2054,#6257);
#6257 = DEFINITIONAL_REPRESENTATION('',(#6258),#6262);
#6258 = LINE('',#6259,#6260);
#6259 = CARTESIAN_POINT('',(0.425,0.));
#6260 = VECTOR('',#6261,1.);
#6261 = DIRECTION('',(0.,-1.));
#6262 = ( GEOMETRIC_REPRESENTATION_CONTEXT(2) 
PARAMETRIC_REPRESENTATION_CONTEXT() REPRESENTATION_CONTEXT('2D SPACE',''
  ) );
#6263 = ORIENTED_EDGE('',*,*,#2066,.T.);
#6264 = ORIENTED_EDGE('',*,*,#6194,.F.);
#6265 = ORIENTED_EDGE('',*,*,#6266,.F.);
#6266 = EDGE_CURVE('',#6242,#6170,#6267,.T.);
#6267 = SURFACE_CURVE('',#6268,(#6272,#6279),.PCURVE_S1.);
#6268 = LINE('',#6269,#6270);
#6269 = CARTESIAN_POINT('',(47.2,-8.65,10.65));
#6270 = VECTOR('',#6271,1.);
#6271 = DIRECTION('',(0.,-0.838961287028,0.544191105099));
#6272 = PCURVE('',#2082,#6273);
#6273 = DEFINITIONAL_REPRESENTATION('',(#6274),#6278);
#6274 = LINE('',#6275,#6276);
#6275 = CARTESIAN_POINT('',(0.,0.));
#6276 = VECTOR('',#6277,1.);
#6277 = DIRECTION('',(1.,0.));
#6278 = ( GEOMETRIC_REPRESENTATION_CONTEXT(2) 
PARAMETRIC_REPRESENTATION_CONTEXT() REPRESENTATION_CONTEXT('2D SPACE',''
  ) );
#6279 = PCURVE('',#4129,#6280);
#6280 = DEFINITIONAL_REPRESENTATION('',(#6281),#6285);
#6281 = LINE('',#6282,#6283);
#6282 = CARTESIAN_POINT('',(0.787203644322,1.136310342325));
#6283 = VECTOR('',#6284,1.);
#6284 = DIRECTION('',(-0.838961287028,0.544191105099));
#6285 = ( GEOMETRIC_REPRESENTATION_CONTEXT(2) 
PARAMETRIC_REPRESENTATION_CONTEXT() REPRESENTATION_CONTEXT('2D SPACE',''
  ) );
#6286 = ADVANCED_FACE('',(#6287),#2054,.F.);
#6287 = FACE_BOUND('',#6288,.F.);
#6288 = EDGE_LOOP('',(#6289,#6312,#6313,#6314));
#6289 = ORIENTED_EDGE('',*,*,#6290,.T.);
#6290 = EDGE_CURVE('',#6291,#2011,#6293,.T.);
#6291 = VERTEX_POINT('',#6292);
#6292 = CARTESIAN_POINT('',(47.2,-9.075,10.65));
#6293 = SURFACE_CURVE('',#6294,(#6298,#6305),.PCURVE_S1.);
#6294 = LINE('',#6295,#6296);
#6295 = CARTESIAN_POINT('',(47.2,-9.075,10.65));
#6296 = VECTOR('',#6297,1.);
#6297 = DIRECTION('',(1.,0.,0.));
#6298 = PCURVE('',#2054,#6299);
#6299 = DEFINITIONAL_REPRESENTATION('',(#6300),#6304);
#6300 = LINE('',#6301,#6302);
#6301 = CARTESIAN_POINT('',(0.,0.));
#6302 = VECTOR('',#6303,1.);
#6303 = DIRECTION('',(0.,-1.));
#6304 = ( GEOMETRIC_REPRESENTATION_CONTEXT(2) 
PARAMETRIC_REPRESENTATION_CONTEXT() REPRESENTATION_CONTEXT('2D SPACE',''
  ) );
#6305 = PCURVE('',#2026,#6306);
#6306 = DEFINITIONAL_REPRESENTATION('',(#6307),#6311);
#6307 = LINE('',#6308,#6309);
#6308 = CARTESIAN_POINT('',(2.95,0.));
#6309 = VECTOR('',#6310,1.);
#6310 = DIRECTION('',(0.,-1.));
#6311 = ( GEOMETRIC_REPRESENTATION_CONTEXT(2) 
PARAMETRIC_REPRESENTATION_CONTEXT() REPRESENTATION_CONTEXT('2D SPACE',''
  ) );
#6312 = ORIENTED_EDGE('',*,*,#2038,.T.);
#6313 = ORIENTED_EDGE('',*,*,#6241,.F.);
#6314 = ORIENTED_EDGE('',*,*,#6315,.F.);
#6315 = EDGE_CURVE('',#6291,#6242,#6316,.T.);
#6316 = SURFACE_CURVE('',#6317,(#6321,#6328),.PCURVE_S1.);
#6317 = LINE('',#6318,#6319);
#6318 = CARTESIAN_POINT('',(47.2,-9.075,10.65));
#6319 = VECTOR('',#6320,1.);
#6320 = DIRECTION('',(0.,1.,0.));
#6321 = PCURVE('',#2054,#6322);
#6322 = DEFINITIONAL_REPRESENTATION('',(#6323),#6327);
#6323 = LINE('',#6324,#6325);
#6324 = CARTESIAN_POINT('',(0.,0.));
#6325 = VECTOR('',#6326,1.);
#6326 = DIRECTION('',(1.,0.));
#6327 = ( GEOMETRIC_REPRESENTATION_CONTEXT(2) 
PARAMETRIC_REPRESENTATION_CONTEXT() REPRESENTATION_CONTEXT('2D SPACE',''
  ) );
#6328 = PCURVE('',#4129,#6329);
#6329 = DEFINITIONAL_REPRESENTATION('',(#6330),#6334);
#6330 = LINE('',#6331,#6332);
#6331 = CARTESIAN_POINT('',(0.362203644322,1.136310342325));
#6332 = VECTOR('',#6333,1.);
#6333 = DIRECTION('',(1.,0.));
#6334 = ( GEOMETRIC_REPRESENTATION_CONTEXT(2) 
PARAMETRIC_REPRESENTATION_CONTEXT() REPRESENTATION_CONTEXT('2D SPACE',''
  ) );
#6335 = ADVANCED_FACE('',(#6336),#2026,.F.);
#6336 = FACE_BOUND('',#6337,.F.);
#6337 = EDGE_LOOP('',(#6338,#6361,#6380,#6381));
#6338 = ORIENTED_EDGE('',*,*,#6339,.F.);
#6339 = EDGE_CURVE('',#6340,#6291,#6342,.T.);
#6340 = VERTEX_POINT('',#6341);
#6341 = CARTESIAN_POINT('',(47.2,-9.075,9.3));
#6342 = SURFACE_CURVE('',#6343,(#6347,#6354),.PCURVE_S1.);
#6343 = LINE('',#6344,#6345);
#6344 = CARTESIAN_POINT('',(47.2,-9.075,7.7));
#6345 = VECTOR('',#6346,1.);
#6346 = DIRECTION('',(0.,0.,1.));
#6347 = PCURVE('',#2026,#6348);
#6348 = DEFINITIONAL_REPRESENTATION('',(#6349),#6353);
#6349 = LINE('',#6350,#6351);
#6350 = CARTESIAN_POINT('',(0.,0.));
#6351 = VECTOR('',#6352,1.);
#6352 = DIRECTION('',(1.,0.));
#6353 = ( GEOMETRIC_REPRESENTATION_CONTEXT(2) 
PARAMETRIC_REPRESENTATION_CONTEXT() REPRESENTATION_CONTEXT('2D SPACE',''
  ) );
#6354 = PCURVE('',#4129,#6355);
#6355 = DEFINITIONAL_REPRESENTATION('',(#6356),#6360);
#6356 = LINE('',#6357,#6358);
#6357 = CARTESIAN_POINT('',(0.362203644322,-1.813689657675));
#6358 = VECTOR('',#6359,1.);
#6359 = DIRECTION('',(0.,1.));
#6360 = ( GEOMETRIC_REPRESENTATION_CONTEXT(2) 
PARAMETRIC_REPRESENTATION_CONTEXT() REPRESENTATION_CONTEXT('2D SPACE',''
  ) );
#6361 = ORIENTED_EDGE('',*,*,#6362,.F.);
#6362 = EDGE_CURVE('',#1983,#6340,#6363,.T.);
#6363 = SURFACE_CURVE('',#6364,(#6368,#6374),.PCURVE_S1.);
#6364 = LINE('',#6365,#6366);
#6365 = CARTESIAN_POINT('',(47.2,-9.075,9.3));
#6366 = VECTOR('',#6367,1.);
#6367 = DIRECTION('',(-1.,0.,-0.));
#6368 = PCURVE('',#2026,#6369);
#6369 = DEFINITIONAL_REPRESENTATION('',(#6370),#6373);
#6370 = B_SPLINE_CURVE_WITH_KNOTS('',1,(#6371,#6372),.UNSPECIFIED.,.F.,
  .F.,(2,2),(-2.,0.),.PIECEWISE_BEZIER_KNOTS.);
#6371 = CARTESIAN_POINT('',(1.6,-2.));
#6372 = CARTESIAN_POINT('',(1.6,0.));
#6373 = ( GEOMETRIC_REPRESENTATION_CONTEXT(2) 
PARAMETRIC_REPRESENTATION_CONTEXT() REPRESENTATION_CONTEXT('2D SPACE',''
  ) );
#6374 = PCURVE('',#1998,#6375);
#6375 = DEFINITIONAL_REPRESENTATION('',(#6376),#6379);
#6376 = B_SPLINE_CURVE_WITH_KNOTS('',1,(#6377,#6378),.UNSPECIFIED.,.F.,
  .F.,(2,2),(-2.,0.),.PIECEWISE_BEZIER_KNOTS.);
#6377 = CARTESIAN_POINT('',(1.375,-2.));
#6378 = CARTESIAN_POINT('',(1.375,0.));
#6379 = ( GEOMETRIC_REPRESENTATION_CONTEXT(2) 
PARAMETRIC_REPRESENTATION_CONTEXT() REPRESENTATION_CONTEXT('2D SPACE',''
  ) );
#6380 = ORIENTED_EDGE('',*,*,#2010,.T.);
#6381 = ORIENTED_EDGE('',*,*,#6290,.F.);
#6382 = ADVANCED_FACE('',(#6383),#1998,.F.);
#6383 = FACE_BOUND('',#6384,.F.);
#6384 = EDGE_LOOP('',(#6385,#6408,#6429,#6430));
#6385 = ORIENTED_EDGE('',*,*,#6386,.F.);
#6386 = EDGE_CURVE('',#6387,#6340,#6389,.T.);
#6387 = VERTEX_POINT('',#6388);
#6388 = CARTESIAN_POINT('',(47.2,-7.7,9.3));
#6389 = SURFACE_CURVE('',#6390,(#6394,#6401),.PCURVE_S1.);
#6390 = LINE('',#6391,#6392);
#6391 = CARTESIAN_POINT('',(47.2,-7.7,9.3));
#6392 = VECTOR('',#6393,1.);
#6393 = DIRECTION('',(0.,-1.,0.));
#6394 = PCURVE('',#1998,#6395);
#6395 = DEFINITIONAL_REPRESENTATION('',(#6396),#6400);
#6396 = LINE('',#6397,#6398);
#6397 = CARTESIAN_POINT('',(0.,-0.));
#6398 = VECTOR('',#6399,1.);
#6399 = DIRECTION('',(1.,0.));
#6400 = ( GEOMETRIC_REPRESENTATION_CONTEXT(2) 
PARAMETRIC_REPRESENTATION_CONTEXT() REPRESENTATION_CONTEXT('2D SPACE',''
  ) );
#6401 = PCURVE('',#4129,#6402);
#6402 = DEFINITIONAL_REPRESENTATION('',(#6403),#6407);
#6403 = LINE('',#6404,#6405);
#6404 = CARTESIAN_POINT('',(1.737203644322,-0.213689657675));
#6405 = VECTOR('',#6406,1.);
#6406 = DIRECTION('',(-1.,0.));
#6407 = ( GEOMETRIC_REPRESENTATION_CONTEXT(2) 
PARAMETRIC_REPRESENTATION_CONTEXT() REPRESENTATION_CONTEXT('2D SPACE',''
  ) );
#6408 = ORIENTED_EDGE('',*,*,#6409,.T.);
#6409 = EDGE_CURVE('',#6387,#1955,#6410,.T.);
#6410 = SURFACE_CURVE('',#6411,(#6415,#6422),.PCURVE_S1.);
#6411 = LINE('',#6412,#6413);
#6412 = CARTESIAN_POINT('',(47.2,-7.7,9.3));
#6413 = VECTOR('',#6414,1.);
#6414 = DIRECTION('',(1.,0.,0.));
#6415 = PCURVE('',#1998,#6416);
#6416 = DEFINITIONAL_REPRESENTATION('',(#6417),#6421);
#6417 = LINE('',#6418,#6419);
#6418 = CARTESIAN_POINT('',(0.,-0.));
#6419 = VECTOR('',#6420,1.);
#6420 = DIRECTION('',(0.,-1.));
#6421 = ( GEOMETRIC_REPRESENTATION_CONTEXT(2) 
PARAMETRIC_REPRESENTATION_CONTEXT() REPRESENTATION_CONTEXT('2D SPACE',''
  ) );
#6422 = PCURVE('',#1970,#6423);
#6423 = DEFINITIONAL_REPRESENTATION('',(#6424),#6428);
#6424 = LINE('',#6425,#6426);
#6425 = CARTESIAN_POINT('',(4.879036790187,0.));
#6426 = VECTOR('',#6427,1.);
#6427 = DIRECTION('',(0.,-1.));
#6428 = ( GEOMETRIC_REPRESENTATION_CONTEXT(2) 
PARAMETRIC_REPRESENTATION_CONTEXT() REPRESENTATION_CONTEXT('2D SPACE',''
  ) );
#6429 = ORIENTED_EDGE('',*,*,#1982,.T.);
#6430 = ORIENTED_EDGE('',*,*,#6362,.T.);
#6431 = ADVANCED_FACE('',(#6432),#1970,.F.);
#6432 = FACE_BOUND('',#6433,.F.);
#6433 = EDGE_LOOP('',(#6434,#6457,#6476,#6477));
#6434 = ORIENTED_EDGE('',*,*,#6435,.F.);
#6435 = EDGE_CURVE('',#6436,#6387,#6438,.T.);
#6436 = VERTEX_POINT('',#6437);
#6437 = CARTESIAN_POINT('',(47.2,-9.075,7.925));
#6438 = SURFACE_CURVE('',#6439,(#6443,#6450),.PCURVE_S1.);
#6439 = LINE('',#6440,#6441);
#6440 = CARTESIAN_POINT('',(47.2,-11.15,5.85));
#6441 = VECTOR('',#6442,1.);
#6442 = DIRECTION('',(0.,0.707106781187,0.707106781187));
#6443 = PCURVE('',#1970,#6444);
#6444 = DEFINITIONAL_REPRESENTATION('',(#6445),#6449);
#6445 = LINE('',#6446,#6447);
#6446 = CARTESIAN_POINT('',(0.,0.));
#6447 = VECTOR('',#6448,1.);
#6448 = DIRECTION('',(1.,0.));
#6449 = ( GEOMETRIC_REPRESENTATION_CONTEXT(2) 
PARAMETRIC_REPRESENTATION_CONTEXT() REPRESENTATION_CONTEXT('2D SPACE',''
  ) );
#6450 = PCURVE('',#4129,#6451);
#6451 = DEFINITIONAL_REPRESENTATION('',(#6452),#6456);
#6452 = LINE('',#6453,#6454);
#6453 = CARTESIAN_POINT('',(-1.712796355678,-3.663689657675));
#6454 = VECTOR('',#6455,1.);
#6455 = DIRECTION('',(0.707106781187,0.707106781187));
#6456 = ( GEOMETRIC_REPRESENTATION_CONTEXT(2) 
PARAMETRIC_REPRESENTATION_CONTEXT() REPRESENTATION_CONTEXT('2D SPACE',''
  ) );
#6457 = ORIENTED_EDGE('',*,*,#6458,.T.);
#6458 = EDGE_CURVE('',#6436,#1927,#6459,.T.);
#6459 = SURFACE_CURVE('',#6460,(#6464,#6470),.PCURVE_S1.);
#6460 = LINE('',#6461,#6462);
#6461 = CARTESIAN_POINT('',(47.2,-9.075,7.925));
#6462 = VECTOR('',#6463,1.);
#6463 = DIRECTION('',(1.,0.,0.));
#6464 = PCURVE('',#1970,#6465);
#6465 = DEFINITIONAL_REPRESENTATION('',(#6466),#6469);
#6466 = B_SPLINE_CURVE_WITH_KNOTS('',1,(#6467,#6468),.UNSPECIFIED.,.F.,
  .F.,(2,2),(0.,2.),.PIECEWISE_BEZIER_KNOTS.);
#6467 = CARTESIAN_POINT('',(2.934493141924,0.));
#6468 = CARTESIAN_POINT('',(2.934493141924,-2.));
#6469 = ( GEOMETRIC_REPRESENTATION_CONTEXT(2) 
PARAMETRIC_REPRESENTATION_CONTEXT() REPRESENTATION_CONTEXT('2D SPACE',''
  ) );
#6470 = PCURVE('',#1942,#6471);
#6471 = DEFINITIONAL_REPRESENTATION('',(#6472),#6475);
#6472 = B_SPLINE_CURVE_WITH_KNOTS('',1,(#6473,#6474),.UNSPECIFIED.,.F.,
  .F.,(2,2),(0.,2.),.PIECEWISE_BEZIER_KNOTS.);
#6473 = CARTESIAN_POINT('',(0.225,0.));
#6474 = CARTESIAN_POINT('',(0.225,-2.));
#6475 = ( GEOMETRIC_REPRESENTATION_CONTEXT(2) 
PARAMETRIC_REPRESENTATION_CONTEXT() REPRESENTATION_CONTEXT('2D SPACE',''
  ) );
#6476 = ORIENTED_EDGE('',*,*,#1954,.T.);
#6477 = ORIENTED_EDGE('',*,*,#6409,.F.);
#6478 = ADVANCED_FACE('',(#6479),#1942,.F.);
#6479 = FACE_BOUND('',#6480,.F.);
#6480 = EDGE_LOOP('',(#6481,#6504,#6525,#6526));
#6481 = ORIENTED_EDGE('',*,*,#6482,.F.);
#6482 = EDGE_CURVE('',#6483,#6436,#6485,.T.);
#6483 = VERTEX_POINT('',#6484);
#6484 = CARTESIAN_POINT('',(47.2,-9.075,7.7));
#6485 = SURFACE_CURVE('',#6486,(#6490,#6497),.PCURVE_S1.);
#6486 = LINE('',#6487,#6488);
#6487 = CARTESIAN_POINT('',(47.2,-9.075,7.7));
#6488 = VECTOR('',#6489,1.);
#6489 = DIRECTION('',(0.,0.,1.));
#6490 = PCURVE('',#1942,#6491);
#6491 = DEFINITIONAL_REPRESENTATION('',(#6492),#6496);
#6492 = LINE('',#6493,#6494);
#6493 = CARTESIAN_POINT('',(0.,0.));
#6494 = VECTOR('',#6495,1.);
#6495 = DIRECTION('',(1.,0.));
#6496 = ( GEOMETRIC_REPRESENTATION_CONTEXT(2) 
PARAMETRIC_REPRESENTATION_CONTEXT() REPRESENTATION_CONTEXT('2D SPACE',''
  ) );
#6497 = PCURVE('',#4129,#6498);
#6498 = DEFINITIONAL_REPRESENTATION('',(#6499),#6503);
#6499 = LINE('',#6500,#6501);
#6500 = CARTESIAN_POINT('',(0.362203644322,-1.813689657675));
#6501 = VECTOR('',#6502,1.);
#6502 = DIRECTION('',(0.,1.));
#6503 = ( GEOMETRIC_REPRESENTATION_CONTEXT(2) 
PARAMETRIC_REPRESENTATION_CONTEXT() REPRESENTATION_CONTEXT('2D SPACE',''
  ) );
#6504 = ORIENTED_EDGE('',*,*,#6505,.T.);
#6505 = EDGE_CURVE('',#6483,#1899,#6506,.T.);
#6506 = SURFACE_CURVE('',#6507,(#6511,#6518),.PCURVE_S1.);
#6507 = LINE('',#6508,#6509);
#6508 = CARTESIAN_POINT('',(47.2,-9.075,7.7));
#6509 = VECTOR('',#6510,1.);
#6510 = DIRECTION('',(1.,0.,0.));
#6511 = PCURVE('',#1942,#6512);
#6512 = DEFINITIONAL_REPRESENTATION('',(#6513),#6517);
#6513 = LINE('',#6514,#6515);
#6514 = CARTESIAN_POINT('',(0.,0.));
#6515 = VECTOR('',#6516,1.);
#6516 = DIRECTION('',(0.,-1.));
#6517 = ( GEOMETRIC_REPRESENTATION_CONTEXT(2) 
PARAMETRIC_REPRESENTATION_CONTEXT() REPRESENTATION_CONTEXT('2D SPACE',''
  ) );
#6518 = PCURVE('',#1914,#6519);
#6519 = DEFINITIONAL_REPRESENTATION('',(#6520),#6524);
#6520 = LINE('',#6521,#6522);
#6521 = CARTESIAN_POINT('',(0.8,0.));
#6522 = VECTOR('',#6523,1.);
#6523 = DIRECTION('',(0.,-1.));
#6524 = ( GEOMETRIC_REPRESENTATION_CONTEXT(2) 
PARAMETRIC_REPRESENTATION_CONTEXT() REPRESENTATION_CONTEXT('2D SPACE',''
  ) );
#6525 = ORIENTED_EDGE('',*,*,#1926,.T.);
#6526 = ORIENTED_EDGE('',*,*,#6458,.F.);
#6527 = ADVANCED_FACE('',(#6528),#1914,.F.);
#6528 = FACE_BOUND('',#6529,.F.);
#6529 = EDGE_LOOP('',(#6530,#6553,#6572,#6573));
#6530 = ORIENTED_EDGE('',*,*,#6531,.F.);
#6531 = EDGE_CURVE('',#6532,#6483,#6534,.T.);
#6532 = VERTEX_POINT('',#6533);
#6533 = CARTESIAN_POINT('',(47.2,-9.3,7.7));
#6534 = SURFACE_CURVE('',#6535,(#6539,#6546),.PCURVE_S1.);
#6535 = LINE('',#6536,#6537);
#6536 = CARTESIAN_POINT('',(47.2,-9.875,7.7));
#6537 = VECTOR('',#6538,1.);
#6538 = DIRECTION('',(0.,1.,0.));
#6539 = PCURVE('',#1914,#6540);
#6540 = DEFINITIONAL_REPRESENTATION('',(#6541),#6545);
#6541 = LINE('',#6542,#6543);
#6542 = CARTESIAN_POINT('',(0.,0.));
#6543 = VECTOR('',#6544,1.);
#6544 = DIRECTION('',(1.,0.));
#6545 = ( GEOMETRIC_REPRESENTATION_CONTEXT(2) 
PARAMETRIC_REPRESENTATION_CONTEXT() REPRESENTATION_CONTEXT('2D SPACE',''
  ) );
#6546 = PCURVE('',#4129,#6547);
#6547 = DEFINITIONAL_REPRESENTATION('',(#6548),#6552);
#6548 = LINE('',#6549,#6550);
#6549 = CARTESIAN_POINT('',(-0.437796355678,-1.813689657675));
#6550 = VECTOR('',#6551,1.);
#6551 = DIRECTION('',(1.,0.));
#6552 = ( GEOMETRIC_REPRESENTATION_CONTEXT(2) 
PARAMETRIC_REPRESENTATION_CONTEXT() REPRESENTATION_CONTEXT('2D SPACE',''
  ) );
#6553 = ORIENTED_EDGE('',*,*,#6554,.F.);
#6554 = EDGE_CURVE('',#1871,#6532,#6555,.T.);
#6555 = SURFACE_CURVE('',#6556,(#6560,#6566),.PCURVE_S1.);
#6556 = LINE('',#6557,#6558);
#6557 = CARTESIAN_POINT('',(47.2,-9.3,7.7));
#6558 = VECTOR('',#6559,1.);
#6559 = DIRECTION('',(-1.,0.,0.));
#6560 = PCURVE('',#1914,#6561);
#6561 = DEFINITIONAL_REPRESENTATION('',(#6562),#6565);
#6562 = B_SPLINE_CURVE_WITH_KNOTS('',1,(#6563,#6564),.UNSPECIFIED.,.F.,
  .F.,(2,2),(-2.,0.),.PIECEWISE_BEZIER_KNOTS.);
#6563 = CARTESIAN_POINT('',(0.575,-2.));
#6564 = CARTESIAN_POINT('',(0.575,0.));
#6565 = ( GEOMETRIC_REPRESENTATION_CONTEXT(2) 
PARAMETRIC_REPRESENTATION_CONTEXT() REPRESENTATION_CONTEXT('2D SPACE',''
  ) );
#6566 = PCURVE('',#1886,#6567);
#6567 = DEFINITIONAL_REPRESENTATION('',(#6568),#6571);
#6568 = B_SPLINE_CURVE_WITH_KNOTS('',1,(#6569,#6570),.UNSPECIFIED.,.F.,
  .F.,(2,2),(-2.,0.),.PIECEWISE_BEZIER_KNOTS.);
#6569 = CARTESIAN_POINT('',(2.61629509039,-2.));
#6570 = CARTESIAN_POINT('',(2.61629509039,0.));
#6571 = ( GEOMETRIC_REPRESENTATION_CONTEXT(2) 
PARAMETRIC_REPRESENTATION_CONTEXT() REPRESENTATION_CONTEXT('2D SPACE',''
  ) );
#6572 = ORIENTED_EDGE('',*,*,#1898,.T.);
#6573 = ORIENTED_EDGE('',*,*,#6505,.F.);
#6574 = ADVANCED_FACE('',(#6575),#1886,.F.);
#6575 = FACE_BOUND('',#6576,.F.);
#6576 = EDGE_LOOP('',(#6577,#6598,#6599,#6626,#6627));
#6577 = ORIENTED_EDGE('',*,*,#6578,.F.);
#6578 = EDGE_CURVE('',#4115,#6532,#6579,.T.);
#6579 = SURFACE_CURVE('',#6580,(#6584,#6591),.PCURVE_S1.);
#6580 = LINE('',#6581,#6582);
#6581 = CARTESIAN_POINT('',(47.2,-11.15,5.85));
#6582 = VECTOR('',#6583,1.);
#6583 = DIRECTION('',(0.,0.707106781187,0.707106781187));
#6584 = PCURVE('',#1886,#6585);
#6585 = DEFINITIONAL_REPRESENTATION('',(#6586),#6590);
#6586 = LINE('',#6587,#6588);
#6587 = CARTESIAN_POINT('',(0.,0.));
#6588 = VECTOR('',#6589,1.);
#6589 = DIRECTION('',(1.,0.));
#6590 = ( GEOMETRIC_REPRESENTATION_CONTEXT(2) 
PARAMETRIC_REPRESENTATION_CONTEXT() REPRESENTATION_CONTEXT('2D SPACE',''
  ) );
#6591 = PCURVE('',#4129,#6592);
#6592 = DEFINITIONAL_REPRESENTATION('',(#6593),#6597);
#6593 = LINE('',#6594,#6595);
#6594 = CARTESIAN_POINT('',(-1.712796355678,-3.663689657675));
#6595 = VECTOR('',#6596,1.);
#6596 = DIRECTION('',(0.707106781187,0.707106781187));
#6597 = ( GEOMETRIC_REPRESENTATION_CONTEXT(2) 
PARAMETRIC_REPRESENTATION_CONTEXT() REPRESENTATION_CONTEXT('2D SPACE',''
  ) );
#6598 = ORIENTED_EDGE('',*,*,#4140,.T.);
#6599 = ORIENTED_EDGE('',*,*,#6600,.T.);
#6600 = EDGE_CURVE('',#4141,#1843,#6601,.T.);
#6601 = SURFACE_CURVE('',#6602,(#6607,#6614),.PCURVE_S1.);
#6602 = ELLIPSE('',#6603,1.414213562373,1.);
#6603 = AXIS2_PLACEMENT_3D('',#6604,#6605,#6606);
#6604 = CARTESIAN_POINT('',(48.2,-9.65,7.35));
#6605 = DIRECTION('',(0.,-0.707106781187,0.707106781187));
#6606 = DIRECTION('',(0.,-0.707106781187,-0.707106781187));
#6607 = PCURVE('',#1886,#6608);
#6608 = DEFINITIONAL_REPRESENTATION('',(#6609),#6613);
#6609 = ELLIPSE('',#6610,1.414213562373,1.);
#6610 = AXIS2_PLACEMENT_2D('',#6611,#6612);
#6611 = CARTESIAN_POINT('',(2.12132034356,-1.));
#6612 = DIRECTION('',(-1.,-0.));
#6613 = ( GEOMETRIC_REPRESENTATION_CONTEXT(2) 
PARAMETRIC_REPRESENTATION_CONTEXT() REPRESENTATION_CONTEXT('2D SPACE',''
  ) );
#6614 = PCURVE('',#1858,#6615);
#6615 = DEFINITIONAL_REPRESENTATION('',(#6616),#6625);
#6616 = B_SPLINE_CURVE_WITH_KNOTS('',7,(#6617,#6618,#6619,#6620,#6621,
    #6622,#6623,#6624),.UNSPECIFIED.,.F.,.F.,(8,8),(4.26642158859E-17,
    1.570796326795),.PIECEWISE_BEZIER_KNOTS.);
#6617 = CARTESIAN_POINT('',(-4.712388980385,-6.35));
#6618 = CARTESIAN_POINT('',(-4.936788455641,-6.35));
#6619 = CARTESIAN_POINT('',(-5.161187930898,-6.408748672609));
#6620 = CARTESIAN_POINT('',(-5.385587406154,-6.526237495377));
#6621 = CARTESIAN_POINT('',(-5.60998688141,-6.695253174225));
#6622 = CARTESIAN_POINT('',(-5.834386356667,-6.901201960682));
#6623 = CARTESIAN_POINT('',(-6.058785831923,-7.125600524744));
#6624 = CARTESIAN_POINT('',(-6.28318530718,-7.35));
#6625 = ( GEOMETRIC_REPRESENTATION_CONTEXT(2) 
PARAMETRIC_REPRESENTATION_CONTEXT() REPRESENTATION_CONTEXT('2D SPACE',''
  ) );
#6626 = ORIENTED_EDGE('',*,*,#1870,.T.);
#6627 = ORIENTED_EDGE('',*,*,#6554,.T.);
#6628 = ADVANCED_FACE('',(#6629),#1858,.F.);
#6629 = FACE_BOUND('',#6630,.T.);
#6630 = EDGE_LOOP('',(#6631,#6632,#6633,#6634));
#6631 = ORIENTED_EDGE('',*,*,#5576,.F.);
#6632 = ORIENTED_EDGE('',*,*,#4161,.T.);
#6633 = ORIENTED_EDGE('',*,*,#6600,.T.);
#6634 = ORIENTED_EDGE('',*,*,#1842,.F.);
#6635 = ADVANCED_FACE('',(#6636),#2648,.T.);
#6636 = FACE_BOUND('',#6637,.T.);
#6637 = EDGE_LOOP('',(#6638,#6661,#6682,#6683));
#6638 = ORIENTED_EDGE('',*,*,#6639,.F.);
#6639 = EDGE_CURVE('',#6640,#2603,#6642,.T.);
#6640 = VERTEX_POINT('',#6641);
#6641 = CARTESIAN_POINT('',(47.2,9.875,7.7));
#6642 = SURFACE_CURVE('',#6643,(#6647,#6654),.PCURVE_S1.);
#6643 = LINE('',#6644,#6645);
#6644 = CARTESIAN_POINT('',(46.7,9.875,7.7));
#6645 = VECTOR('',#6646,1.);
#6646 = DIRECTION('',(1.,0.,0.));
#6647 = PCURVE('',#2648,#6648);
#6648 = DEFINITIONAL_REPRESENTATION('',(#6649),#6653);
#6649 = LINE('',#6650,#6651);
#6650 = CARTESIAN_POINT('',(0.,0.));
#6651 = VECTOR('',#6652,1.);
#6652 = DIRECTION('',(0.,1.));
#6653 = ( GEOMETRIC_REPRESENTATION_CONTEXT(2) 
PARAMETRIC_REPRESENTATION_CONTEXT() REPRESENTATION_CONTEXT('2D SPACE',''
  ) );
#6654 = PCURVE('',#2619,#6655);
#6655 = DEFINITIONAL_REPRESENTATION('',(#6656),#6660);
#6656 = LINE('',#6657,#6658);
#6657 = CARTESIAN_POINT('',(0.,0.));
#6658 = VECTOR('',#6659,1.);
#6659 = DIRECTION('',(1.,0.));
#6660 = ( GEOMETRIC_REPRESENTATION_CONTEXT(2) 
PARAMETRIC_REPRESENTATION_CONTEXT() REPRESENTATION_CONTEXT('2D SPACE',''
  ) );
#6661 = ORIENTED_EDGE('',*,*,#6662,.F.);
#6662 = EDGE_CURVE('',#6120,#6640,#6663,.T.);
#6663 = SURFACE_CURVE('',#6664,(#6668,#6675),.PCURVE_S1.);
#6664 = LINE('',#6665,#6666);
#6665 = CARTESIAN_POINT('',(47.2,9.875,11.25));
#6666 = VECTOR('',#6667,1.);
#6667 = DIRECTION('',(0.,0.,-1.));
#6668 = PCURVE('',#2648,#6669);
#6669 = DEFINITIONAL_REPRESENTATION('',(#6670),#6674);
#6670 = LINE('',#6671,#6672);
#6671 = CARTESIAN_POINT('',(3.55,0.5));
#6672 = VECTOR('',#6673,1.);
#6673 = DIRECTION('',(-1.,0.));
#6674 = ( GEOMETRIC_REPRESENTATION_CONTEXT(2) 
PARAMETRIC_REPRESENTATION_CONTEXT() REPRESENTATION_CONTEXT('2D SPACE',''
  ) );
#6675 = PCURVE('',#3044,#6676);
#6676 = DEFINITIONAL_REPRESENTATION('',(#6677),#6681);
#6677 = LINE('',#6678,#6679);
#6678 = CARTESIAN_POINT('',(-0.437796355678,1.736310342325));
#6679 = VECTOR('',#6680,1.);
#6680 = DIRECTION('',(0.,-1.));
#6681 = ( GEOMETRIC_REPRESENTATION_CONTEXT(2) 
PARAMETRIC_REPRESENTATION_CONTEXT() REPRESENTATION_CONTEXT('2D SPACE',''
  ) );
#6682 = ORIENTED_EDGE('',*,*,#6145,.T.);
#6683 = ORIENTED_EDGE('',*,*,#2635,.T.);
#6684 = ADVANCED_FACE('',(#6685),#2619,.T.);
#6685 = FACE_BOUND('',#6686,.T.);
#6686 = EDGE_LOOP('',(#6687,#6710,#6730,#6731));
#6687 = ORIENTED_EDGE('',*,*,#6688,.F.);
#6688 = EDGE_CURVE('',#6689,#2577,#6691,.T.);
#6689 = VERTEX_POINT('',#6690);
#6690 = CARTESIAN_POINT('',(47.2,10.475,7.7));
#6691 = SURFACE_CURVE('',#6692,(#6696,#6703),.PCURVE_S1.);
#6692 = LINE('',#6693,#6694);
#6693 = CARTESIAN_POINT('',(46.7,10.475,7.7));
#6694 = VECTOR('',#6695,1.);
#6695 = DIRECTION('',(1.,0.,0.));
#6696 = PCURVE('',#2619,#6697);
#6697 = DEFINITIONAL_REPRESENTATION('',(#6698),#6702);
#6698 = LINE('',#6699,#6700);
#6699 = CARTESIAN_POINT('',(0.,0.6));
#6700 = VECTOR('',#6701,1.);
#6701 = DIRECTION('',(1.,0.));
#6702 = ( GEOMETRIC_REPRESENTATION_CONTEXT(2) 
PARAMETRIC_REPRESENTATION_CONTEXT() REPRESENTATION_CONTEXT('2D SPACE',''
  ) );
#6703 = PCURVE('',#2591,#6704);
#6704 = DEFINITIONAL_REPRESENTATION('',(#6705),#6709);
#6705 = LINE('',#6706,#6707);
#6706 = CARTESIAN_POINT('',(0.,0.));
#6707 = VECTOR('',#6708,1.);
#6708 = DIRECTION('',(0.,1.));
#6709 = ( GEOMETRIC_REPRESENTATION_CONTEXT(2) 
PARAMETRIC_REPRESENTATION_CONTEXT() REPRESENTATION_CONTEXT('2D SPACE',''
  ) );
#6710 = ORIENTED_EDGE('',*,*,#6711,.F.);
#6711 = EDGE_CURVE('',#6640,#6689,#6712,.T.);
#6712 = SURFACE_CURVE('',#6713,(#6717,#6723),.PCURVE_S1.);
#6713 = LINE('',#6714,#6715);
#6714 = CARTESIAN_POINT('',(47.2,9.902620401227,7.7));
#6715 = VECTOR('',#6716,1.);
#6716 = DIRECTION('',(0.,1.,0.));
#6717 = PCURVE('',#2619,#6718);
#6718 = DEFINITIONAL_REPRESENTATION('',(#6719),#6722);
#6719 = B_SPLINE_CURVE_WITH_KNOTS('',1,(#6720,#6721),.UNSPECIFIED.,.F.,
  .F.,(2,2),(-2.76204012266E-02,0.572379598773),
  .PIECEWISE_BEZIER_KNOTS.);
#6720 = CARTESIAN_POINT('',(0.5,0.));
#6721 = CARTESIAN_POINT('',(0.5,0.6));
#6722 = ( GEOMETRIC_REPRESENTATION_CONTEXT(2) 
PARAMETRIC_REPRESENTATION_CONTEXT() REPRESENTATION_CONTEXT('2D SPACE',''
  ) );
#6723 = PCURVE('',#3044,#6724);
#6724 = DEFINITIONAL_REPRESENTATION('',(#6725),#6729);
#6725 = LINE('',#6726,#6727);
#6726 = CARTESIAN_POINT('',(-0.465416756904,-1.813689657675));
#6727 = VECTOR('',#6728,1.);
#6728 = DIRECTION('',(-1.,0.));
#6729 = ( GEOMETRIC_REPRESENTATION_CONTEXT(2) 
PARAMETRIC_REPRESENTATION_CONTEXT() REPRESENTATION_CONTEXT('2D SPACE',''
  ) );
#6730 = ORIENTED_EDGE('',*,*,#6639,.T.);
#6731 = ORIENTED_EDGE('',*,*,#2602,.F.);
#6732 = ADVANCED_FACE('',(#6733),#2591,.F.);
#6733 = FACE_BOUND('',#6734,.F.);
#6734 = EDGE_LOOP('',(#6735,#6736,#6758,#6777));
#6735 = ORIENTED_EDGE('',*,*,#6688,.F.);
#6736 = ORIENTED_EDGE('',*,*,#6737,.F.);
#6737 = EDGE_CURVE('',#6738,#6689,#6740,.T.);
#6738 = VERTEX_POINT('',#6739);
#6739 = CARTESIAN_POINT('',(47.2,10.475,9.3));
#6740 = SURFACE_CURVE('',#6741,(#6745,#6751),.PCURVE_S1.);
#6741 = LINE('',#6742,#6743);
#6742 = CARTESIAN_POINT('',(47.2,10.475,7.890120401227));
#6743 = VECTOR('',#6744,1.);
#6744 = DIRECTION('',(0.,0.,-1.));
#6745 = PCURVE('',#2591,#6746);
#6746 = DEFINITIONAL_REPRESENTATION('',(#6747),#6750);
#6747 = B_SPLINE_CURVE_WITH_KNOTS('',1,(#6748,#6749),.UNSPECIFIED.,.F.,
  .F.,(2,2),(-1.409879598773,0.190120401227),.PIECEWISE_BEZIER_KNOTS.);
#6748 = CARTESIAN_POINT('',(1.6,0.5));
#6749 = CARTESIAN_POINT('',(0.,0.5));
#6750 = ( GEOMETRIC_REPRESENTATION_CONTEXT(2) 
PARAMETRIC_REPRESENTATION_CONTEXT() REPRESENTATION_CONTEXT('2D SPACE',''
  ) );
#6751 = PCURVE('',#3044,#6752);
#6752 = DEFINITIONAL_REPRESENTATION('',(#6753),#6757);
#6753 = LINE('',#6754,#6755);
#6754 = CARTESIAN_POINT('',(-1.037796355678,-1.623569256448));
#6755 = VECTOR('',#6756,1.);
#6756 = DIRECTION('',(0.,-1.));
#6757 = ( GEOMETRIC_REPRESENTATION_CONTEXT(2) 
PARAMETRIC_REPRESENTATION_CONTEXT() REPRESENTATION_CONTEXT('2D SPACE',''
  ) );
#6758 = ORIENTED_EDGE('',*,*,#6759,.F.);
#6759 = EDGE_CURVE('',#2544,#6738,#6760,.T.);
#6760 = SURFACE_CURVE('',#6761,(#6765,#6771),.PCURVE_S1.);
#6761 = LINE('',#6762,#6763);
#6762 = CARTESIAN_POINT('',(46.95,10.475,9.3));
#6763 = VECTOR('',#6764,1.);
#6764 = DIRECTION('',(-1.,-0.,0.));
#6765 = PCURVE('',#2591,#6766);
#6766 = DEFINITIONAL_REPRESENTATION('',(#6767),#6770);
#6767 = B_SPLINE_CURVE_WITH_KNOTS('',1,(#6768,#6769),.UNSPECIFIED.,.F.,
  .F.,(2,2),(-2.25,-0.25),.PIECEWISE_BEZIER_KNOTS.);
#6768 = CARTESIAN_POINT('',(1.6,2.5));
#6769 = CARTESIAN_POINT('',(1.6,0.5));
#6770 = ( GEOMETRIC_REPRESENTATION_CONTEXT(2) 
PARAMETRIC_REPRESENTATION_CONTEXT() REPRESENTATION_CONTEXT('2D SPACE',''
  ) );
#6771 = PCURVE('',#2560,#6772);
#6772 = DEFINITIONAL_REPRESENTATION('',(#6773),#6776);
#6773 = B_SPLINE_CURVE_WITH_KNOTS('',1,(#6774,#6775),.UNSPECIFIED.,.F.,
  .F.,(2,2),(-2.25,-0.25),.PIECEWISE_BEZIER_KNOTS.);
#6774 = CARTESIAN_POINT('',(2.775,-2.));
#6775 = CARTESIAN_POINT('',(2.775,0.));
#6776 = ( GEOMETRIC_REPRESENTATION_CONTEXT(2) 
PARAMETRIC_REPRESENTATION_CONTEXT() REPRESENTATION_CONTEXT('2D SPACE',''
  ) );
#6777 = ORIENTED_EDGE('',*,*,#2576,.T.);
#6778 = ADVANCED_FACE('',(#6779),#2560,.T.);
#6779 = FACE_BOUND('',#6780,.T.);
#6780 = EDGE_LOOP('',(#6781,#6802,#6803,#6804));
#6781 = ORIENTED_EDGE('',*,*,#6782,.F.);
#6782 = EDGE_CURVE('',#6738,#3009,#6783,.T.);
#6783 = SURFACE_CURVE('',#6784,(#6788,#6795),.PCURVE_S1.);
#6784 = LINE('',#6785,#6786);
#6785 = CARTESIAN_POINT('',(47.2,7.7,9.3));
#6786 = VECTOR('',#6787,1.);
#6787 = DIRECTION('',(0.,1.,0.));
#6788 = PCURVE('',#2560,#6789);
#6789 = DEFINITIONAL_REPRESENTATION('',(#6790),#6794);
#6790 = LINE('',#6791,#6792);
#6791 = CARTESIAN_POINT('',(0.,0.));
#6792 = VECTOR('',#6793,1.);
#6793 = DIRECTION('',(1.,0.));
#6794 = ( GEOMETRIC_REPRESENTATION_CONTEXT(2) 
PARAMETRIC_REPRESENTATION_CONTEXT() REPRESENTATION_CONTEXT('2D SPACE',''
  ) );
#6795 = PCURVE('',#3044,#6796);
#6796 = DEFINITIONAL_REPRESENTATION('',(#6797),#6801);
#6797 = LINE('',#6798,#6799);
#6798 = CARTESIAN_POINT('',(1.737203644322,-0.213689657675));
#6799 = VECTOR('',#6800,1.);
#6800 = DIRECTION('',(-1.,0.));
#6801 = ( GEOMETRIC_REPRESENTATION_CONTEXT(2) 
PARAMETRIC_REPRESENTATION_CONTEXT() REPRESENTATION_CONTEXT('2D SPACE',''
  ) );
#6802 = ORIENTED_EDGE('',*,*,#6759,.F.);
#6803 = ORIENTED_EDGE('',*,*,#2543,.F.);
#6804 = ORIENTED_EDGE('',*,*,#3008,.F.);
#6805 = ADVANCED_FACE('',(#6806),#3192,.F.);
#6806 = FACE_BOUND('',#6807,.F.);
#6807 = EDGE_LOOP('',(#6808,#6831,#6832,#6833));
#6808 = ORIENTED_EDGE('',*,*,#6809,.F.);
#6809 = EDGE_CURVE('',#5646,#6810,#6812,.T.);
#6810 = VERTEX_POINT('',#6811);
#6811 = CARTESIAN_POINT('',(10.,4.,1.5));
#6812 = SURFACE_CURVE('',#6813,(#6817,#6824),.PCURVE_S1.);
#6813 = LINE('',#6814,#6815);
#6814 = CARTESIAN_POINT('',(10.,4.,0.));
#6815 = VECTOR('',#6816,1.);
#6816 = DIRECTION('',(0.,0.,1.));
#6817 = PCURVE('',#3192,#6818);
#6818 = DEFINITIONAL_REPRESENTATION('',(#6819),#6823);
#6819 = LINE('',#6820,#6821);
#6820 = CARTESIAN_POINT('',(0.,0.));
#6821 = VECTOR('',#6822,1.);
#6822 = DIRECTION('',(1.,0.));
#6823 = ( GEOMETRIC_REPRESENTATION_CONTEXT(2) 
PARAMETRIC_REPRESENTATION_CONTEXT() REPRESENTATION_CONTEXT('2D SPACE',''
  ) );
#6824 = PCURVE('',#5661,#6825);
#6825 = DEFINITIONAL_REPRESENTATION('',(#6826),#6830);
#6826 = LINE('',#6827,#6828);
#6827 = CARTESIAN_POINT('',(0.,0.));
#6828 = VECTOR('',#6829,1.);
#6829 = DIRECTION('',(1.,0.));
#6830 = ( GEOMETRIC_REPRESENTATION_CONTEXT(2) 
PARAMETRIC_REPRESENTATION_CONTEXT() REPRESENTATION_CONTEXT('2D SPACE',''
  ) );
#6831 = ORIENTED_EDGE('',*,*,#5673,.T.);
#6832 = ORIENTED_EDGE('',*,*,#3178,.T.);
#6833 = ORIENTED_EDGE('',*,*,#6834,.F.);
#6834 = EDGE_CURVE('',#6810,#3151,#6835,.T.);
#6835 = SURFACE_CURVE('',#6836,(#6840,#6847),.PCURVE_S1.);
#6836 = LINE('',#6837,#6838);
#6837 = CARTESIAN_POINT('',(10.,4.,1.5));
#6838 = VECTOR('',#6839,1.);
#6839 = DIRECTION('',(-0.,1.,0.));
#6840 = PCURVE('',#3192,#6841);
#6841 = DEFINITIONAL_REPRESENTATION('',(#6842),#6846);
#6842 = LINE('',#6843,#6844);
#6843 = CARTESIAN_POINT('',(1.5,0.));
#6844 = VECTOR('',#6845,1.);
#6845 = DIRECTION('',(0.,-1.));
#6846 = ( GEOMETRIC_REPRESENTATION_CONTEXT(2) 
PARAMETRIC_REPRESENTATION_CONTEXT() REPRESENTATION_CONTEXT('2D SPACE',''
  ) );
#6847 = PCURVE('',#3166,#6848);
#6848 = DEFINITIONAL_REPRESENTATION('',(#6849),#6853);
#6849 = LINE('',#6850,#6851);
#6850 = CARTESIAN_POINT('',(0.,0.));
#6851 = VECTOR('',#6852,1.);
#6852 = DIRECTION('',(0.,1.));
#6853 = ( GEOMETRIC_REPRESENTATION_CONTEXT(2) 
PARAMETRIC_REPRESENTATION_CONTEXT() REPRESENTATION_CONTEXT('2D SPACE',''
  ) );
#6854 = ADVANCED_FACE('',(#6855),#3166,.T.);
#6855 = FACE_BOUND('',#6856,.T.);
#6856 = EDGE_LOOP('',(#6857,#6858,#6881,#6902));
#6857 = ORIENTED_EDGE('',*,*,#6834,.F.);
#6858 = ORIENTED_EDGE('',*,*,#6859,.T.);
#6859 = EDGE_CURVE('',#6810,#6860,#6862,.T.);
#6860 = VERTEX_POINT('',#6861);
#6861 = CARTESIAN_POINT('',(11.2,4.,1.5));
#6862 = SURFACE_CURVE('',#6863,(#6867,#6874),.PCURVE_S1.);
#6863 = LINE('',#6864,#6865);
#6864 = CARTESIAN_POINT('',(10.,4.,1.5));
#6865 = VECTOR('',#6866,1.);
#6866 = DIRECTION('',(1.,0.,-0.));
#6867 = PCURVE('',#3166,#6868);
#6868 = DEFINITIONAL_REPRESENTATION('',(#6869),#6873);
#6869 = LINE('',#6870,#6871);
#6870 = CARTESIAN_POINT('',(0.,0.));
#6871 = VECTOR('',#6872,1.);
#6872 = DIRECTION('',(1.,0.));
#6873 = ( GEOMETRIC_REPRESENTATION_CONTEXT(2) 
PARAMETRIC_REPRESENTATION_CONTEXT() REPRESENTATION_CONTEXT('2D SPACE',''
  ) );
#6874 = PCURVE('',#5661,#6875);
#6875 = DEFINITIONAL_REPRESENTATION('',(#6876),#6880);
#6876 = LINE('',#6877,#6878);
#6877 = CARTESIAN_POINT('',(1.5,0.));
#6878 = VECTOR('',#6879,1.);
#6879 = DIRECTION('',(0.,1.));
#6880 = ( GEOMETRIC_REPRESENTATION_CONTEXT(2) 
PARAMETRIC_REPRESENTATION_CONTEXT() REPRESENTATION_CONTEXT('2D SPACE',''
  ) );
#6881 = ORIENTED_EDGE('',*,*,#6882,.T.);
#6882 = EDGE_CURVE('',#6860,#3123,#6883,.T.);
#6883 = SURFACE_CURVE('',#6884,(#6888,#6895),.PCURVE_S1.);
#6884 = LINE('',#6885,#6886);
#6885 = CARTESIAN_POINT('',(11.2,4.,1.5));
#6886 = VECTOR('',#6887,1.);
#6887 = DIRECTION('',(-0.,1.,0.));
#6888 = PCURVE('',#3166,#6889);
#6889 = DEFINITIONAL_REPRESENTATION('',(#6890),#6894);
#6890 = LINE('',#6891,#6892);
#6891 = CARTESIAN_POINT('',(1.2,0.));
#6892 = VECTOR('',#6893,1.);
#6893 = DIRECTION('',(0.,1.));
#6894 = ( GEOMETRIC_REPRESENTATION_CONTEXT(2) 
PARAMETRIC_REPRESENTATION_CONTEXT() REPRESENTATION_CONTEXT('2D SPACE',''
  ) );
#6895 = PCURVE('',#3138,#6896);
#6896 = DEFINITIONAL_REPRESENTATION('',(#6897),#6901);
#6897 = LINE('',#6898,#6899);
#6898 = CARTESIAN_POINT('',(1.5,0.));
#6899 = VECTOR('',#6900,1.);
#6900 = DIRECTION('',(0.,-1.));
#6901 = ( GEOMETRIC_REPRESENTATION_CONTEXT(2) 
PARAMETRIC_REPRESENTATION_CONTEXT() REPRESENTATION_CONTEXT('2D SPACE',''
  ) );
#6902 = ORIENTED_EDGE('',*,*,#3150,.F.);
#6903 = ADVANCED_FACE('',(#6904),#3138,.T.);
#6904 = FACE_BOUND('',#6905,.T.);
#6905 = EDGE_LOOP('',(#6906,#6927,#6928,#6929));
#6906 = ORIENTED_EDGE('',*,*,#6907,.F.);
#6907 = EDGE_CURVE('',#5623,#6860,#6908,.T.);
#6908 = SURFACE_CURVE('',#6909,(#6913,#6920),.PCURVE_S1.);
#6909 = LINE('',#6910,#6911);
#6910 = CARTESIAN_POINT('',(11.2,4.,0.));
#6911 = VECTOR('',#6912,1.);
#6912 = DIRECTION('',(0.,0.,1.));
#6913 = PCURVE('',#3138,#6914);
#6914 = DEFINITIONAL_REPRESENTATION('',(#6915),#6919);
#6915 = LINE('',#6916,#6917);
#6916 = CARTESIAN_POINT('',(0.,0.));
#6917 = VECTOR('',#6918,1.);
#6918 = DIRECTION('',(1.,0.));
#6919 = ( GEOMETRIC_REPRESENTATION_CONTEXT(2) 
PARAMETRIC_REPRESENTATION_CONTEXT() REPRESENTATION_CONTEXT('2D SPACE',''
  ) );
#6920 = PCURVE('',#5661,#6921);
#6921 = DEFINITIONAL_REPRESENTATION('',(#6922),#6926);
#6922 = LINE('',#6923,#6924);
#6923 = CARTESIAN_POINT('',(0.,1.2));
#6924 = VECTOR('',#6925,1.);
#6925 = DIRECTION('',(1.,0.));
#6926 = ( GEOMETRIC_REPRESENTATION_CONTEXT(2) 
PARAMETRIC_REPRESENTATION_CONTEXT() REPRESENTATION_CONTEXT('2D SPACE',''
  ) );
#6927 = ORIENTED_EDGE('',*,*,#5622,.T.);
#6928 = ORIENTED_EDGE('',*,*,#3122,.T.);
#6929 = ORIENTED_EDGE('',*,*,#6882,.F.);
#6930 = ADVANCED_FACE('',(#6931),#3044,.T.);
#6931 = FACE_BOUND('',#6932,.T.);
#6932 = EDGE_LOOP('',(#6933,#6934,#6935,#6936,#6937,#6938,#6939,#6940,
    #6941,#6942,#6943,#6944,#6945,#6946));
#6933 = ORIENTED_EDGE('',*,*,#5732,.T.);
#6934 = ORIENTED_EDGE('',*,*,#5780,.T.);
#6935 = ORIENTED_EDGE('',*,*,#5829,.T.);
#6936 = ORIENTED_EDGE('',*,*,#5876,.T.);
#6937 = ORIENTED_EDGE('',*,*,#5925,.T.);
#6938 = ORIENTED_EDGE('',*,*,#5972,.T.);
#6939 = ORIENTED_EDGE('',*,*,#6046,.T.);
#6940 = ORIENTED_EDGE('',*,*,#6095,.T.);
#6941 = ORIENTED_EDGE('',*,*,#6119,.T.);
#6942 = ORIENTED_EDGE('',*,*,#6662,.T.);
#6943 = ORIENTED_EDGE('',*,*,#6711,.T.);
#6944 = ORIENTED_EDGE('',*,*,#6737,.F.);
#6945 = ORIENTED_EDGE('',*,*,#6782,.T.);
#6946 = ORIENTED_EDGE('',*,*,#3029,.F.);
#6947 = ADVANCED_FACE('',(#6948),#2976,.F.);
#6948 = FACE_BOUND('',#6949,.F.);
#6949 = EDGE_LOOP('',(#6950,#6951,#6973));
#6950 = ORIENTED_EDGE('',*,*,#2961,.F.);
#6951 = ORIENTED_EDGE('',*,*,#6952,.F.);
#6952 = EDGE_CURVE('',#3314,#2906,#6953,.T.);
#6953 = SURFACE_CURVE('',#6954,(#6959,#6966),.PCURVE_S1.);
#6954 = CIRCLE('',#6955,2.6);
#6955 = AXIS2_PLACEMENT_3D('',#6956,#6957,#6958);
#6956 = CARTESIAN_POINT('',(22.85,10.05,8.9));
#6957 = DIRECTION('',(0.,0.,1.));
#6958 = DIRECTION('',(1.,0.,0.));
#6959 = PCURVE('',#2976,#6960);
#6960 = DEFINITIONAL_REPRESENTATION('',(#6961),#6965);
#6961 = CIRCLE('',#6962,2.6);
#6962 = AXIS2_PLACEMENT_2D('',#6963,#6964);
#6963 = CARTESIAN_POINT('',(0.,0.));
#6964 = DIRECTION('',(1.,0.));
#6965 = ( GEOMETRIC_REPRESENTATION_CONTEXT(2) 
PARAMETRIC_REPRESENTATION_CONTEXT() REPRESENTATION_CONTEXT('2D SPACE',''
  ) );
#6966 = PCURVE('',#2922,#6967);
#6967 = DEFINITIONAL_REPRESENTATION('',(#6968),#6972);
#6968 = LINE('',#6969,#6970);
#6969 = CARTESIAN_POINT('',(0.,2.6));
#6970 = VECTOR('',#6971,1.);
#6971 = DIRECTION('',(1.,0.));
#6972 = ( GEOMETRIC_REPRESENTATION_CONTEXT(2) 
PARAMETRIC_REPRESENTATION_CONTEXT() REPRESENTATION_CONTEXT('2D SPACE',''
  ) );
#6973 = ORIENTED_EDGE('',*,*,#3336,.T.);
#6974 = ADVANCED_FACE('',(#6975),#2922,.T.);
#6975 = FACE_BOUND('',#6976,.T.);
#6976 = EDGE_LOOP('',(#6977,#7000,#7001,#7023,#7024,#7025));
#6977 = ORIENTED_EDGE('',*,*,#6978,.T.);
#6978 = EDGE_CURVE('',#6979,#3314,#6981,.T.);
#6979 = VERTEX_POINT('',#6980);
#6980 = CARTESIAN_POINT('',(22.85,10.05,6.3));
#6981 = SEAM_CURVE('',#6982,(#6986,#6993),.PCURVE_S1.);
#6982 = LINE('',#6983,#6984);
#6983 = CARTESIAN_POINT('',(22.85,10.05,6.3));
#6984 = VECTOR('',#6985,1.);
#6985 = DIRECTION('',(0.707106781187,-1.731912112471E-16,0.707106781187)
  );
#6986 = PCURVE('',#2922,#6987);
#6987 = DEFINITIONAL_REPRESENTATION('',(#6988),#6992);
#6988 = LINE('',#6989,#6990);
#6989 = CARTESIAN_POINT('',(0.,-0.));
#6990 = VECTOR('',#6991,1.);
#6991 = DIRECTION('',(0.,1.));
#6992 = ( GEOMETRIC_REPRESENTATION_CONTEXT(2) 
PARAMETRIC_REPRESENTATION_CONTEXT() REPRESENTATION_CONTEXT('2D SPACE',''
  ) );
#6993 = PCURVE('',#2922,#6994);
#6994 = DEFINITIONAL_REPRESENTATION('',(#6995),#6999);
#6995 = LINE('',#6996,#6997);
#6996 = CARTESIAN_POINT('',(6.28318530718,-0.));
#6997 = VECTOR('',#6998,1.);
#6998 = DIRECTION('',(0.,1.));
#6999 = ( GEOMETRIC_REPRESENTATION_CONTEXT(2) 
PARAMETRIC_REPRESENTATION_CONTEXT() REPRESENTATION_CONTEXT('2D SPACE',''
  ) );
#7000 = ORIENTED_EDGE('',*,*,#3386,.F.);
#7001 = ORIENTED_EDGE('',*,*,#7002,.F.);
#7002 = EDGE_CURVE('',#2880,#3364,#7003,.T.);
#7003 = SURFACE_CURVE('',#7004,(#7009,#7016),.PCURVE_S1.);
#7004 = CIRCLE('',#7005,2.6);
#7005 = AXIS2_PLACEMENT_3D('',#7006,#7007,#7008);
#7006 = CARTESIAN_POINT('',(22.85,10.05,8.9));
#7007 = DIRECTION('',(0.,0.,1.));
#7008 = DIRECTION('',(1.,0.,0.));
#7009 = PCURVE('',#2922,#7010);
#7010 = DEFINITIONAL_REPRESENTATION('',(#7011),#7015);
#7011 = LINE('',#7012,#7013);
#7012 = CARTESIAN_POINT('',(0.,2.6));
#7013 = VECTOR('',#7014,1.);
#7014 = DIRECTION('',(1.,0.));
#7015 = ( GEOMETRIC_REPRESENTATION_CONTEXT(2) 
PARAMETRIC_REPRESENTATION_CONTEXT() REPRESENTATION_CONTEXT('2D SPACE',''
  ) );
#7016 = PCURVE('',#2894,#7017);
#7017 = DEFINITIONAL_REPRESENTATION('',(#7018),#7022);
#7018 = CIRCLE('',#7019,2.6);
#7019 = AXIS2_PLACEMENT_2D('',#7020,#7021);
#7020 = CARTESIAN_POINT('',(0.,0.));
#7021 = DIRECTION('',(1.,0.));
#7022 = ( GEOMETRIC_REPRESENTATION_CONTEXT(2) 
PARAMETRIC_REPRESENTATION_CONTEXT() REPRESENTATION_CONTEXT('2D SPACE',''
  ) );
#7023 = ORIENTED_EDGE('',*,*,#2905,.T.);
#7024 = ORIENTED_EDGE('',*,*,#6952,.F.);
#7025 = ORIENTED_EDGE('',*,*,#6978,.F.);
#7026 = ADVANCED_FACE('',(#7027),#2894,.F.);
#7027 = FACE_BOUND('',#7028,.F.);
#7028 = EDGE_LOOP('',(#7029,#7030,#7031));
#7029 = ORIENTED_EDGE('',*,*,#2879,.F.);
#7030 = ORIENTED_EDGE('',*,*,#3413,.F.);
#7031 = ORIENTED_EDGE('',*,*,#7002,.F.);
#7032 = ADVANCED_FACE('',(#7033),#2827,.F.);
#7033 = FACE_BOUND('',#7034,.F.);
#7034 = EDGE_LOOP('',(#7035,#7036,#7058));
#7035 = ORIENTED_EDGE('',*,*,#2812,.F.);
#7036 = ORIENTED_EDGE('',*,*,#7037,.F.);
#7037 = EDGE_CURVE('',#3439,#2757,#7038,.T.);
#7038 = SURFACE_CURVE('',#7039,(#7044,#7051),.PCURVE_S1.);
#7039 = CIRCLE('',#7040,2.6);
#7040 = AXIS2_PLACEMENT_3D('',#7041,#7042,#7043);
#7041 = CARTESIAN_POINT('',(5.,10.05,8.9));
#7042 = DIRECTION('',(0.,0.,1.));
#7043 = DIRECTION('',(1.,0.,0.));
#7044 = PCURVE('',#2827,#7045);
#7045 = DEFINITIONAL_REPRESENTATION('',(#7046),#7050);
#7046 = CIRCLE('',#7047,2.6);
#7047 = AXIS2_PLACEMENT_2D('',#7048,#7049);
#7048 = CARTESIAN_POINT('',(0.,0.));
#7049 = DIRECTION('',(1.,0.));
#7050 = ( GEOMETRIC_REPRESENTATION_CONTEXT(2) 
PARAMETRIC_REPRESENTATION_CONTEXT() REPRESENTATION_CONTEXT('2D SPACE',''
  ) );
#7051 = PCURVE('',#2773,#7052);
#7052 = DEFINITIONAL_REPRESENTATION('',(#7053),#7057);
#7053 = LINE('',#7054,#7055);
#7054 = CARTESIAN_POINT('',(0.,2.6));
#7055 = VECTOR('',#7056,1.);
#7056 = DIRECTION('',(1.,0.));
#7057 = ( GEOMETRIC_REPRESENTATION_CONTEXT(2) 
PARAMETRIC_REPRESENTATION_CONTEXT() REPRESENTATION_CONTEXT('2D SPACE',''
  ) );
#7058 = ORIENTED_EDGE('',*,*,#3461,.T.);
#7059 = ADVANCED_FACE('',(#7060),#2773,.T.);
#7060 = FACE_BOUND('',#7061,.T.);
#7061 = EDGE_LOOP('',(#7062,#7085,#7086,#7108,#7109,#7110));
#7062 = ORIENTED_EDGE('',*,*,#7063,.T.);
#7063 = EDGE_CURVE('',#7064,#3439,#7066,.T.);
#7064 = VERTEX_POINT('',#7065);
#7065 = CARTESIAN_POINT('',(5.,10.05,6.3));
#7066 = SEAM_CURVE('',#7067,(#7071,#7078),.PCURVE_S1.);
#7067 = LINE('',#7068,#7069);
#7068 = CARTESIAN_POINT('',(5.,10.05,6.3));
#7069 = VECTOR('',#7070,1.);
#7070 = DIRECTION('',(0.707106781187,-1.731912112471E-16,0.707106781187)
  );
#7071 = PCURVE('',#2773,#7072);
#7072 = DEFINITIONAL_REPRESENTATION('',(#7073),#7077);
#7073 = LINE('',#7074,#7075);
#7074 = CARTESIAN_POINT('',(0.,-0.));
#7075 = VECTOR('',#7076,1.);
#7076 = DIRECTION('',(0.,1.));
#7077 = ( GEOMETRIC_REPRESENTATION_CONTEXT(2) 
PARAMETRIC_REPRESENTATION_CONTEXT() REPRESENTATION_CONTEXT('2D SPACE',''
  ) );
#7078 = PCURVE('',#2773,#7079);
#7079 = DEFINITIONAL_REPRESENTATION('',(#7080),#7084);
#7080 = LINE('',#7081,#7082);
#7081 = CARTESIAN_POINT('',(6.28318530718,-0.));
#7082 = VECTOR('',#7083,1.);
#7083 = DIRECTION('',(0.,1.));
#7084 = ( GEOMETRIC_REPRESENTATION_CONTEXT(2) 
PARAMETRIC_REPRESENTATION_CONTEXT() REPRESENTATION_CONTEXT('2D SPACE',''
  ) );
#7085 = ORIENTED_EDGE('',*,*,#3511,.F.);
#7086 = ORIENTED_EDGE('',*,*,#7087,.F.);
#7087 = EDGE_CURVE('',#2731,#3489,#7088,.T.);
#7088 = SURFACE_CURVE('',#7089,(#7094,#7101),.PCURVE_S1.);
#7089 = CIRCLE('',#7090,2.6);
#7090 = AXIS2_PLACEMENT_3D('',#7091,#7092,#7093);
#7091 = CARTESIAN_POINT('',(5.,10.05,8.9));
#7092 = DIRECTION('',(0.,0.,1.));
#7093 = DIRECTION('',(1.,0.,0.));
#7094 = PCURVE('',#2773,#7095);
#7095 = DEFINITIONAL_REPRESENTATION('',(#7096),#7100);
#7096 = LINE('',#7097,#7098);
#7097 = CARTESIAN_POINT('',(0.,2.6));
#7098 = VECTOR('',#7099,1.);
#7099 = DIRECTION('',(1.,0.));
#7100 = ( GEOMETRIC_REPRESENTATION_CONTEXT(2) 
PARAMETRIC_REPRESENTATION_CONTEXT() REPRESENTATION_CONTEXT('2D SPACE',''
  ) );
#7101 = PCURVE('',#2745,#7102);
#7102 = DEFINITIONAL_REPRESENTATION('',(#7103),#7107);
#7103 = CIRCLE('',#7104,2.6);
#7104 = AXIS2_PLACEMENT_2D('',#7105,#7106);
#7105 = CARTESIAN_POINT('',(0.,0.));
#7106 = DIRECTION('',(1.,0.));
#7107 = ( GEOMETRIC_REPRESENTATION_CONTEXT(2) 
PARAMETRIC_REPRESENTATION_CONTEXT() REPRESENTATION_CONTEXT('2D SPACE',''
  ) );
#7108 = ORIENTED_EDGE('',*,*,#2756,.T.);
#7109 = ORIENTED_EDGE('',*,*,#7037,.F.);
#7110 = ORIENTED_EDGE('',*,*,#7063,.F.);
#7111 = ADVANCED_FACE('',(#7112),#2745,.F.);
#7112 = FACE_BOUND('',#7113,.F.);
#7113 = EDGE_LOOP('',(#7114,#7115,#7116));
#7114 = ORIENTED_EDGE('',*,*,#2730,.F.);
#7115 = ORIENTED_EDGE('',*,*,#3538,.F.);
#7116 = ORIENTED_EDGE('',*,*,#7087,.F.);
#7117 = ADVANCED_FACE('',(#7118),#3223,.T.);
#7118 = FACE_BOUND('',#7119,.T.);
#7119 = EDGE_LOOP('',(#7120,#7143,#7169,#7190));
#7120 = ORIENTED_EDGE('',*,*,#7121,.F.);
#7121 = EDGE_CURVE('',#7122,#3207,#7124,.T.);
#7122 = VERTEX_POINT('',#7123);
#7123 = CARTESIAN_POINT('',(27.05,10.475,9.3));
#7124 = SURFACE_CURVE('',#7125,(#7129,#7136),.PCURVE_S1.);
#7125 = LINE('',#7126,#7127);
#7126 = CARTESIAN_POINT('',(27.05,7.7,9.3));
#7127 = VECTOR('',#7128,1.);
#7128 = DIRECTION('',(0.,1.,0.));
#7129 = PCURVE('',#3223,#7130);
#7130 = DEFINITIONAL_REPRESENTATION('',(#7131),#7135);
#7131 = LINE('',#7132,#7133);
#7132 = CARTESIAN_POINT('',(0.,0.));
#7133 = VECTOR('',#7134,1.);
#7134 = DIRECTION('',(1.,0.));
#7135 = ( GEOMETRIC_REPRESENTATION_CONTEXT(2) 
PARAMETRIC_REPRESENTATION_CONTEXT() REPRESENTATION_CONTEXT('2D SPACE',''
  ) );
#7136 = PCURVE('',#3249,#7137);
#7137 = DEFINITIONAL_REPRESENTATION('',(#7138),#7142);
#7138 = LINE('',#7139,#7140);
#7139 = CARTESIAN_POINT('',(0.,-0.5));
#7140 = VECTOR('',#7141,1.);
#7141 = DIRECTION('',(0.,-1.));
#7142 = ( GEOMETRIC_REPRESENTATION_CONTEXT(2) 
PARAMETRIC_REPRESENTATION_CONTEXT() REPRESENTATION_CONTEXT('2D SPACE',''
  ) );
#7143 = ORIENTED_EDGE('',*,*,#7144,.F.);
#7144 = EDGE_CURVE('',#7145,#7122,#7147,.T.);
#7145 = VERTEX_POINT('',#7146);
#7146 = CARTESIAN_POINT('',(30.2,10.475,9.3));
#7147 = SURFACE_CURVE('',#7148,(#7152,#7158),.PCURVE_S1.);
#7148 = LINE('',#7149,#7150);
#7149 = CARTESIAN_POINT('',(26.8,10.475,9.3));
#7150 = VECTOR('',#7151,1.);
#7151 = DIRECTION('',(-1.,-0.,0.));
#7152 = PCURVE('',#3223,#7153);
#7153 = DEFINITIONAL_REPRESENTATION('',(#7154),#7157);
#7154 = B_SPLINE_CURVE_WITH_KNOTS('',1,(#7155,#7156),.UNSPECIFIED.,.F.,
  .F.,(2,2),(-3.4,-0.25),.PIECEWISE_BEZIER_KNOTS.);
#7155 = CARTESIAN_POINT('',(2.775,-3.15));
#7156 = CARTESIAN_POINT('',(2.775,0.));
#7157 = ( GEOMETRIC_REPRESENTATION_CONTEXT(2) 
PARAMETRIC_REPRESENTATION_CONTEXT() REPRESENTATION_CONTEXT('2D SPACE',''
  ) );
#7158 = PCURVE('',#7159,#7164);
#7159 = PLANE('',#7160);
#7160 = AXIS2_PLACEMENT_3D('',#7161,#7162,#7163);
#7161 = CARTESIAN_POINT('',(26.55,10.475,7.7));
#7162 = DIRECTION('',(0.,1.,0.));
#7163 = DIRECTION('',(0.,0.,1.));
#7164 = DEFINITIONAL_REPRESENTATION('',(#7165),#7168);
#7165 = B_SPLINE_CURVE_WITH_KNOTS('',1,(#7166,#7167),.UNSPECIFIED.,.F.,
  .F.,(2,2),(-3.4,-0.25),.PIECEWISE_BEZIER_KNOTS.);
#7166 = CARTESIAN_POINT('',(1.6,3.65));
#7167 = CARTESIAN_POINT('',(1.6,0.5));
#7168 = ( GEOMETRIC_REPRESENTATION_CONTEXT(2) 
PARAMETRIC_REPRESENTATION_CONTEXT() REPRESENTATION_CONTEXT('2D SPACE',''
  ) );
#7169 = ORIENTED_EDGE('',*,*,#7170,.T.);
#7170 = EDGE_CURVE('',#7145,#3209,#7171,.T.);
#7171 = SURFACE_CURVE('',#7172,(#7176,#7183),.PCURVE_S1.);
#7172 = LINE('',#7173,#7174);
#7173 = CARTESIAN_POINT('',(30.2,7.7,9.3));
#7174 = VECTOR('',#7175,1.);
#7175 = DIRECTION('',(0.,1.,0.));
#7176 = PCURVE('',#3223,#7177);
#7177 = DEFINITIONAL_REPRESENTATION('',(#7178),#7182);
#7178 = LINE('',#7179,#7180);
#7179 = CARTESIAN_POINT('',(0.,-3.15));
#7180 = VECTOR('',#7181,1.);
#7181 = DIRECTION('',(1.,0.));
#7182 = ( GEOMETRIC_REPRESENTATION_CONTEXT(2) 
PARAMETRIC_REPRESENTATION_CONTEXT() REPRESENTATION_CONTEXT('2D SPACE',''
  ) );
#7183 = PCURVE('',#3299,#7184);
#7184 = DEFINITIONAL_REPRESENTATION('',(#7185),#7189);
#7185 = LINE('',#7186,#7187);
#7186 = CARTESIAN_POINT('',(1.737203644322,-0.213689657675));
#7187 = VECTOR('',#7188,1.);
#7188 = DIRECTION('',(-1.,0.));
#7189 = ( GEOMETRIC_REPRESENTATION_CONTEXT(2) 
PARAMETRIC_REPRESENTATION_CONTEXT() REPRESENTATION_CONTEXT('2D SPACE',''
  ) );
#7190 = ORIENTED_EDGE('',*,*,#3206,.F.);
#7191 = ADVANCED_FACE('',(#7192),#3249,.F.);
#7192 = FACE_BOUND('',#7193,.F.);
#7193 = EDGE_LOOP('',(#7194,#7224,#7252,#7280,#7308,#7336,#7364,#7385,
    #7386,#7387,#7409,#7436,#7464,#7492,#7520,#7548));
#7194 = ORIENTED_EDGE('',*,*,#7195,.F.);
#7195 = EDGE_CURVE('',#7196,#7198,#7200,.T.);
#7196 = VERTEX_POINT('',#7197);
#7197 = CARTESIAN_POINT('',(27.05,7.2,10.5));
#7198 = VERTEX_POINT('',#7199);
#7199 = CARTESIAN_POINT('',(27.05,9.075,10.5));
#7200 = SURFACE_CURVE('',#7201,(#7205,#7212),.PCURVE_S1.);
#7201 = LINE('',#7202,#7203);
#7202 = CARTESIAN_POINT('',(27.05,7.2,10.5));
#7203 = VECTOR('',#7204,1.);
#7204 = DIRECTION('',(0.,1.,0.));
#7205 = PCURVE('',#3249,#7206);
#7206 = DEFINITIONAL_REPRESENTATION('',(#7207),#7211);
#7207 = LINE('',#7208,#7209);
#7208 = CARTESIAN_POINT('',(1.2,0.));
#7209 = VECTOR('',#7210,1.);
#7210 = DIRECTION('',(0.,-1.));
#7211 = ( GEOMETRIC_REPRESENTATION_CONTEXT(2) 
PARAMETRIC_REPRESENTATION_CONTEXT() REPRESENTATION_CONTEXT('2D SPACE',''
  ) );
#7212 = PCURVE('',#7213,#7218);
#7213 = PLANE('',#7214);
#7214 = AXIS2_PLACEMENT_3D('',#7215,#7216,#7217);
#7215 = CARTESIAN_POINT('',(27.05,7.2,10.5));
#7216 = DIRECTION('',(0.,0.,1.));
#7217 = DIRECTION('',(1.,0.,0.));
#7218 = DEFINITIONAL_REPRESENTATION('',(#7219),#7223);
#7219 = LINE('',#7220,#7221);
#7220 = CARTESIAN_POINT('',(0.,0.));
#7221 = VECTOR('',#7222,1.);
#7222 = DIRECTION('',(0.,1.));
#7223 = ( GEOMETRIC_REPRESENTATION_CONTEXT(2) 
PARAMETRIC_REPRESENTATION_CONTEXT() REPRESENTATION_CONTEXT('2D SPACE',''
  ) );
#7224 = ORIENTED_EDGE('',*,*,#7225,.F.);
#7225 = EDGE_CURVE('',#7226,#7196,#7228,.T.);
#7226 = VERTEX_POINT('',#7227);
#7227 = CARTESIAN_POINT('',(27.05,7.2,9.3));
#7228 = SURFACE_CURVE('',#7229,(#7233,#7240),.PCURVE_S1.);
#7229 = LINE('',#7230,#7231);
#7230 = CARTESIAN_POINT('',(27.05,7.2,9.3));
#7231 = VECTOR('',#7232,1.);
#7232 = DIRECTION('',(0.,0.,1.));
#7233 = PCURVE('',#3249,#7234);
#7234 = DEFINITIONAL_REPRESENTATION('',(#7235),#7239);
#7235 = LINE('',#7236,#7237);
#7236 = CARTESIAN_POINT('',(0.,0.));
#7237 = VECTOR('',#7238,1.);
#7238 = DIRECTION('',(1.,0.));
#7239 = ( GEOMETRIC_REPRESENTATION_CONTEXT(2) 
PARAMETRIC_REPRESENTATION_CONTEXT() REPRESENTATION_CONTEXT('2D SPACE',''
  ) );
#7240 = PCURVE('',#7241,#7246);
#7241 = PLANE('',#7242);
#7242 = AXIS2_PLACEMENT_3D('',#7243,#7244,#7245);
#7243 = CARTESIAN_POINT('',(27.05,7.2,9.3));
#7244 = DIRECTION('',(0.,1.,0.));
#7245 = DIRECTION('',(0.,0.,1.));
#7246 = DEFINITIONAL_REPRESENTATION('',(#7247),#7251);
#7247 = LINE('',#7248,#7249);
#7248 = CARTESIAN_POINT('',(0.,0.));
#7249 = VECTOR('',#7250,1.);
#7250 = DIRECTION('',(1.,0.));
#7251 = ( GEOMETRIC_REPRESENTATION_CONTEXT(2) 
PARAMETRIC_REPRESENTATION_CONTEXT() REPRESENTATION_CONTEXT('2D SPACE',''
  ) );
#7252 = ORIENTED_EDGE('',*,*,#7253,.T.);
#7253 = EDGE_CURVE('',#7226,#7254,#7256,.T.);
#7254 = VERTEX_POINT('',#7255);
#7255 = CARTESIAN_POINT('',(27.05,7.7,9.3));
#7256 = SURFACE_CURVE('',#7257,(#7261,#7268),.PCURVE_S1.);
#7257 = LINE('',#7258,#7259);
#7258 = CARTESIAN_POINT('',(27.05,7.2,9.3));
#7259 = VECTOR('',#7260,1.);
#7260 = DIRECTION('',(0.,1.,0.));
#7261 = PCURVE('',#3249,#7262);
#7262 = DEFINITIONAL_REPRESENTATION('',(#7263),#7267);
#7263 = LINE('',#7264,#7265);
#7264 = CARTESIAN_POINT('',(0.,0.));
#7265 = VECTOR('',#7266,1.);
#7266 = DIRECTION('',(0.,-1.));
#7267 = ( GEOMETRIC_REPRESENTATION_CONTEXT(2) 
PARAMETRIC_REPRESENTATION_CONTEXT() REPRESENTATION_CONTEXT('2D SPACE',''
  ) );
#7268 = PCURVE('',#7269,#7274);
#7269 = PLANE('',#7270);
#7270 = AXIS2_PLACEMENT_3D('',#7271,#7272,#7273);
#7271 = CARTESIAN_POINT('',(27.05,7.2,9.3));
#7272 = DIRECTION('',(0.,0.,1.));
#7273 = DIRECTION('',(1.,0.,0.));
#7274 = DEFINITIONAL_REPRESENTATION('',(#7275),#7279);
#7275 = LINE('',#7276,#7277);
#7276 = CARTESIAN_POINT('',(0.,0.));
#7277 = VECTOR('',#7278,1.);
#7278 = DIRECTION('',(0.,1.));
#7279 = ( GEOMETRIC_REPRESENTATION_CONTEXT(2) 
PARAMETRIC_REPRESENTATION_CONTEXT() REPRESENTATION_CONTEXT('2D SPACE',''
  ) );
#7280 = ORIENTED_EDGE('',*,*,#7281,.F.);
#7281 = EDGE_CURVE('',#7282,#7254,#7284,.T.);
#7282 = VERTEX_POINT('',#7283);
#7283 = CARTESIAN_POINT('',(27.05,9.075,7.925));
#7284 = SURFACE_CURVE('',#7285,(#7289,#7296),.PCURVE_S1.);
#7285 = LINE('',#7286,#7287);
#7286 = CARTESIAN_POINT('',(27.05,11.15,5.85));
#7287 = VECTOR('',#7288,1.);
#7288 = DIRECTION('',(0.,-0.707106781187,0.707106781187));
#7289 = PCURVE('',#3249,#7290);
#7290 = DEFINITIONAL_REPRESENTATION('',(#7291),#7295);
#7291 = LINE('',#7292,#7293);
#7292 = CARTESIAN_POINT('',(-3.45,-3.95));
#7293 = VECTOR('',#7294,1.);
#7294 = DIRECTION('',(0.707106781187,0.707106781187));
#7295 = ( GEOMETRIC_REPRESENTATION_CONTEXT(2) 
PARAMETRIC_REPRESENTATION_CONTEXT() REPRESENTATION_CONTEXT('2D SPACE',''
  ) );
#7296 = PCURVE('',#7297,#7302);
#7297 = PLANE('',#7298);
#7298 = AXIS2_PLACEMENT_3D('',#7299,#7300,#7301);
#7299 = CARTESIAN_POINT('',(27.05,11.15,5.85));
#7300 = DIRECTION('',(0.,-0.707106781187,-0.707106781187));
#7301 = DIRECTION('',(0.,-0.707106781187,0.707106781187));
#7302 = DEFINITIONAL_REPRESENTATION('',(#7303),#7307);
#7303 = LINE('',#7304,#7305);
#7304 = CARTESIAN_POINT('',(0.,0.));
#7305 = VECTOR('',#7306,1.);
#7306 = DIRECTION('',(1.,0.));
#7307 = ( GEOMETRIC_REPRESENTATION_CONTEXT(2) 
PARAMETRIC_REPRESENTATION_CONTEXT() REPRESENTATION_CONTEXT('2D SPACE',''
  ) );
#7308 = ORIENTED_EDGE('',*,*,#7309,.F.);
#7309 = EDGE_CURVE('',#7310,#7282,#7312,.T.);
#7310 = VERTEX_POINT('',#7311);
#7311 = CARTESIAN_POINT('',(27.05,9.075,7.7));
#7312 = SURFACE_CURVE('',#7313,(#7317,#7324),.PCURVE_S1.);
#7313 = LINE('',#7314,#7315);
#7314 = CARTESIAN_POINT('',(27.05,9.075,7.7));
#7315 = VECTOR('',#7316,1.);
#7316 = DIRECTION('',(0.,0.,1.));
#7317 = PCURVE('',#3249,#7318);
#7318 = DEFINITIONAL_REPRESENTATION('',(#7319),#7323);
#7319 = LINE('',#7320,#7321);
#7320 = CARTESIAN_POINT('',(-1.6,-1.875));
#7321 = VECTOR('',#7322,1.);
#7322 = DIRECTION('',(1.,0.));
#7323 = ( GEOMETRIC_REPRESENTATION_CONTEXT(2) 
PARAMETRIC_REPRESENTATION_CONTEXT() REPRESENTATION_CONTEXT('2D SPACE',''
  ) );
#7324 = PCURVE('',#7325,#7330);
#7325 = PLANE('',#7326);
#7326 = AXIS2_PLACEMENT_3D('',#7327,#7328,#7329);
#7327 = CARTESIAN_POINT('',(27.05,9.075,7.7));
#7328 = DIRECTION('',(0.,-1.,0.));
#7329 = DIRECTION('',(0.,0.,1.));
#7330 = DEFINITIONAL_REPRESENTATION('',(#7331),#7335);
#7331 = LINE('',#7332,#7333);
#7332 = CARTESIAN_POINT('',(0.,0.));
#7333 = VECTOR('',#7334,1.);
#7334 = DIRECTION('',(1.,0.));
#7335 = ( GEOMETRIC_REPRESENTATION_CONTEXT(2) 
PARAMETRIC_REPRESENTATION_CONTEXT() REPRESENTATION_CONTEXT('2D SPACE',''
  ) );
#7336 = ORIENTED_EDGE('',*,*,#7337,.F.);
#7337 = EDGE_CURVE('',#7338,#7310,#7340,.T.);
#7338 = VERTEX_POINT('',#7339);
#7339 = CARTESIAN_POINT('',(27.05,9.3,7.7));
#7340 = SURFACE_CURVE('',#7341,(#7345,#7352),.PCURVE_S1.);
#7341 = LINE('',#7342,#7343);
#7342 = CARTESIAN_POINT('',(27.05,9.875,7.7));
#7343 = VECTOR('',#7344,1.);
#7344 = DIRECTION('',(0.,-1.,0.));
#7345 = PCURVE('',#3249,#7346);
#7346 = DEFINITIONAL_REPRESENTATION('',(#7347),#7351);
#7347 = LINE('',#7348,#7349);
#7348 = CARTESIAN_POINT('',(-1.6,-2.675));
#7349 = VECTOR('',#7350,1.);
#7350 = DIRECTION('',(0.,1.));
#7351 = ( GEOMETRIC_REPRESENTATION_CONTEXT(2) 
PARAMETRIC_REPRESENTATION_CONTEXT() REPRESENTATION_CONTEXT('2D SPACE',''
  ) );
#7352 = PCURVE('',#7353,#7358);
#7353 = PLANE('',#7354);
#7354 = AXIS2_PLACEMENT_3D('',#7355,#7356,#7357);
#7355 = CARTESIAN_POINT('',(27.05,9.875,7.7));
#7356 = DIRECTION('',(-0.,-0.,-1.));
#7357 = DIRECTION('',(0.,-1.,0.));
#7358 = DEFINITIONAL_REPRESENTATION('',(#7359),#7363);
#7359 = LINE('',#7360,#7361);
#7360 = CARTESIAN_POINT('',(0.,0.));
#7361 = VECTOR('',#7362,1.);
#7362 = DIRECTION('',(1.,0.));
#7363 = ( GEOMETRIC_REPRESENTATION_CONTEXT(2) 
PARAMETRIC_REPRESENTATION_CONTEXT() REPRESENTATION_CONTEXT('2D SPACE',''
  ) );
#7364 = ORIENTED_EDGE('',*,*,#7365,.F.);
#7365 = EDGE_CURVE('',#3235,#7338,#7366,.T.);
#7366 = SURFACE_CURVE('',#7367,(#7371,#7378),.PCURVE_S1.);
#7367 = LINE('',#7368,#7369);
#7368 = CARTESIAN_POINT('',(27.05,11.15,5.85));
#7369 = VECTOR('',#7370,1.);
#7370 = DIRECTION('',(0.,-0.707106781187,0.707106781187));
#7371 = PCURVE('',#3249,#7372);
#7372 = DEFINITIONAL_REPRESENTATION('',(#7373),#7377);
#7373 = LINE('',#7374,#7375);
#7374 = CARTESIAN_POINT('',(-3.45,-3.95));
#7375 = VECTOR('',#7376,1.);
#7376 = DIRECTION('',(0.707106781187,0.707106781187));
#7377 = ( GEOMETRIC_REPRESENTATION_CONTEXT(2) 
PARAMETRIC_REPRESENTATION_CONTEXT() REPRESENTATION_CONTEXT('2D SPACE',''
  ) );
#7378 = PCURVE('',#3275,#7379);
#7379 = DEFINITIONAL_REPRESENTATION('',(#7380),#7384);
#7380 = LINE('',#7381,#7382);
#7381 = CARTESIAN_POINT('',(0.,0.));
#7382 = VECTOR('',#7383,1.);
#7383 = DIRECTION('',(1.,0.));
#7384 = ( GEOMETRIC_REPRESENTATION_CONTEXT(2) 
PARAMETRIC_REPRESENTATION_CONTEXT() REPRESENTATION_CONTEXT('2D SPACE',''
  ) );
#7385 = ORIENTED_EDGE('',*,*,#3234,.F.);
#7386 = ORIENTED_EDGE('',*,*,#7121,.F.);
#7387 = ORIENTED_EDGE('',*,*,#7388,.T.);
#7388 = EDGE_CURVE('',#7122,#7389,#7391,.T.);
#7389 = VERTEX_POINT('',#7390);
#7390 = CARTESIAN_POINT('',(27.05,10.475,7.7));
#7391 = SURFACE_CURVE('',#7392,(#7396,#7403),.PCURVE_S1.);
#7392 = LINE('',#7393,#7394);
#7393 = CARTESIAN_POINT('',(27.05,10.475,7.890120401227));
#7394 = VECTOR('',#7395,1.);
#7395 = DIRECTION('',(0.,0.,-1.));
#7396 = PCURVE('',#3249,#7397);
#7397 = DEFINITIONAL_REPRESENTATION('',(#7398),#7402);
#7398 = LINE('',#7399,#7400);
#7399 = CARTESIAN_POINT('',(-1.409879598773,-3.275));
#7400 = VECTOR('',#7401,1.);
#7401 = DIRECTION('',(-1.,0.));
#7402 = ( GEOMETRIC_REPRESENTATION_CONTEXT(2) 
PARAMETRIC_REPRESENTATION_CONTEXT() REPRESENTATION_CONTEXT('2D SPACE',''
  ) );
#7403 = PCURVE('',#7159,#7404);
#7404 = DEFINITIONAL_REPRESENTATION('',(#7405),#7408);
#7405 = B_SPLINE_CURVE_WITH_KNOTS('',1,(#7406,#7407),.UNSPECIFIED.,.F.,
  .F.,(2,2),(-1.409879598773,0.190120401227),.PIECEWISE_BEZIER_KNOTS.);
#7406 = CARTESIAN_POINT('',(1.6,0.5));
#7407 = CARTESIAN_POINT('',(0.,0.5));
#7408 = ( GEOMETRIC_REPRESENTATION_CONTEXT(2) 
PARAMETRIC_REPRESENTATION_CONTEXT() REPRESENTATION_CONTEXT('2D SPACE',''
  ) );
#7409 = ORIENTED_EDGE('',*,*,#7410,.F.);
#7410 = EDGE_CURVE('',#7411,#7389,#7413,.T.);
#7411 = VERTEX_POINT('',#7412);
#7412 = CARTESIAN_POINT('',(27.05,9.875,7.7));
#7413 = SURFACE_CURVE('',#7414,(#7418,#7425),.PCURVE_S1.);
#7414 = LINE('',#7415,#7416);
#7415 = CARTESIAN_POINT('',(27.05,9.902620401227,7.7));
#7416 = VECTOR('',#7417,1.);
#7417 = DIRECTION('',(0.,1.,0.));
#7418 = PCURVE('',#3249,#7419);
#7419 = DEFINITIONAL_REPRESENTATION('',(#7420),#7424);
#7420 = LINE('',#7421,#7422);
#7421 = CARTESIAN_POINT('',(-1.6,-2.702620401227));
#7422 = VECTOR('',#7423,1.);
#7423 = DIRECTION('',(0.,-1.));
#7424 = ( GEOMETRIC_REPRESENTATION_CONTEXT(2) 
PARAMETRIC_REPRESENTATION_CONTEXT() REPRESENTATION_CONTEXT('2D SPACE',''
  ) );
#7425 = PCURVE('',#7426,#7431);
#7426 = PLANE('',#7427);
#7427 = AXIS2_PLACEMENT_3D('',#7428,#7429,#7430);
#7428 = CARTESIAN_POINT('',(26.55,9.875,7.7));
#7429 = DIRECTION('',(0.,0.,1.));
#7430 = DIRECTION('',(1.,0.,0.));
#7431 = DEFINITIONAL_REPRESENTATION('',(#7432),#7435);
#7432 = B_SPLINE_CURVE_WITH_KNOTS('',1,(#7433,#7434),.UNSPECIFIED.,.F.,
  .F.,(2,2),(-2.76204012266E-02,0.572379598773),
  .PIECEWISE_BEZIER_KNOTS.);
#7433 = CARTESIAN_POINT('',(0.5,0.));
#7434 = CARTESIAN_POINT('',(0.5,0.6));
#7435 = ( GEOMETRIC_REPRESENTATION_CONTEXT(2) 
PARAMETRIC_REPRESENTATION_CONTEXT() REPRESENTATION_CONTEXT('2D SPACE',''
  ) );
#7436 = ORIENTED_EDGE('',*,*,#7437,.F.);
#7437 = EDGE_CURVE('',#7438,#7411,#7440,.T.);
#7438 = VERTEX_POINT('',#7439);
#7439 = CARTESIAN_POINT('',(27.05,9.875,11.25));
#7440 = SURFACE_CURVE('',#7441,(#7445,#7452),.PCURVE_S1.);
#7441 = LINE('',#7442,#7443);
#7442 = CARTESIAN_POINT('',(27.05,9.875,11.25));
#7443 = VECTOR('',#7444,1.);
#7444 = DIRECTION('',(0.,0.,-1.));
#7445 = PCURVE('',#3249,#7446);
#7446 = DEFINITIONAL_REPRESENTATION('',(#7447),#7451);
#7447 = LINE('',#7448,#7449);
#7448 = CARTESIAN_POINT('',(1.95,-2.675));
#7449 = VECTOR('',#7450,1.);
#7450 = DIRECTION('',(-1.,0.));
#7451 = ( GEOMETRIC_REPRESENTATION_CONTEXT(2) 
PARAMETRIC_REPRESENTATION_CONTEXT() REPRESENTATION_CONTEXT('2D SPACE',''
  ) );
#7452 = PCURVE('',#7453,#7458);
#7453 = PLANE('',#7454);
#7454 = AXIS2_PLACEMENT_3D('',#7455,#7456,#7457);
#7455 = CARTESIAN_POINT('',(26.55,9.875,7.7));
#7456 = DIRECTION('',(0.,1.,0.));
#7457 = DIRECTION('',(0.,0.,1.));
#7458 = DEFINITIONAL_REPRESENTATION('',(#7459),#7463);
#7459 = LINE('',#7460,#7461);
#7460 = CARTESIAN_POINT('',(3.55,0.5));
#7461 = VECTOR('',#7462,1.);
#7462 = DIRECTION('',(-1.,0.));
#7463 = ( GEOMETRIC_REPRESENTATION_CONTEXT(2) 
PARAMETRIC_REPRESENTATION_CONTEXT() REPRESENTATION_CONTEXT('2D SPACE',''
  ) );
#7464 = ORIENTED_EDGE('',*,*,#7465,.F.);
#7465 = EDGE_CURVE('',#7466,#7438,#7468,.T.);
#7466 = VERTEX_POINT('',#7467);
#7467 = CARTESIAN_POINT('',(27.05,9.575,11.25));
#7468 = SURFACE_CURVE('',#7469,(#7473,#7480),.PCURVE_S1.);
#7469 = LINE('',#7470,#7471);
#7470 = CARTESIAN_POINT('',(27.05,9.575,11.25));
#7471 = VECTOR('',#7472,1.);
#7472 = DIRECTION('',(0.,1.,0.));
#7473 = PCURVE('',#3249,#7474);
#7474 = DEFINITIONAL_REPRESENTATION('',(#7475),#7479);
#7475 = LINE('',#7476,#7477);
#7476 = CARTESIAN_POINT('',(1.95,-2.375));
#7477 = VECTOR('',#7478,1.);
#7478 = DIRECTION('',(0.,-1.));
#7479 = ( GEOMETRIC_REPRESENTATION_CONTEXT(2) 
PARAMETRIC_REPRESENTATION_CONTEXT() REPRESENTATION_CONTEXT('2D SPACE',''
  ) );
#7480 = PCURVE('',#7481,#7486);
#7481 = PLANE('',#7482);
#7482 = AXIS2_PLACEMENT_3D('',#7483,#7484,#7485);
#7483 = CARTESIAN_POINT('',(27.05,9.575,11.25));
#7484 = DIRECTION('',(0.,0.,1.));
#7485 = DIRECTION('',(0.,1.,0.));
#7486 = DEFINITIONAL_REPRESENTATION('',(#7487),#7491);
#7487 = LINE('',#7488,#7489);
#7488 = CARTESIAN_POINT('',(0.,0.));
#7489 = VECTOR('',#7490,1.);
#7490 = DIRECTION('',(1.,0.));
#7491 = ( GEOMETRIC_REPRESENTATION_CONTEXT(2) 
PARAMETRIC_REPRESENTATION_CONTEXT() REPRESENTATION_CONTEXT('2D SPACE',''
  ) );
#7492 = ORIENTED_EDGE('',*,*,#7493,.F.);
#7493 = EDGE_CURVE('',#7494,#7466,#7496,.T.);
#7494 = VERTEX_POINT('',#7495);
#7495 = CARTESIAN_POINT('',(27.05,8.65,10.65));
#7496 = SURFACE_CURVE('',#7497,(#7501,#7508),.PCURVE_S1.);
#7497 = LINE('',#7498,#7499);
#7498 = CARTESIAN_POINT('',(27.05,8.65,10.65));
#7499 = VECTOR('',#7500,1.);
#7500 = DIRECTION('',(0.,0.838961287028,0.544191105099));
#7501 = PCURVE('',#3249,#7502);
#7502 = DEFINITIONAL_REPRESENTATION('',(#7503),#7507);
#7503 = LINE('',#7504,#7505);
#7504 = CARTESIAN_POINT('',(1.35,-1.45));
#7505 = VECTOR('',#7506,1.);
#7506 = DIRECTION('',(0.544191105099,-0.838961287028));
#7507 = ( GEOMETRIC_REPRESENTATION_CONTEXT(2) 
PARAMETRIC_REPRESENTATION_CONTEXT() REPRESENTATION_CONTEXT('2D SPACE',''
  ) );
#7508 = PCURVE('',#7509,#7514);
#7509 = PLANE('',#7510);
#7510 = AXIS2_PLACEMENT_3D('',#7511,#7512,#7513);
#7511 = CARTESIAN_POINT('',(27.05,8.65,10.65));
#7512 = DIRECTION('',(0.,-0.544191105099,0.838961287028));
#7513 = DIRECTION('',(0.,0.838961287028,0.544191105099));
#7514 = DEFINITIONAL_REPRESENTATION('',(#7515),#7519);
#7515 = LINE('',#7516,#7517);
#7516 = CARTESIAN_POINT('',(0.,0.));
#7517 = VECTOR('',#7518,1.);
#7518 = DIRECTION('',(1.,0.));
#7519 = ( GEOMETRIC_REPRESENTATION_CONTEXT(2) 
PARAMETRIC_REPRESENTATION_CONTEXT() REPRESENTATION_CONTEXT('2D SPACE',''
  ) );
#7520 = ORIENTED_EDGE('',*,*,#7521,.F.);
#7521 = EDGE_CURVE('',#7522,#7494,#7524,.T.);
#7522 = VERTEX_POINT('',#7523);
#7523 = CARTESIAN_POINT('',(27.05,9.075,10.65));
#7524 = SURFACE_CURVE('',#7525,(#7529,#7536),.PCURVE_S1.);
#7525 = LINE('',#7526,#7527);
#7526 = CARTESIAN_POINT('',(27.05,9.075,10.65));
#7527 = VECTOR('',#7528,1.);
#7528 = DIRECTION('',(0.,-1.,0.));
#7529 = PCURVE('',#3249,#7530);
#7530 = DEFINITIONAL_REPRESENTATION('',(#7531),#7535);
#7531 = LINE('',#7532,#7533);
#7532 = CARTESIAN_POINT('',(1.35,-1.875));
#7533 = VECTOR('',#7534,1.);
#7534 = DIRECTION('',(0.,1.));
#7535 = ( GEOMETRIC_REPRESENTATION_CONTEXT(2) 
PARAMETRIC_REPRESENTATION_CONTEXT() REPRESENTATION_CONTEXT('2D SPACE',''
  ) );
#7536 = PCURVE('',#7537,#7542);
#7537 = PLANE('',#7538);
#7538 = AXIS2_PLACEMENT_3D('',#7539,#7540,#7541);
#7539 = CARTESIAN_POINT('',(27.05,9.075,10.65));
#7540 = DIRECTION('',(-0.,-0.,-1.));
#7541 = DIRECTION('',(0.,-1.,0.));
#7542 = DEFINITIONAL_REPRESENTATION('',(#7543),#7547);
#7543 = LINE('',#7544,#7545);
#7544 = CARTESIAN_POINT('',(0.,0.));
#7545 = VECTOR('',#7546,1.);
#7546 = DIRECTION('',(1.,0.));
#7547 = ( GEOMETRIC_REPRESENTATION_CONTEXT(2) 
PARAMETRIC_REPRESENTATION_CONTEXT() REPRESENTATION_CONTEXT('2D SPACE',''
  ) );
#7548 = ORIENTED_EDGE('',*,*,#7549,.F.);
#7549 = EDGE_CURVE('',#7198,#7522,#7550,.T.);
#7550 = SURFACE_CURVE('',#7551,(#7555,#7562),.PCURVE_S1.);
#7551 = LINE('',#7552,#7553);
#7552 = CARTESIAN_POINT('',(27.05,9.075,7.7));
#7553 = VECTOR('',#7554,1.);
#7554 = DIRECTION('',(0.,0.,1.));
#7555 = PCURVE('',#3249,#7556);
#7556 = DEFINITIONAL_REPRESENTATION('',(#7557),#7561);
#7557 = LINE('',#7558,#7559);
#7558 = CARTESIAN_POINT('',(-1.6,-1.875));
#7559 = VECTOR('',#7560,1.);
#7560 = DIRECTION('',(1.,0.));
#7561 = ( GEOMETRIC_REPRESENTATION_CONTEXT(2) 
PARAMETRIC_REPRESENTATION_CONTEXT() REPRESENTATION_CONTEXT('2D SPACE',''
  ) );
#7562 = PCURVE('',#7563,#7568);
#7563 = PLANE('',#7564);
#7564 = AXIS2_PLACEMENT_3D('',#7565,#7566,#7567);
#7565 = CARTESIAN_POINT('',(27.05,9.075,7.7));
#7566 = DIRECTION('',(0.,-1.,0.));
#7567 = DIRECTION('',(0.,0.,1.));
#7568 = DEFINITIONAL_REPRESENTATION('',(#7569),#7573);
#7569 = LINE('',#7570,#7571);
#7570 = CARTESIAN_POINT('',(0.,0.));
#7571 = VECTOR('',#7572,1.);
#7572 = DIRECTION('',(1.,0.));
#7573 = ( GEOMETRIC_REPRESENTATION_CONTEXT(2) 
PARAMETRIC_REPRESENTATION_CONTEXT() REPRESENTATION_CONTEXT('2D SPACE',''
  ) );
#7574 = ADVANCED_FACE('',(#7575),#3299,.F.);
#7575 = FACE_BOUND('',#7576,.F.);
#7576 = EDGE_LOOP('',(#7577,#7600,#7623,#7646,#7669,#7697,#7720,#7743,
    #7766,#7789,#7812,#7834,#7854,#7855));
#7577 = ORIENTED_EDGE('',*,*,#7578,.T.);
#7578 = EDGE_CURVE('',#3261,#7579,#7581,.T.);
#7579 = VERTEX_POINT('',#7580);
#7580 = CARTESIAN_POINT('',(30.2,9.3,7.7));
#7581 = SURFACE_CURVE('',#7582,(#7586,#7593),.PCURVE_S1.);
#7582 = LINE('',#7583,#7584);
#7583 = CARTESIAN_POINT('',(30.2,11.15,5.85));
#7584 = VECTOR('',#7585,1.);
#7585 = DIRECTION('',(0.,-0.707106781187,0.707106781187));
#7586 = PCURVE('',#3299,#7587);
#7587 = DEFINITIONAL_REPRESENTATION('',(#7588),#7592);
#7588 = LINE('',#7589,#7590);
#7589 = CARTESIAN_POINT('',(-1.712796355678,-3.663689657675));
#7590 = VECTOR('',#7591,1.);
#7591 = DIRECTION('',(0.707106781187,0.707106781187));
#7592 = ( GEOMETRIC_REPRESENTATION_CONTEXT(2) 
PARAMETRIC_REPRESENTATION_CONTEXT() REPRESENTATION_CONTEXT('2D SPACE',''
  ) );
#7593 = PCURVE('',#3275,#7594);
#7594 = DEFINITIONAL_REPRESENTATION('',(#7595),#7599);
#7595 = LINE('',#7596,#7597);
#7596 = CARTESIAN_POINT('',(0.,-3.15));
#7597 = VECTOR('',#7598,1.);
#7598 = DIRECTION('',(1.,0.));
#7599 = ( GEOMETRIC_REPRESENTATION_CONTEXT(2) 
PARAMETRIC_REPRESENTATION_CONTEXT() REPRESENTATION_CONTEXT('2D SPACE',''
  ) );
#7600 = ORIENTED_EDGE('',*,*,#7601,.T.);
#7601 = EDGE_CURVE('',#7579,#7602,#7604,.T.);
#7602 = VERTEX_POINT('',#7603);
#7603 = CARTESIAN_POINT('',(30.2,9.075,7.7));
#7604 = SURFACE_CURVE('',#7605,(#7609,#7616),.PCURVE_S1.);
#7605 = LINE('',#7606,#7607);
#7606 = CARTESIAN_POINT('',(30.2,9.875,7.7));
#7607 = VECTOR('',#7608,1.);
#7608 = DIRECTION('',(0.,-1.,0.));
#7609 = PCURVE('',#3299,#7610);
#7610 = DEFINITIONAL_REPRESENTATION('',(#7611),#7615);
#7611 = LINE('',#7612,#7613);
#7612 = CARTESIAN_POINT('',(-0.437796355678,-1.813689657675));
#7613 = VECTOR('',#7614,1.);
#7614 = DIRECTION('',(1.,0.));
#7615 = ( GEOMETRIC_REPRESENTATION_CONTEXT(2) 
PARAMETRIC_REPRESENTATION_CONTEXT() REPRESENTATION_CONTEXT('2D SPACE',''
  ) );
#7616 = PCURVE('',#7353,#7617);
#7617 = DEFINITIONAL_REPRESENTATION('',(#7618),#7622);
#7618 = LINE('',#7619,#7620);
#7619 = CARTESIAN_POINT('',(0.,-3.15));
#7620 = VECTOR('',#7621,1.);
#7621 = DIRECTION('',(1.,0.));
#7622 = ( GEOMETRIC_REPRESENTATION_CONTEXT(2) 
PARAMETRIC_REPRESENTATION_CONTEXT() REPRESENTATION_CONTEXT('2D SPACE',''
  ) );
#7623 = ORIENTED_EDGE('',*,*,#7624,.T.);
#7624 = EDGE_CURVE('',#7602,#7625,#7627,.T.);
#7625 = VERTEX_POINT('',#7626);
#7626 = CARTESIAN_POINT('',(30.2,9.075,7.925));
#7627 = SURFACE_CURVE('',#7628,(#7632,#7639),.PCURVE_S1.);
#7628 = LINE('',#7629,#7630);
#7629 = CARTESIAN_POINT('',(30.2,9.075,7.7));
#7630 = VECTOR('',#7631,1.);
#7631 = DIRECTION('',(0.,0.,1.));
#7632 = PCURVE('',#3299,#7633);
#7633 = DEFINITIONAL_REPRESENTATION('',(#7634),#7638);
#7634 = LINE('',#7635,#7636);
#7635 = CARTESIAN_POINT('',(0.362203644322,-1.813689657675));
#7636 = VECTOR('',#7637,1.);
#7637 = DIRECTION('',(0.,1.));
#7638 = ( GEOMETRIC_REPRESENTATION_CONTEXT(2) 
PARAMETRIC_REPRESENTATION_CONTEXT() REPRESENTATION_CONTEXT('2D SPACE',''
  ) );
#7639 = PCURVE('',#7325,#7640);
#7640 = DEFINITIONAL_REPRESENTATION('',(#7641),#7645);
#7641 = LINE('',#7642,#7643);
#7642 = CARTESIAN_POINT('',(0.,-3.15));
#7643 = VECTOR('',#7644,1.);
#7644 = DIRECTION('',(1.,0.));
#7645 = ( GEOMETRIC_REPRESENTATION_CONTEXT(2) 
PARAMETRIC_REPRESENTATION_CONTEXT() REPRESENTATION_CONTEXT('2D SPACE',''
  ) );
#7646 = ORIENTED_EDGE('',*,*,#7647,.T.);
#7647 = EDGE_CURVE('',#7625,#7648,#7650,.T.);
#7648 = VERTEX_POINT('',#7649);
#7649 = CARTESIAN_POINT('',(30.2,7.7,9.3));
#7650 = SURFACE_CURVE('',#7651,(#7655,#7662),.PCURVE_S1.);
#7651 = LINE('',#7652,#7653);
#7652 = CARTESIAN_POINT('',(30.2,11.15,5.85));
#7653 = VECTOR('',#7654,1.);
#7654 = DIRECTION('',(0.,-0.707106781187,0.707106781187));
#7655 = PCURVE('',#3299,#7656);
#7656 = DEFINITIONAL_REPRESENTATION('',(#7657),#7661);
#7657 = LINE('',#7658,#7659);
#7658 = CARTESIAN_POINT('',(-1.712796355678,-3.663689657675));
#7659 = VECTOR('',#7660,1.);
#7660 = DIRECTION('',(0.707106781187,0.707106781187));
#7661 = ( GEOMETRIC_REPRESENTATION_CONTEXT(2) 
PARAMETRIC_REPRESENTATION_CONTEXT() REPRESENTATION_CONTEXT('2D SPACE',''
  ) );
#7662 = PCURVE('',#7297,#7663);
#7663 = DEFINITIONAL_REPRESENTATION('',(#7664),#7668);
#7664 = LINE('',#7665,#7666);
#7665 = CARTESIAN_POINT('',(0.,-3.15));
#7666 = VECTOR('',#7667,1.);
#7667 = DIRECTION('',(1.,0.));
#7668 = ( GEOMETRIC_REPRESENTATION_CONTEXT(2) 
PARAMETRIC_REPRESENTATION_CONTEXT() REPRESENTATION_CONTEXT('2D SPACE',''
  ) );
#7669 = ORIENTED_EDGE('',*,*,#7670,.T.);
#7670 = EDGE_CURVE('',#7648,#7671,#7673,.T.);
#7671 = VERTEX_POINT('',#7672);
#7672 = CARTESIAN_POINT('',(30.2,9.075,9.3));
#7673 = SURFACE_CURVE('',#7674,(#7678,#7685),.PCURVE_S1.);
#7674 = LINE('',#7675,#7676);
#7675 = CARTESIAN_POINT('',(30.2,7.7,9.3));
#7676 = VECTOR('',#7677,1.);
#7677 = DIRECTION('',(0.,1.,0.));
#7678 = PCURVE('',#3299,#7679);
#7679 = DEFINITIONAL_REPRESENTATION('',(#7680),#7684);
#7680 = LINE('',#7681,#7682);
#7681 = CARTESIAN_POINT('',(1.737203644322,-0.213689657675));
#7682 = VECTOR('',#7683,1.);
#7683 = DIRECTION('',(-1.,0.));
#7684 = ( GEOMETRIC_REPRESENTATION_CONTEXT(2) 
PARAMETRIC_REPRESENTATION_CONTEXT() REPRESENTATION_CONTEXT('2D SPACE',''
  ) );
#7685 = PCURVE('',#7686,#7691);
#7686 = PLANE('',#7687);
#7687 = AXIS2_PLACEMENT_3D('',#7688,#7689,#7690);
#7688 = CARTESIAN_POINT('',(27.05,7.7,9.3));
#7689 = DIRECTION('',(0.,0.,1.));
#7690 = DIRECTION('',(0.,1.,0.));
#7691 = DEFINITIONAL_REPRESENTATION('',(#7692),#7696);
#7692 = LINE('',#7693,#7694);
#7693 = CARTESIAN_POINT('',(0.,-3.15));
#7694 = VECTOR('',#7695,1.);
#7695 = DIRECTION('',(1.,0.));
#7696 = ( GEOMETRIC_REPRESENTATION_CONTEXT(2) 
PARAMETRIC_REPRESENTATION_CONTEXT() REPRESENTATION_CONTEXT('2D SPACE',''
  ) );
#7697 = ORIENTED_EDGE('',*,*,#7698,.T.);
#7698 = EDGE_CURVE('',#7671,#7699,#7701,.T.);
#7699 = VERTEX_POINT('',#7700);
#7700 = CARTESIAN_POINT('',(30.2,9.075,10.65));
#7701 = SURFACE_CURVE('',#7702,(#7706,#7713),.PCURVE_S1.);
#7702 = LINE('',#7703,#7704);
#7703 = CARTESIAN_POINT('',(30.2,9.075,7.7));
#7704 = VECTOR('',#7705,1.);
#7705 = DIRECTION('',(0.,0.,1.));
#7706 = PCURVE('',#3299,#7707);
#7707 = DEFINITIONAL_REPRESENTATION('',(#7708),#7712);
#7708 = LINE('',#7709,#7710);
#7709 = CARTESIAN_POINT('',(0.362203644322,-1.813689657675));
#7710 = VECTOR('',#7711,1.);
#7711 = DIRECTION('',(0.,1.));
#7712 = ( GEOMETRIC_REPRESENTATION_CONTEXT(2) 
PARAMETRIC_REPRESENTATION_CONTEXT() REPRESENTATION_CONTEXT('2D SPACE',''
  ) );
#7713 = PCURVE('',#7563,#7714);
#7714 = DEFINITIONAL_REPRESENTATION('',(#7715),#7719);
#7715 = LINE('',#7716,#7717);
#7716 = CARTESIAN_POINT('',(0.,-3.15));
#7717 = VECTOR('',#7718,1.);
#7718 = DIRECTION('',(1.,0.));
#7719 = ( GEOMETRIC_REPRESENTATION_CONTEXT(2) 
PARAMETRIC_REPRESENTATION_CONTEXT() REPRESENTATION_CONTEXT('2D SPACE',''
  ) );
#7720 = ORIENTED_EDGE('',*,*,#7721,.T.);
#7721 = EDGE_CURVE('',#7699,#7722,#7724,.T.);
#7722 = VERTEX_POINT('',#7723);
#7723 = CARTESIAN_POINT('',(30.2,8.65,10.65));
#7724 = SURFACE_CURVE('',#7725,(#7729,#7736),.PCURVE_S1.);
#7725 = LINE('',#7726,#7727);
#7726 = CARTESIAN_POINT('',(30.2,9.075,10.65));
#7727 = VECTOR('',#7728,1.);
#7728 = DIRECTION('',(0.,-1.,0.));
#7729 = PCURVE('',#3299,#7730);
#7730 = DEFINITIONAL_REPRESENTATION('',(#7731),#7735);
#7731 = LINE('',#7732,#7733);
#7732 = CARTESIAN_POINT('',(0.362203644322,1.136310342325));
#7733 = VECTOR('',#7734,1.);
#7734 = DIRECTION('',(1.,0.));
#7735 = ( GEOMETRIC_REPRESENTATION_CONTEXT(2) 
PARAMETRIC_REPRESENTATION_CONTEXT() REPRESENTATION_CONTEXT('2D SPACE',''
  ) );
#7736 = PCURVE('',#7537,#7737);
#7737 = DEFINITIONAL_REPRESENTATION('',(#7738),#7742);
#7738 = LINE('',#7739,#7740);
#7739 = CARTESIAN_POINT('',(0.,-3.15));
#7740 = VECTOR('',#7741,1.);
#7741 = DIRECTION('',(1.,0.));
#7742 = ( GEOMETRIC_REPRESENTATION_CONTEXT(2) 
PARAMETRIC_REPRESENTATION_CONTEXT() REPRESENTATION_CONTEXT('2D SPACE',''
  ) );
#7743 = ORIENTED_EDGE('',*,*,#7744,.T.);
#7744 = EDGE_CURVE('',#7722,#7745,#7747,.T.);
#7745 = VERTEX_POINT('',#7746);
#7746 = CARTESIAN_POINT('',(30.2,9.575,11.25));
#7747 = SURFACE_CURVE('',#7748,(#7752,#7759),.PCURVE_S1.);
#7748 = LINE('',#7749,#7750);
#7749 = CARTESIAN_POINT('',(30.2,8.65,10.65));
#7750 = VECTOR('',#7751,1.);
#7751 = DIRECTION('',(0.,0.838961287028,0.544191105099));
#7752 = PCURVE('',#3299,#7753);
#7753 = DEFINITIONAL_REPRESENTATION('',(#7754),#7758);
#7754 = LINE('',#7755,#7756);
#7755 = CARTESIAN_POINT('',(0.787203644322,1.136310342325));
#7756 = VECTOR('',#7757,1.);
#7757 = DIRECTION('',(-0.838961287028,0.544191105099));
#7758 = ( GEOMETRIC_REPRESENTATION_CONTEXT(2) 
PARAMETRIC_REPRESENTATION_CONTEXT() REPRESENTATION_CONTEXT('2D SPACE',''
  ) );
#7759 = PCURVE('',#7509,#7760);
#7760 = DEFINITIONAL_REPRESENTATION('',(#7761),#7765);
#7761 = LINE('',#7762,#7763);
#7762 = CARTESIAN_POINT('',(0.,-3.15));
#7763 = VECTOR('',#7764,1.);
#7764 = DIRECTION('',(1.,0.));
#7765 = ( GEOMETRIC_REPRESENTATION_CONTEXT(2) 
PARAMETRIC_REPRESENTATION_CONTEXT() REPRESENTATION_CONTEXT('2D SPACE',''
  ) );
#7766 = ORIENTED_EDGE('',*,*,#7767,.T.);
#7767 = EDGE_CURVE('',#7745,#7768,#7770,.T.);
#7768 = VERTEX_POINT('',#7769);
#7769 = CARTESIAN_POINT('',(30.2,9.875,11.25));
#7770 = SURFACE_CURVE('',#7771,(#7775,#7782),.PCURVE_S1.);
#7771 = LINE('',#7772,#7773);
#7772 = CARTESIAN_POINT('',(30.2,9.575,11.25));
#7773 = VECTOR('',#7774,1.);
#7774 = DIRECTION('',(0.,1.,0.));
#7775 = PCURVE('',#3299,#7776);
#7776 = DEFINITIONAL_REPRESENTATION('',(#7777),#7781);
#7777 = LINE('',#7778,#7779);
#7778 = CARTESIAN_POINT('',(-0.137796355678,1.736310342325));
#7779 = VECTOR('',#7780,1.);
#7780 = DIRECTION('',(-1.,0.));
#7781 = ( GEOMETRIC_REPRESENTATION_CONTEXT(2) 
PARAMETRIC_REPRESENTATION_CONTEXT() REPRESENTATION_CONTEXT('2D SPACE',''
  ) );
#7782 = PCURVE('',#7481,#7783);
#7783 = DEFINITIONAL_REPRESENTATION('',(#7784),#7788);
#7784 = LINE('',#7785,#7786);
#7785 = CARTESIAN_POINT('',(0.,-3.15));
#7786 = VECTOR('',#7787,1.);
#7787 = DIRECTION('',(1.,0.));
#7788 = ( GEOMETRIC_REPRESENTATION_CONTEXT(2) 
PARAMETRIC_REPRESENTATION_CONTEXT() REPRESENTATION_CONTEXT('2D SPACE',''
  ) );
#7789 = ORIENTED_EDGE('',*,*,#7790,.F.);
#7790 = EDGE_CURVE('',#7791,#7768,#7793,.T.);
#7791 = VERTEX_POINT('',#7792);
#7792 = CARTESIAN_POINT('',(30.2,9.875,7.7));
#7793 = SURFACE_CURVE('',#7794,(#7798,#7805),.PCURVE_S1.);
#7794 = LINE('',#7795,#7796);
#7795 = CARTESIAN_POINT('',(30.2,9.875,7.7));
#7796 = VECTOR('',#7797,1.);
#7797 = DIRECTION('',(0.,0.,1.));
#7798 = PCURVE('',#3299,#7799);
#7799 = DEFINITIONAL_REPRESENTATION('',(#7800),#7804);
#7800 = LINE('',#7801,#7802);
#7801 = CARTESIAN_POINT('',(-0.437796355678,-1.813689657675));
#7802 = VECTOR('',#7803,1.);
#7803 = DIRECTION('',(0.,1.));
#7804 = ( GEOMETRIC_REPRESENTATION_CONTEXT(2) 
PARAMETRIC_REPRESENTATION_CONTEXT() REPRESENTATION_CONTEXT('2D SPACE',''
  ) );
#7805 = PCURVE('',#7453,#7806);
#7806 = DEFINITIONAL_REPRESENTATION('',(#7807),#7811);
#7807 = LINE('',#7808,#7809);
#7808 = CARTESIAN_POINT('',(0.,3.65));
#7809 = VECTOR('',#7810,1.);
#7810 = DIRECTION('',(1.,0.));
#7811 = ( GEOMETRIC_REPRESENTATION_CONTEXT(2) 
PARAMETRIC_REPRESENTATION_CONTEXT() REPRESENTATION_CONTEXT('2D SPACE',''
  ) );
#7812 = ORIENTED_EDGE('',*,*,#7813,.T.);
#7813 = EDGE_CURVE('',#7791,#7814,#7816,.T.);
#7814 = VERTEX_POINT('',#7815);
#7815 = CARTESIAN_POINT('',(30.2,10.475,7.7));
#7816 = SURFACE_CURVE('',#7817,(#7821,#7828),.PCURVE_S1.);
#7817 = LINE('',#7818,#7819);
#7818 = CARTESIAN_POINT('',(30.2,9.902620401227,7.7));
#7819 = VECTOR('',#7820,1.);
#7820 = DIRECTION('',(0.,1.,0.));
#7821 = PCURVE('',#3299,#7822);
#7822 = DEFINITIONAL_REPRESENTATION('',(#7823),#7827);
#7823 = LINE('',#7824,#7825);
#7824 = CARTESIAN_POINT('',(-0.465416756904,-1.813689657675));
#7825 = VECTOR('',#7826,1.);
#7826 = DIRECTION('',(-1.,0.));
#7827 = ( GEOMETRIC_REPRESENTATION_CONTEXT(2) 
PARAMETRIC_REPRESENTATION_CONTEXT() REPRESENTATION_CONTEXT('2D SPACE',''
  ) );
#7828 = PCURVE('',#7426,#7829);
#7829 = DEFINITIONAL_REPRESENTATION('',(#7830),#7833);
#7830 = B_SPLINE_CURVE_WITH_KNOTS('',1,(#7831,#7832),.UNSPECIFIED.,.F.,
  .F.,(2,2),(-2.76204012266E-02,0.572379598773),
  .PIECEWISE_BEZIER_KNOTS.);
#7831 = CARTESIAN_POINT('',(3.65,0.));
#7832 = CARTESIAN_POINT('',(3.65,0.6));
#7833 = ( GEOMETRIC_REPRESENTATION_CONTEXT(2) 
PARAMETRIC_REPRESENTATION_CONTEXT() REPRESENTATION_CONTEXT('2D SPACE',''
  ) );
#7834 = ORIENTED_EDGE('',*,*,#7835,.F.);
#7835 = EDGE_CURVE('',#7145,#7814,#7836,.T.);
#7836 = SURFACE_CURVE('',#7837,(#7841,#7848),.PCURVE_S1.);
#7837 = LINE('',#7838,#7839);
#7838 = CARTESIAN_POINT('',(30.2,10.475,7.890120401227));
#7839 = VECTOR('',#7840,1.);
#7840 = DIRECTION('',(0.,0.,-1.));
#7841 = PCURVE('',#3299,#7842);
#7842 = DEFINITIONAL_REPRESENTATION('',(#7843),#7847);
#7843 = LINE('',#7844,#7845);
#7844 = CARTESIAN_POINT('',(-1.037796355678,-1.623569256448));
#7845 = VECTOR('',#7846,1.);
#7846 = DIRECTION('',(0.,-1.));
#7847 = ( GEOMETRIC_REPRESENTATION_CONTEXT(2) 
PARAMETRIC_REPRESENTATION_CONTEXT() REPRESENTATION_CONTEXT('2D SPACE',''
  ) );
#7848 = PCURVE('',#7159,#7849);
#7849 = DEFINITIONAL_REPRESENTATION('',(#7850),#7853);
#7850 = B_SPLINE_CURVE_WITH_KNOTS('',1,(#7851,#7852),.UNSPECIFIED.,.F.,
  .F.,(2,2),(-1.409879598773,0.190120401227),.PIECEWISE_BEZIER_KNOTS.);
#7851 = CARTESIAN_POINT('',(1.6,3.65));
#7852 = CARTESIAN_POINT('',(0.,3.65));
#7853 = ( GEOMETRIC_REPRESENTATION_CONTEXT(2) 
PARAMETRIC_REPRESENTATION_CONTEXT() REPRESENTATION_CONTEXT('2D SPACE',''
  ) );
#7854 = ORIENTED_EDGE('',*,*,#7170,.T.);
#7855 = ORIENTED_EDGE('',*,*,#3286,.F.);
#7856 = ADVANCED_FACE('',(#7857),#3275,.T.);
#7857 = FACE_BOUND('',#7858,.T.);
#7858 = EDGE_LOOP('',(#7859,#7860,#7861,#7862));
#7859 = ORIENTED_EDGE('',*,*,#7365,.F.);
#7860 = ORIENTED_EDGE('',*,*,#3260,.F.);
#7861 = ORIENTED_EDGE('',*,*,#7578,.T.);
#7862 = ORIENTED_EDGE('',*,*,#7863,.F.);
#7863 = EDGE_CURVE('',#7338,#7579,#7864,.T.);
#7864 = SURFACE_CURVE('',#7865,(#7869,#7875),.PCURVE_S1.);
#7865 = LINE('',#7866,#7867);
#7866 = CARTESIAN_POINT('',(27.05,9.3,7.7));
#7867 = VECTOR('',#7868,1.);
#7868 = DIRECTION('',(1.,0.,0.));
#7869 = PCURVE('',#3275,#7870);
#7870 = DEFINITIONAL_REPRESENTATION('',(#7871),#7874);
#7871 = B_SPLINE_CURVE_WITH_KNOTS('',1,(#7872,#7873),.UNSPECIFIED.,.F.,
  .F.,(2,2),(0.,3.15),.PIECEWISE_BEZIER_KNOTS.);
#7872 = CARTESIAN_POINT('',(2.61629509039,0.));
#7873 = CARTESIAN_POINT('',(2.61629509039,-3.15));
#7874 = ( GEOMETRIC_REPRESENTATION_CONTEXT(2) 
PARAMETRIC_REPRESENTATION_CONTEXT() REPRESENTATION_CONTEXT('2D SPACE',''
  ) );
#7875 = PCURVE('',#7353,#7876);
#7876 = DEFINITIONAL_REPRESENTATION('',(#7877),#7880);
#7877 = B_SPLINE_CURVE_WITH_KNOTS('',1,(#7878,#7879),.UNSPECIFIED.,.F.,
  .F.,(2,2),(0.,3.15),.PIECEWISE_BEZIER_KNOTS.);
#7878 = CARTESIAN_POINT('',(0.575,0.));
#7879 = CARTESIAN_POINT('',(0.575,-3.15));
#7880 = ( GEOMETRIC_REPRESENTATION_CONTEXT(2) 
PARAMETRIC_REPRESENTATION_CONTEXT() REPRESENTATION_CONTEXT('2D SPACE',''
  ) );
#7881 = ADVANCED_FACE('',(#7882),#4277,.F.);
#7882 = FACE_BOUND('',#7883,.F.);
#7883 = EDGE_LOOP('',(#7884,#7885,#7886,#7909));
#7884 = ORIENTED_EDGE('',*,*,#4263,.F.);
#7885 = ORIENTED_EDGE('',*,*,#5503,.T.);
#7886 = ORIENTED_EDGE('',*,*,#7887,.T.);
#7887 = EDGE_CURVE('',#5504,#7888,#7890,.T.);
#7888 = VERTEX_POINT('',#7889);
#7889 = CARTESIAN_POINT('',(10.,-4.,1.5));
#7890 = SURFACE_CURVE('',#7891,(#7895,#7902),.PCURVE_S1.);
#7891 = LINE('',#7892,#7893);
#7892 = CARTESIAN_POINT('',(10.,-4.,0.));
#7893 = VECTOR('',#7894,1.);
#7894 = DIRECTION('',(0.,0.,1.));
#7895 = PCURVE('',#4277,#7896);
#7896 = DEFINITIONAL_REPRESENTATION('',(#7897),#7901);
#7897 = LINE('',#7898,#7899);
#7898 = CARTESIAN_POINT('',(0.,-6.65));
#7899 = VECTOR('',#7900,1.);
#7900 = DIRECTION('',(1.,0.));
#7901 = ( GEOMETRIC_REPRESENTATION_CONTEXT(2) 
PARAMETRIC_REPRESENTATION_CONTEXT() REPRESENTATION_CONTEXT('2D SPACE',''
  ) );
#7902 = PCURVE('',#5542,#7903);
#7903 = DEFINITIONAL_REPRESENTATION('',(#7904),#7908);
#7904 = LINE('',#7905,#7906);
#7905 = CARTESIAN_POINT('',(0.,0.));
#7906 = VECTOR('',#7907,1.);
#7907 = DIRECTION('',(1.,0.));
#7908 = ( GEOMETRIC_REPRESENTATION_CONTEXT(2) 
PARAMETRIC_REPRESENTATION_CONTEXT() REPRESENTATION_CONTEXT('2D SPACE',''
  ) );
#7909 = ORIENTED_EDGE('',*,*,#7910,.F.);
#7910 = EDGE_CURVE('',#4236,#7888,#7911,.T.);
#7911 = SURFACE_CURVE('',#7912,(#7916,#7923),.PCURVE_S1.);
#7912 = LINE('',#7913,#7914);
#7913 = CARTESIAN_POINT('',(10.,-10.65,1.5));
#7914 = VECTOR('',#7915,1.);
#7915 = DIRECTION('',(-0.,1.,0.));
#7916 = PCURVE('',#4277,#7917);
#7917 = DEFINITIONAL_REPRESENTATION('',(#7918),#7922);
#7918 = LINE('',#7919,#7920);
#7919 = CARTESIAN_POINT('',(1.5,0.));
#7920 = VECTOR('',#7921,1.);
#7921 = DIRECTION('',(0.,-1.));
#7922 = ( GEOMETRIC_REPRESENTATION_CONTEXT(2) 
PARAMETRIC_REPRESENTATION_CONTEXT() REPRESENTATION_CONTEXT('2D SPACE',''
  ) );
#7923 = PCURVE('',#4251,#7924);
#7924 = DEFINITIONAL_REPRESENTATION('',(#7925),#7929);
#7925 = LINE('',#7926,#7927);
#7926 = CARTESIAN_POINT('',(0.,0.));
#7927 = VECTOR('',#7928,1.);
#7928 = DIRECTION('',(0.,1.));
#7929 = ( GEOMETRIC_REPRESENTATION_CONTEXT(2) 
PARAMETRIC_REPRESENTATION_CONTEXT() REPRESENTATION_CONTEXT('2D SPACE',''
  ) );
#7930 = ADVANCED_FACE('',(#7931),#4251,.T.);
#7931 = FACE_BOUND('',#7932,.T.);
#7932 = EDGE_LOOP('',(#7933,#7934,#7935,#7958));
#7933 = ORIENTED_EDGE('',*,*,#7910,.F.);
#7934 = ORIENTED_EDGE('',*,*,#4235,.T.);
#7935 = ORIENTED_EDGE('',*,*,#7936,.T.);
#7936 = EDGE_CURVE('',#4208,#7937,#7939,.T.);
#7937 = VERTEX_POINT('',#7938);
#7938 = CARTESIAN_POINT('',(11.2,-4.,1.5));
#7939 = SURFACE_CURVE('',#7940,(#7944,#7951),.PCURVE_S1.);
#7940 = LINE('',#7941,#7942);
#7941 = CARTESIAN_POINT('',(11.2,-10.65,1.5));
#7942 = VECTOR('',#7943,1.);
#7943 = DIRECTION('',(-0.,1.,0.));
#7944 = PCURVE('',#4251,#7945);
#7945 = DEFINITIONAL_REPRESENTATION('',(#7946),#7950);
#7946 = LINE('',#7947,#7948);
#7947 = CARTESIAN_POINT('',(1.2,0.));
#7948 = VECTOR('',#7949,1.);
#7949 = DIRECTION('',(0.,1.));
#7950 = ( GEOMETRIC_REPRESENTATION_CONTEXT(2) 
PARAMETRIC_REPRESENTATION_CONTEXT() REPRESENTATION_CONTEXT('2D SPACE',''
  ) );
#7951 = PCURVE('',#4223,#7952);
#7952 = DEFINITIONAL_REPRESENTATION('',(#7953),#7957);
#7953 = LINE('',#7954,#7955);
#7954 = CARTESIAN_POINT('',(1.5,0.));
#7955 = VECTOR('',#7956,1.);
#7956 = DIRECTION('',(0.,-1.));
#7957 = ( GEOMETRIC_REPRESENTATION_CONTEXT(2) 
PARAMETRIC_REPRESENTATION_CONTEXT() REPRESENTATION_CONTEXT('2D SPACE',''
  ) );
#7958 = ORIENTED_EDGE('',*,*,#7959,.F.);
#7959 = EDGE_CURVE('',#7888,#7937,#7960,.T.);
#7960 = SURFACE_CURVE('',#7961,(#7965,#7972),.PCURVE_S1.);
#7961 = LINE('',#7962,#7963);
#7962 = CARTESIAN_POINT('',(10.,-4.,1.5));
#7963 = VECTOR('',#7964,1.);
#7964 = DIRECTION('',(1.,0.,-0.));
#7965 = PCURVE('',#4251,#7966);
#7966 = DEFINITIONAL_REPRESENTATION('',(#7967),#7971);
#7967 = LINE('',#7968,#7969);
#7968 = CARTESIAN_POINT('',(0.,6.65));
#7969 = VECTOR('',#7970,1.);
#7970 = DIRECTION('',(1.,0.));
#7971 = ( GEOMETRIC_REPRESENTATION_CONTEXT(2) 
PARAMETRIC_REPRESENTATION_CONTEXT() REPRESENTATION_CONTEXT('2D SPACE',''
  ) );
#7972 = PCURVE('',#5542,#7973);
#7973 = DEFINITIONAL_REPRESENTATION('',(#7974),#7978);
#7974 = LINE('',#7975,#7976);
#7975 = CARTESIAN_POINT('',(1.5,0.));
#7976 = VECTOR('',#7977,1.);
#7977 = DIRECTION('',(0.,1.));
#7978 = ( GEOMETRIC_REPRESENTATION_CONTEXT(2) 
PARAMETRIC_REPRESENTATION_CONTEXT() REPRESENTATION_CONTEXT('2D SPACE',''
  ) );
#7979 = ADVANCED_FACE('',(#7980),#4223,.T.);
#7980 = FACE_BOUND('',#7981,.T.);
#7981 = EDGE_LOOP('',(#7982,#7983,#7984,#8005));
#7982 = ORIENTED_EDGE('',*,*,#4207,.F.);
#7983 = ORIENTED_EDGE('',*,*,#5554,.T.);
#7984 = ORIENTED_EDGE('',*,*,#7985,.T.);
#7985 = EDGE_CURVE('',#5527,#7937,#7986,.T.);
#7986 = SURFACE_CURVE('',#7987,(#7991,#7998),.PCURVE_S1.);
#7987 = LINE('',#7988,#7989);
#7988 = CARTESIAN_POINT('',(11.2,-4.,0.));
#7989 = VECTOR('',#7990,1.);
#7990 = DIRECTION('',(0.,0.,1.));
#7991 = PCURVE('',#4223,#7992);
#7992 = DEFINITIONAL_REPRESENTATION('',(#7993),#7997);
#7993 = LINE('',#7994,#7995);
#7994 = CARTESIAN_POINT('',(0.,-6.65));
#7995 = VECTOR('',#7996,1.);
#7996 = DIRECTION('',(1.,0.));
#7997 = ( GEOMETRIC_REPRESENTATION_CONTEXT(2) 
PARAMETRIC_REPRESENTATION_CONTEXT() REPRESENTATION_CONTEXT('2D SPACE',''
  ) );
#7998 = PCURVE('',#5542,#7999);
#7999 = DEFINITIONAL_REPRESENTATION('',(#8000),#8004);
#8000 = LINE('',#8001,#8002);
#8001 = CARTESIAN_POINT('',(0.,1.2));
#8002 = VECTOR('',#8003,1.);
#8003 = DIRECTION('',(1.,0.));
#8004 = ( GEOMETRIC_REPRESENTATION_CONTEXT(2) 
PARAMETRIC_REPRESENTATION_CONTEXT() REPRESENTATION_CONTEXT('2D SPACE',''
  ) );
#8005 = ORIENTED_EDGE('',*,*,#7936,.F.);
#8006 = ADVANCED_FACE('',(#8007),#4129,.F.);
#8007 = FACE_BOUND('',#8008,.F.);
#8008 = EDGE_LOOP('',(#8009,#8010,#8011,#8012,#8013,#8014,#8015,#8016,
    #8017,#8018,#8041,#8063,#8085,#8106));
#8009 = ORIENTED_EDGE('',*,*,#6578,.T.);
#8010 = ORIENTED_EDGE('',*,*,#6531,.T.);
#8011 = ORIENTED_EDGE('',*,*,#6482,.T.);
#8012 = ORIENTED_EDGE('',*,*,#6435,.T.);
#8013 = ORIENTED_EDGE('',*,*,#6386,.T.);
#8014 = ORIENTED_EDGE('',*,*,#6339,.T.);
#8015 = ORIENTED_EDGE('',*,*,#6315,.T.);
#8016 = ORIENTED_EDGE('',*,*,#6266,.T.);
#8017 = ORIENTED_EDGE('',*,*,#6169,.T.);
#8018 = ORIENTED_EDGE('',*,*,#8019,.F.);
#8019 = EDGE_CURVE('',#8020,#6172,#8022,.T.);
#8020 = VERTEX_POINT('',#8021);
#8021 = CARTESIAN_POINT('',(47.2,-9.875,7.7));
#8022 = SURFACE_CURVE('',#8023,(#8027,#8034),.PCURVE_S1.);
#8023 = LINE('',#8024,#8025);
#8024 = CARTESIAN_POINT('',(47.2,-9.875,7.7));
#8025 = VECTOR('',#8026,1.);
#8026 = DIRECTION('',(0.,5.003822082818E-16,1.));
#8027 = PCURVE('',#4129,#8028);
#8028 = DEFINITIONAL_REPRESENTATION('',(#8029),#8033);
#8029 = LINE('',#8030,#8031);
#8030 = CARTESIAN_POINT('',(-0.437796355678,-1.813689657675));
#8031 = VECTOR('',#8032,1.);
#8032 = DIRECTION('',(5.003822082818E-16,1.));
#8033 = ( GEOMETRIC_REPRESENTATION_CONTEXT(2) 
PARAMETRIC_REPRESENTATION_CONTEXT() REPRESENTATION_CONTEXT('2D SPACE',''
  ) );
#8034 = PCURVE('',#4714,#8035);
#8035 = DEFINITIONAL_REPRESENTATION('',(#8036),#8040);
#8036 = LINE('',#8037,#8038);
#8037 = CARTESIAN_POINT('',(0.,0.5));
#8038 = VECTOR('',#8039,1.);
#8039 = DIRECTION('',(1.,0.));
#8040 = ( GEOMETRIC_REPRESENTATION_CONTEXT(2) 
PARAMETRIC_REPRESENTATION_CONTEXT() REPRESENTATION_CONTEXT('2D SPACE',''
  ) );
#8041 = ORIENTED_EDGE('',*,*,#8042,.T.);
#8042 = EDGE_CURVE('',#8020,#8043,#8045,.T.);
#8043 = VERTEX_POINT('',#8044);
#8044 = CARTESIAN_POINT('',(47.2,-10.475,7.7));
#8045 = SURFACE_CURVE('',#8046,(#8050,#8057),.PCURVE_S1.);
#8046 = LINE('',#8047,#8048);
#8047 = CARTESIAN_POINT('',(47.2,-10.20262040122,7.7));
#8048 = VECTOR('',#8049,1.);
#8049 = DIRECTION('',(0.,-1.,0.));
#8050 = PCURVE('',#4129,#8051);
#8051 = DEFINITIONAL_REPRESENTATION('',(#8052),#8056);
#8052 = LINE('',#8053,#8054);
#8053 = CARTESIAN_POINT('',(-0.765416756904,-1.813689657675));
#8054 = VECTOR('',#8055,1.);
#8055 = DIRECTION('',(-1.,0.));
#8056 = ( GEOMETRIC_REPRESENTATION_CONTEXT(2) 
PARAMETRIC_REPRESENTATION_CONTEXT() REPRESENTATION_CONTEXT('2D SPACE',''
  ) );
#8057 = PCURVE('',#4742,#8058);
#8058 = DEFINITIONAL_REPRESENTATION('',(#8059),#8062);
#8059 = B_SPLINE_CURVE_WITH_KNOTS('',1,(#8060,#8061),.UNSPECIFIED.,.F.,
  .F.,(2,2),(-0.327620401227,0.272379598773),.PIECEWISE_BEZIER_KNOTS.);
#8060 = CARTESIAN_POINT('',(0.5,0.6));
#8061 = CARTESIAN_POINT('',(0.5,0.));
#8062 = ( GEOMETRIC_REPRESENTATION_CONTEXT(2) 
PARAMETRIC_REPRESENTATION_CONTEXT() REPRESENTATION_CONTEXT('2D SPACE',''
  ) );
#8063 = ORIENTED_EDGE('',*,*,#8064,.T.);
#8064 = EDGE_CURVE('',#8043,#8065,#8067,.T.);
#8065 = VERTEX_POINT('',#8066);
#8066 = CARTESIAN_POINT('',(47.2,-10.475,9.3));
#8067 = SURFACE_CURVE('',#8068,(#8072,#8079),.PCURVE_S1.);
#8068 = LINE('',#8069,#8070);
#8069 = CARTESIAN_POINT('',(47.2,-10.475,7.890120401227));
#8070 = VECTOR('',#8071,1.);
#8071 = DIRECTION('',(0.,0.,1.));
#8072 = PCURVE('',#4129,#8073);
#8073 = DEFINITIONAL_REPRESENTATION('',(#8074),#8078);
#8074 = LINE('',#8075,#8076);
#8075 = CARTESIAN_POINT('',(-1.037796355678,-1.623569256448));
#8076 = VECTOR('',#8077,1.);
#8077 = DIRECTION('',(0.,1.));
#8078 = ( GEOMETRIC_REPRESENTATION_CONTEXT(2) 
PARAMETRIC_REPRESENTATION_CONTEXT() REPRESENTATION_CONTEXT('2D SPACE',''
  ) );
#8079 = PCURVE('',#4771,#8080);
#8080 = DEFINITIONAL_REPRESENTATION('',(#8081),#8084);
#8081 = B_SPLINE_CURVE_WITH_KNOTS('',1,(#8082,#8083),.UNSPECIFIED.,.F.,
  .F.,(2,2),(-0.190120401227,1.409879598773),.PIECEWISE_BEZIER_KNOTS.);
#8082 = CARTESIAN_POINT('',(0.,0.5));
#8083 = CARTESIAN_POINT('',(1.6,0.5));
#8084 = ( GEOMETRIC_REPRESENTATION_CONTEXT(2) 
PARAMETRIC_REPRESENTATION_CONTEXT() REPRESENTATION_CONTEXT('2D SPACE',''
  ) );
#8085 = ORIENTED_EDGE('',*,*,#8086,.T.);
#8086 = EDGE_CURVE('',#8065,#4089,#8087,.T.);
#8087 = SURFACE_CURVE('',#8088,(#8092,#8099),.PCURVE_S1.);
#8088 = LINE('',#8089,#8090);
#8089 = CARTESIAN_POINT('',(47.2,-7.7,9.3));
#8090 = VECTOR('',#8091,1.);
#8091 = DIRECTION('',(0.,-1.,0.));
#8092 = PCURVE('',#4129,#8093);
#8093 = DEFINITIONAL_REPRESENTATION('',(#8094),#8098);
#8094 = LINE('',#8095,#8096);
#8095 = CARTESIAN_POINT('',(1.737203644322,-0.213689657675));
#8096 = VECTOR('',#8097,1.);
#8097 = DIRECTION('',(-1.,0.));
#8098 = ( GEOMETRIC_REPRESENTATION_CONTEXT(2) 
PARAMETRIC_REPRESENTATION_CONTEXT() REPRESENTATION_CONTEXT('2D SPACE',''
  ) );
#8099 = PCURVE('',#4103,#8100);
#8100 = DEFINITIONAL_REPRESENTATION('',(#8101),#8105);
#8101 = LINE('',#8102,#8103);
#8102 = CARTESIAN_POINT('',(0.,-0.));
#8103 = VECTOR('',#8104,1.);
#8104 = DIRECTION('',(1.,0.));
#8105 = ( GEOMETRIC_REPRESENTATION_CONTEXT(2) 
PARAMETRIC_REPRESENTATION_CONTEXT() REPRESENTATION_CONTEXT('2D SPACE',''
  ) );
#8106 = ORIENTED_EDGE('',*,*,#4114,.T.);
#8107 = ADVANCED_FACE('',(#8108),#4103,.F.);
#8108 = FACE_BOUND('',#8109,.F.);
#8109 = EDGE_LOOP('',(#8110,#8111,#8130,#8131));
#8110 = ORIENTED_EDGE('',*,*,#8086,.F.);
#8111 = ORIENTED_EDGE('',*,*,#8112,.T.);
#8112 = EDGE_CURVE('',#8065,#4649,#8113,.T.);
#8113 = SURFACE_CURVE('',#8114,(#8118,#8124),.PCURVE_S1.);
#8114 = LINE('',#8115,#8116);
#8115 = CARTESIAN_POINT('',(46.95,-10.475,9.3));
#8116 = VECTOR('',#8117,1.);
#8117 = DIRECTION('',(1.,0.,0.));
#8118 = PCURVE('',#4103,#8119);
#8119 = DEFINITIONAL_REPRESENTATION('',(#8120),#8123);
#8120 = B_SPLINE_CURVE_WITH_KNOTS('',1,(#8121,#8122),.UNSPECIFIED.,.F.,
  .F.,(2,2),(0.25,2.25),.PIECEWISE_BEZIER_KNOTS.);
#8121 = CARTESIAN_POINT('',(2.775,0.));
#8122 = CARTESIAN_POINT('',(2.775,-2.));
#8123 = ( GEOMETRIC_REPRESENTATION_CONTEXT(2) 
PARAMETRIC_REPRESENTATION_CONTEXT() REPRESENTATION_CONTEXT('2D SPACE',''
  ) );
#8124 = PCURVE('',#4771,#8125);
#8125 = DEFINITIONAL_REPRESENTATION('',(#8126),#8129);
#8126 = B_SPLINE_CURVE_WITH_KNOTS('',1,(#8127,#8128),.UNSPECIFIED.,.F.,
  .F.,(2,2),(0.25,2.25),.PIECEWISE_BEZIER_KNOTS.);
#8127 = CARTESIAN_POINT('',(1.6,0.5));
#8128 = CARTESIAN_POINT('',(1.6,2.5));
#8129 = ( GEOMETRIC_REPRESENTATION_CONTEXT(2) 
PARAMETRIC_REPRESENTATION_CONTEXT() REPRESENTATION_CONTEXT('2D SPACE',''
  ) );
#8130 = ORIENTED_EDGE('',*,*,#4648,.T.);
#8131 = ORIENTED_EDGE('',*,*,#4088,.T.);
#8132 = ADVANCED_FACE('',(#8133),#4034,.F.);
#8133 = FACE_BOUND('',#8134,.F.);
#8134 = EDGE_LOOP('',(#8135,#8157,#8158));
#8135 = ORIENTED_EDGE('',*,*,#8136,.F.);
#8136 = EDGE_CURVE('',#3964,#4574,#8137,.T.);
#8137 = SURFACE_CURVE('',#8138,(#8143,#8150),.PCURVE_S1.);
#8138 = CIRCLE('',#8139,2.6);
#8139 = AXIS2_PLACEMENT_3D('',#8140,#8141,#8142);
#8140 = CARTESIAN_POINT('',(22.85,-10.05,8.9));
#8141 = DIRECTION('',(0.,0.,1.));
#8142 = DIRECTION('',(1.,0.,0.));
#8143 = PCURVE('',#4034,#8144);
#8144 = DEFINITIONAL_REPRESENTATION('',(#8145),#8149);
#8145 = CIRCLE('',#8146,2.6);
#8146 = AXIS2_PLACEMENT_2D('',#8147,#8148);
#8147 = CARTESIAN_POINT('',(0.,0.));
#8148 = DIRECTION('',(1.,0.));
#8149 = ( GEOMETRIC_REPRESENTATION_CONTEXT(2) 
PARAMETRIC_REPRESENTATION_CONTEXT() REPRESENTATION_CONTEXT('2D SPACE',''
  ) );
#8150 = PCURVE('',#3980,#8151);
#8151 = DEFINITIONAL_REPRESENTATION('',(#8152),#8156);
#8152 = LINE('',#8153,#8154);
#8153 = CARTESIAN_POINT('',(0.,2.6));
#8154 = VECTOR('',#8155,1.);
#8155 = DIRECTION('',(1.,0.));
#8156 = ( GEOMETRIC_REPRESENTATION_CONTEXT(2) 
PARAMETRIC_REPRESENTATION_CONTEXT() REPRESENTATION_CONTEXT('2D SPACE',''
  ) );
#8157 = ORIENTED_EDGE('',*,*,#4019,.T.);
#8158 = ORIENTED_EDGE('',*,*,#4623,.T.);
#8159 = ADVANCED_FACE('',(#8160),#3980,.T.);
#8160 = FACE_BOUND('',#8161,.T.);
#8161 = EDGE_LOOP('',(#8162,#8185,#8186,#8187,#8209,#8210));
#8162 = ORIENTED_EDGE('',*,*,#8163,.T.);
#8163 = EDGE_CURVE('',#8164,#4574,#8166,.T.);
#8164 = VERTEX_POINT('',#8165);
#8165 = CARTESIAN_POINT('',(22.85,-10.05,6.3));
#8166 = SEAM_CURVE('',#8167,(#8171,#8178),.PCURVE_S1.);
#8167 = LINE('',#8168,#8169);
#8168 = CARTESIAN_POINT('',(22.85,-10.05,6.3));
#8169 = VECTOR('',#8170,1.);
#8170 = DIRECTION('',(0.707106781187,-1.731912112471E-16,0.707106781187)
  );
#8171 = PCURVE('',#3980,#8172);
#8172 = DEFINITIONAL_REPRESENTATION('',(#8173),#8177);
#8173 = LINE('',#8174,#8175);
#8174 = CARTESIAN_POINT('',(0.,-0.));
#8175 = VECTOR('',#8176,1.);
#8176 = DIRECTION('',(0.,1.));
#8177 = ( GEOMETRIC_REPRESENTATION_CONTEXT(2) 
PARAMETRIC_REPRESENTATION_CONTEXT() REPRESENTATION_CONTEXT('2D SPACE',''
  ) );
#8178 = PCURVE('',#3980,#8179);
#8179 = DEFINITIONAL_REPRESENTATION('',(#8180),#8184);
#8180 = LINE('',#8181,#8182);
#8181 = CARTESIAN_POINT('',(6.28318530718,-0.));
#8182 = VECTOR('',#8183,1.);
#8183 = DIRECTION('',(0.,1.));
#8184 = ( GEOMETRIC_REPRESENTATION_CONTEXT(2) 
PARAMETRIC_REPRESENTATION_CONTEXT() REPRESENTATION_CONTEXT('2D SPACE',''
  ) );
#8185 = ORIENTED_EDGE('',*,*,#8136,.F.);
#8186 = ORIENTED_EDGE('',*,*,#3963,.F.);
#8187 = ORIENTED_EDGE('',*,*,#8188,.F.);
#8188 = EDGE_CURVE('',#4526,#3938,#8189,.T.);
#8189 = SURFACE_CURVE('',#8190,(#8195,#8202),.PCURVE_S1.);
#8190 = CIRCLE('',#8191,2.6);
#8191 = AXIS2_PLACEMENT_3D('',#8192,#8193,#8194);
#8192 = CARTESIAN_POINT('',(22.85,-10.05,8.9));
#8193 = DIRECTION('',(0.,0.,1.));
#8194 = DIRECTION('',(1.,0.,0.));
#8195 = PCURVE('',#3980,#8196);
#8196 = DEFINITIONAL_REPRESENTATION('',(#8197),#8201);
#8197 = LINE('',#8198,#8199);
#8198 = CARTESIAN_POINT('',(0.,2.6));
#8199 = VECTOR('',#8200,1.);
#8200 = DIRECTION('',(1.,0.));
#8201 = ( GEOMETRIC_REPRESENTATION_CONTEXT(2) 
PARAMETRIC_REPRESENTATION_CONTEXT() REPRESENTATION_CONTEXT('2D SPACE',''
  ) );
#8202 = PCURVE('',#3952,#8203);
#8203 = DEFINITIONAL_REPRESENTATION('',(#8204),#8208);
#8204 = CIRCLE('',#8205,2.6);
#8205 = AXIS2_PLACEMENT_2D('',#8206,#8207);
#8206 = CARTESIAN_POINT('',(0.,0.));
#8207 = DIRECTION('',(1.,0.));
#8208 = ( GEOMETRIC_REPRESENTATION_CONTEXT(2) 
PARAMETRIC_REPRESENTATION_CONTEXT() REPRESENTATION_CONTEXT('2D SPACE',''
  ) );
#8209 = ORIENTED_EDGE('',*,*,#4596,.F.);
#8210 = ORIENTED_EDGE('',*,*,#8163,.F.);
#8211 = ADVANCED_FACE('',(#8212),#3952,.F.);
#8212 = FACE_BOUND('',#8213,.F.);
#8213 = EDGE_LOOP('',(#8214,#8215,#8216));
#8214 = ORIENTED_EDGE('',*,*,#8188,.F.);
#8215 = ORIENTED_EDGE('',*,*,#4525,.F.);
#8216 = ORIENTED_EDGE('',*,*,#3937,.T.);
#8217 = ADVANCED_FACE('',(#8218),#3885,.F.);
#8218 = FACE_BOUND('',#8219,.F.);
#8219 = EDGE_LOOP('',(#8220,#8242,#8243));
#8220 = ORIENTED_EDGE('',*,*,#8221,.F.);
#8221 = EDGE_CURVE('',#3815,#4449,#8222,.T.);
#8222 = SURFACE_CURVE('',#8223,(#8228,#8235),.PCURVE_S1.);
#8223 = CIRCLE('',#8224,2.6);
#8224 = AXIS2_PLACEMENT_3D('',#8225,#8226,#8227);
#8225 = CARTESIAN_POINT('',(5.,-10.05,8.9));
#8226 = DIRECTION('',(0.,0.,1.));
#8227 = DIRECTION('',(1.,0.,0.));
#8228 = PCURVE('',#3885,#8229);
#8229 = DEFINITIONAL_REPRESENTATION('',(#8230),#8234);
#8230 = CIRCLE('',#8231,2.6);
#8231 = AXIS2_PLACEMENT_2D('',#8232,#8233);
#8232 = CARTESIAN_POINT('',(0.,0.));
#8233 = DIRECTION('',(1.,0.));
#8234 = ( GEOMETRIC_REPRESENTATION_CONTEXT(2) 
PARAMETRIC_REPRESENTATION_CONTEXT() REPRESENTATION_CONTEXT('2D SPACE',''
  ) );
#8235 = PCURVE('',#3831,#8236);
#8236 = DEFINITIONAL_REPRESENTATION('',(#8237),#8241);
#8237 = LINE('',#8238,#8239);
#8238 = CARTESIAN_POINT('',(0.,2.6));
#8239 = VECTOR('',#8240,1.);
#8240 = DIRECTION('',(1.,0.));
#8241 = ( GEOMETRIC_REPRESENTATION_CONTEXT(2) 
PARAMETRIC_REPRESENTATION_CONTEXT() REPRESENTATION_CONTEXT('2D SPACE',''
  ) );
#8242 = ORIENTED_EDGE('',*,*,#3870,.T.);
#8243 = ORIENTED_EDGE('',*,*,#4498,.T.);
#8244 = ADVANCED_FACE('',(#8245),#3831,.T.);
#8245 = FACE_BOUND('',#8246,.T.);
#8246 = EDGE_LOOP('',(#8247,#8270,#8271,#8272,#8294,#8295));
#8247 = ORIENTED_EDGE('',*,*,#8248,.T.);
#8248 = EDGE_CURVE('',#8249,#4449,#8251,.T.);
#8249 = VERTEX_POINT('',#8250);
#8250 = CARTESIAN_POINT('',(5.,-10.05,6.3));
#8251 = SEAM_CURVE('',#8252,(#8256,#8263),.PCURVE_S1.);
#8252 = LINE('',#8253,#8254);
#8253 = CARTESIAN_POINT('',(5.,-10.05,6.3));
#8254 = VECTOR('',#8255,1.);
#8255 = DIRECTION('',(0.707106781187,-1.731912112471E-16,0.707106781187)
  );
#8256 = PCURVE('',#3831,#8257);
#8257 = DEFINITIONAL_REPRESENTATION('',(#8258),#8262);
#8258 = LINE('',#8259,#8260);
#8259 = CARTESIAN_POINT('',(0.,-0.));
#8260 = VECTOR('',#8261,1.);
#8261 = DIRECTION('',(0.,1.));
#8262 = ( GEOMETRIC_REPRESENTATION_CONTEXT(2) 
PARAMETRIC_REPRESENTATION_CONTEXT() REPRESENTATION_CONTEXT('2D SPACE',''
  ) );
#8263 = PCURVE('',#3831,#8264);
#8264 = DEFINITIONAL_REPRESENTATION('',(#8265),#8269);
#8265 = LINE('',#8266,#8267);
#8266 = CARTESIAN_POINT('',(6.28318530718,-0.));
#8267 = VECTOR('',#8268,1.);
#8268 = DIRECTION('',(0.,1.));
#8269 = ( GEOMETRIC_REPRESENTATION_CONTEXT(2) 
PARAMETRIC_REPRESENTATION_CONTEXT() REPRESENTATION_CONTEXT('2D SPACE',''
  ) );
#8270 = ORIENTED_EDGE('',*,*,#8221,.F.);
#8271 = ORIENTED_EDGE('',*,*,#3814,.F.);
#8272 = ORIENTED_EDGE('',*,*,#8273,.F.);
#8273 = EDGE_CURVE('',#4401,#3789,#8274,.T.);
#8274 = SURFACE_CURVE('',#8275,(#8280,#8287),.PCURVE_S1.);
#8275 = CIRCLE('',#8276,2.6);
#8276 = AXIS2_PLACEMENT_3D('',#8277,#8278,#8279);
#8277 = CARTESIAN_POINT('',(5.,-10.05,8.9));
#8278 = DIRECTION('',(0.,0.,1.));
#8279 = DIRECTION('',(1.,0.,0.));
#8280 = PCURVE('',#3831,#8281);
#8281 = DEFINITIONAL_REPRESENTATION('',(#8282),#8286);
#8282 = LINE('',#8283,#8284);
#8283 = CARTESIAN_POINT('',(0.,2.6));
#8284 = VECTOR('',#8285,1.);
#8285 = DIRECTION('',(1.,0.));
#8286 = ( GEOMETRIC_REPRESENTATION_CONTEXT(2) 
PARAMETRIC_REPRESENTATION_CONTEXT() REPRESENTATION_CONTEXT('2D SPACE',''
  ) );
#8287 = PCURVE('',#3803,#8288);
#8288 = DEFINITIONAL_REPRESENTATION('',(#8289),#8293);
#8289 = CIRCLE('',#8290,2.6);
#8290 = AXIS2_PLACEMENT_2D('',#8291,#8292);
#8291 = CARTESIAN_POINT('',(0.,0.));
#8292 = DIRECTION('',(1.,0.));
#8293 = ( GEOMETRIC_REPRESENTATION_CONTEXT(2) 
PARAMETRIC_REPRESENTATION_CONTEXT() REPRESENTATION_CONTEXT('2D SPACE',''
  ) );
#8294 = ORIENTED_EDGE('',*,*,#4471,.F.);
#8295 = ORIENTED_EDGE('',*,*,#8248,.F.);
#8296 = ADVANCED_FACE('',(#8297),#3803,.F.);
#8297 = FACE_BOUND('',#8298,.F.);
#8298 = EDGE_LOOP('',(#8299,#8300,#8301));
#8299 = ORIENTED_EDGE('',*,*,#8273,.F.);
#8300 = ORIENTED_EDGE('',*,*,#4400,.F.);
#8301 = ORIENTED_EDGE('',*,*,#3788,.T.);
#8302 = ADVANCED_FACE('',(#8303),#4308,.F.);
#8303 = FACE_BOUND('',#8304,.F.);
#8304 = EDGE_LOOP('',(#8305,#8328,#8354,#8375));
#8305 = ORIENTED_EDGE('',*,*,#8306,.F.);
#8306 = EDGE_CURVE('',#8307,#4294,#8309,.T.);
#8307 = VERTEX_POINT('',#8308);
#8308 = CARTESIAN_POINT('',(27.05,-10.475,9.3));
#8309 = SURFACE_CURVE('',#8310,(#8314,#8321),.PCURVE_S1.);
#8310 = LINE('',#8311,#8312);
#8311 = CARTESIAN_POINT('',(27.05,-7.7,9.3));
#8312 = VECTOR('',#8313,1.);
#8313 = DIRECTION('',(0.,-1.,0.));
#8314 = PCURVE('',#4308,#8315);
#8315 = DEFINITIONAL_REPRESENTATION('',(#8316),#8320);
#8316 = LINE('',#8317,#8318);
#8317 = CARTESIAN_POINT('',(0.,-0.));
#8318 = VECTOR('',#8319,1.);
#8319 = DIRECTION('',(1.,0.));
#8320 = ( GEOMETRIC_REPRESENTATION_CONTEXT(2) 
PARAMETRIC_REPRESENTATION_CONTEXT() REPRESENTATION_CONTEXT('2D SPACE',''
  ) );
#8321 = PCURVE('',#4334,#8322);
#8322 = DEFINITIONAL_REPRESENTATION('',(#8323),#8327);
#8323 = LINE('',#8324,#8325);
#8324 = CARTESIAN_POINT('',(1.737203644322,-0.213689657675));
#8325 = VECTOR('',#8326,1.);
#8326 = DIRECTION('',(-1.,0.));
#8327 = ( GEOMETRIC_REPRESENTATION_CONTEXT(2) 
PARAMETRIC_REPRESENTATION_CONTEXT() REPRESENTATION_CONTEXT('2D SPACE',''
  ) );
#8328 = ORIENTED_EDGE('',*,*,#8329,.T.);
#8329 = EDGE_CURVE('',#8307,#8330,#8332,.T.);
#8330 = VERTEX_POINT('',#8331);
#8331 = CARTESIAN_POINT('',(30.2,-10.475,9.3));
#8332 = SURFACE_CURVE('',#8333,(#8337,#8343),.PCURVE_S1.);
#8333 = LINE('',#8334,#8335);
#8334 = CARTESIAN_POINT('',(26.8,-10.475,9.3));
#8335 = VECTOR('',#8336,1.);
#8336 = DIRECTION('',(1.,0.,0.));
#8337 = PCURVE('',#4308,#8338);
#8338 = DEFINITIONAL_REPRESENTATION('',(#8339),#8342);
#8339 = B_SPLINE_CURVE_WITH_KNOTS('',1,(#8340,#8341),.UNSPECIFIED.,.F.,
  .F.,(2,2),(0.25,3.4),.PIECEWISE_BEZIER_KNOTS.);
#8340 = CARTESIAN_POINT('',(2.775,0.));
#8341 = CARTESIAN_POINT('',(2.775,-3.15));
#8342 = ( GEOMETRIC_REPRESENTATION_CONTEXT(2) 
PARAMETRIC_REPRESENTATION_CONTEXT() REPRESENTATION_CONTEXT('2D SPACE',''
  ) );
#8343 = PCURVE('',#8344,#8349);
#8344 = PLANE('',#8345);
#8345 = AXIS2_PLACEMENT_3D('',#8346,#8347,#8348);
#8346 = CARTESIAN_POINT('',(26.55,-10.475,7.7));
#8347 = DIRECTION('',(0.,1.,0.));
#8348 = DIRECTION('',(0.,0.,1.));
#8349 = DEFINITIONAL_REPRESENTATION('',(#8350),#8353);
#8350 = B_SPLINE_CURVE_WITH_KNOTS('',1,(#8351,#8352),.UNSPECIFIED.,.F.,
  .F.,(2,2),(0.25,3.4),.PIECEWISE_BEZIER_KNOTS.);
#8351 = CARTESIAN_POINT('',(1.6,0.5));
#8352 = CARTESIAN_POINT('',(1.6,3.65));
#8353 = ( GEOMETRIC_REPRESENTATION_CONTEXT(2) 
PARAMETRIC_REPRESENTATION_CONTEXT() REPRESENTATION_CONTEXT('2D SPACE',''
  ) );
#8354 = ORIENTED_EDGE('',*,*,#8355,.T.);
#8355 = EDGE_CURVE('',#8330,#4292,#8356,.T.);
#8356 = SURFACE_CURVE('',#8357,(#8361,#8368),.PCURVE_S1.);
#8357 = LINE('',#8358,#8359);
#8358 = CARTESIAN_POINT('',(30.2,-7.7,9.3));
#8359 = VECTOR('',#8360,1.);
#8360 = DIRECTION('',(0.,-1.,0.));
#8361 = PCURVE('',#4308,#8362);
#8362 = DEFINITIONAL_REPRESENTATION('',(#8363),#8367);
#8363 = LINE('',#8364,#8365);
#8364 = CARTESIAN_POINT('',(0.,-3.15));
#8365 = VECTOR('',#8366,1.);
#8366 = DIRECTION('',(1.,0.));
#8367 = ( GEOMETRIC_REPRESENTATION_CONTEXT(2) 
PARAMETRIC_REPRESENTATION_CONTEXT() REPRESENTATION_CONTEXT('2D SPACE',''
  ) );
#8368 = PCURVE('',#4384,#8369);
#8369 = DEFINITIONAL_REPRESENTATION('',(#8370),#8374);
#8370 = LINE('',#8371,#8372);
#8371 = CARTESIAN_POINT('',(1.737203644322,-0.213689657675));
#8372 = VECTOR('',#8373,1.);
#8373 = DIRECTION('',(-1.,0.));
#8374 = ( GEOMETRIC_REPRESENTATION_CONTEXT(2) 
PARAMETRIC_REPRESENTATION_CONTEXT() REPRESENTATION_CONTEXT('2D SPACE',''
  ) );
#8375 = ORIENTED_EDGE('',*,*,#4291,.T.);
#8376 = ADVANCED_FACE('',(#8377),#4384,.T.);
#8377 = FACE_BOUND('',#8378,.T.);
#8378 = EDGE_LOOP('',(#8379,#8402,#8430,#8458,#8486,#8514,#8542,#8570,
    #8598,#8626,#8654,#8681,#8701,#8702));
#8379 = ORIENTED_EDGE('',*,*,#8380,.T.);
#8380 = EDGE_CURVE('',#4346,#8381,#8383,.T.);
#8381 = VERTEX_POINT('',#8382);
#8382 = CARTESIAN_POINT('',(30.2,-9.3,7.7));
#8383 = SURFACE_CURVE('',#8384,(#8388,#8395),.PCURVE_S1.);
#8384 = LINE('',#8385,#8386);
#8385 = CARTESIAN_POINT('',(30.2,-11.15,5.85));
#8386 = VECTOR('',#8387,1.);
#8387 = DIRECTION('',(0.,0.707106781187,0.707106781187));
#8388 = PCURVE('',#4384,#8389);
#8389 = DEFINITIONAL_REPRESENTATION('',(#8390),#8394);
#8390 = LINE('',#8391,#8392);
#8391 = CARTESIAN_POINT('',(-1.712796355678,-3.663689657675));
#8392 = VECTOR('',#8393,1.);
#8393 = DIRECTION('',(0.707106781187,0.707106781187));
#8394 = ( GEOMETRIC_REPRESENTATION_CONTEXT(2) 
PARAMETRIC_REPRESENTATION_CONTEXT() REPRESENTATION_CONTEXT('2D SPACE',''
  ) );
#8395 = PCURVE('',#4360,#8396);
#8396 = DEFINITIONAL_REPRESENTATION('',(#8397),#8401);
#8397 = LINE('',#8398,#8399);
#8398 = CARTESIAN_POINT('',(0.,-3.15));
#8399 = VECTOR('',#8400,1.);
#8400 = DIRECTION('',(1.,0.));
#8401 = ( GEOMETRIC_REPRESENTATION_CONTEXT(2) 
PARAMETRIC_REPRESENTATION_CONTEXT() REPRESENTATION_CONTEXT('2D SPACE',''
  ) );
#8402 = ORIENTED_EDGE('',*,*,#8403,.T.);
#8403 = EDGE_CURVE('',#8381,#8404,#8406,.T.);
#8404 = VERTEX_POINT('',#8405);
#8405 = CARTESIAN_POINT('',(30.2,-9.075,7.7));
#8406 = SURFACE_CURVE('',#8407,(#8411,#8418),.PCURVE_S1.);
#8407 = LINE('',#8408,#8409);
#8408 = CARTESIAN_POINT('',(30.2,-9.875,7.7));
#8409 = VECTOR('',#8410,1.);
#8410 = DIRECTION('',(0.,1.,0.));
#8411 = PCURVE('',#4384,#8412);
#8412 = DEFINITIONAL_REPRESENTATION('',(#8413),#8417);
#8413 = LINE('',#8414,#8415);
#8414 = CARTESIAN_POINT('',(-0.437796355678,-1.813689657675));
#8415 = VECTOR('',#8416,1.);
#8416 = DIRECTION('',(1.,0.));
#8417 = ( GEOMETRIC_REPRESENTATION_CONTEXT(2) 
PARAMETRIC_REPRESENTATION_CONTEXT() REPRESENTATION_CONTEXT('2D SPACE',''
  ) );
#8418 = PCURVE('',#8419,#8424);
#8419 = PLANE('',#8420);
#8420 = AXIS2_PLACEMENT_3D('',#8421,#8422,#8423);
#8421 = CARTESIAN_POINT('',(27.05,-9.875,7.7));
#8422 = DIRECTION('',(0.,0.,1.));
#8423 = DIRECTION('',(0.,1.,0.));
#8424 = DEFINITIONAL_REPRESENTATION('',(#8425),#8429);
#8425 = LINE('',#8426,#8427);
#8426 = CARTESIAN_POINT('',(0.,-3.15));
#8427 = VECTOR('',#8428,1.);
#8428 = DIRECTION('',(1.,0.));
#8429 = ( GEOMETRIC_REPRESENTATION_CONTEXT(2) 
PARAMETRIC_REPRESENTATION_CONTEXT() REPRESENTATION_CONTEXT('2D SPACE',''
  ) );
#8430 = ORIENTED_EDGE('',*,*,#8431,.T.);
#8431 = EDGE_CURVE('',#8404,#8432,#8434,.T.);
#8432 = VERTEX_POINT('',#8433);
#8433 = CARTESIAN_POINT('',(30.2,-9.075,7.925));
#8434 = SURFACE_CURVE('',#8435,(#8439,#8446),.PCURVE_S1.);
#8435 = LINE('',#8436,#8437);
#8436 = CARTESIAN_POINT('',(30.2,-9.075,7.7));
#8437 = VECTOR('',#8438,1.);
#8438 = DIRECTION('',(0.,0.,1.));
#8439 = PCURVE('',#4384,#8440);
#8440 = DEFINITIONAL_REPRESENTATION('',(#8441),#8445);
#8441 = LINE('',#8442,#8443);
#8442 = CARTESIAN_POINT('',(0.362203644322,-1.813689657675));
#8443 = VECTOR('',#8444,1.);
#8444 = DIRECTION('',(0.,1.));
#8445 = ( GEOMETRIC_REPRESENTATION_CONTEXT(2) 
PARAMETRIC_REPRESENTATION_CONTEXT() REPRESENTATION_CONTEXT('2D SPACE',''
  ) );
#8446 = PCURVE('',#8447,#8452);
#8447 = PLANE('',#8448);
#8448 = AXIS2_PLACEMENT_3D('',#8449,#8450,#8451);
#8449 = CARTESIAN_POINT('',(27.05,-9.075,7.7));
#8450 = DIRECTION('',(0.,-1.,0.));
#8451 = DIRECTION('',(0.,0.,1.));
#8452 = DEFINITIONAL_REPRESENTATION('',(#8453),#8457);
#8453 = LINE('',#8454,#8455);
#8454 = CARTESIAN_POINT('',(0.,-3.15));
#8455 = VECTOR('',#8456,1.);
#8456 = DIRECTION('',(1.,0.));
#8457 = ( GEOMETRIC_REPRESENTATION_CONTEXT(2) 
PARAMETRIC_REPRESENTATION_CONTEXT() REPRESENTATION_CONTEXT('2D SPACE',''
  ) );
#8458 = ORIENTED_EDGE('',*,*,#8459,.T.);
#8459 = EDGE_CURVE('',#8432,#8460,#8462,.T.);
#8460 = VERTEX_POINT('',#8461);
#8461 = CARTESIAN_POINT('',(30.2,-7.7,9.3));
#8462 = SURFACE_CURVE('',#8463,(#8467,#8474),.PCURVE_S1.);
#8463 = LINE('',#8464,#8465);
#8464 = CARTESIAN_POINT('',(30.2,-11.15,5.85));
#8465 = VECTOR('',#8466,1.);
#8466 = DIRECTION('',(0.,0.707106781187,0.707106781187));
#8467 = PCURVE('',#4384,#8468);
#8468 = DEFINITIONAL_REPRESENTATION('',(#8469),#8473);
#8469 = LINE('',#8470,#8471);
#8470 = CARTESIAN_POINT('',(-1.712796355678,-3.663689657675));
#8471 = VECTOR('',#8472,1.);
#8472 = DIRECTION('',(0.707106781187,0.707106781187));
#8473 = ( GEOMETRIC_REPRESENTATION_CONTEXT(2) 
PARAMETRIC_REPRESENTATION_CONTEXT() REPRESENTATION_CONTEXT('2D SPACE',''
  ) );
#8474 = PCURVE('',#8475,#8480);
#8475 = PLANE('',#8476);
#8476 = AXIS2_PLACEMENT_3D('',#8477,#8478,#8479);
#8477 = CARTESIAN_POINT('',(27.05,-11.15,5.85));
#8478 = DIRECTION('',(0.,-0.707106781187,0.707106781187));
#8479 = DIRECTION('',(0.,0.707106781187,0.707106781187));
#8480 = DEFINITIONAL_REPRESENTATION('',(#8481),#8485);
#8481 = LINE('',#8482,#8483);
#8482 = CARTESIAN_POINT('',(0.,-3.15));
#8483 = VECTOR('',#8484,1.);
#8484 = DIRECTION('',(1.,0.));
#8485 = ( GEOMETRIC_REPRESENTATION_CONTEXT(2) 
PARAMETRIC_REPRESENTATION_CONTEXT() REPRESENTATION_CONTEXT('2D SPACE',''
  ) );
#8486 = ORIENTED_EDGE('',*,*,#8487,.T.);
#8487 = EDGE_CURVE('',#8460,#8488,#8490,.T.);
#8488 = VERTEX_POINT('',#8489);
#8489 = CARTESIAN_POINT('',(30.2,-9.075,9.3));
#8490 = SURFACE_CURVE('',#8491,(#8495,#8502),.PCURVE_S1.);
#8491 = LINE('',#8492,#8493);
#8492 = CARTESIAN_POINT('',(30.2,-7.7,9.3));
#8493 = VECTOR('',#8494,1.);
#8494 = DIRECTION('',(0.,-1.,0.));
#8495 = PCURVE('',#4384,#8496);
#8496 = DEFINITIONAL_REPRESENTATION('',(#8497),#8501);
#8497 = LINE('',#8498,#8499);
#8498 = CARTESIAN_POINT('',(1.737203644322,-0.213689657675));
#8499 = VECTOR('',#8500,1.);
#8500 = DIRECTION('',(-1.,0.));
#8501 = ( GEOMETRIC_REPRESENTATION_CONTEXT(2) 
PARAMETRIC_REPRESENTATION_CONTEXT() REPRESENTATION_CONTEXT('2D SPACE',''
  ) );
#8502 = PCURVE('',#8503,#8508);
#8503 = PLANE('',#8504);
#8504 = AXIS2_PLACEMENT_3D('',#8505,#8506,#8507);
#8505 = CARTESIAN_POINT('',(27.05,-7.7,9.3));
#8506 = DIRECTION('',(0.,0.,-1.));
#8507 = DIRECTION('',(0.,-1.,0.));
#8508 = DEFINITIONAL_REPRESENTATION('',(#8509),#8513);
#8509 = LINE('',#8510,#8511);
#8510 = CARTESIAN_POINT('',(0.,-3.15));
#8511 = VECTOR('',#8512,1.);
#8512 = DIRECTION('',(1.,0.));
#8513 = ( GEOMETRIC_REPRESENTATION_CONTEXT(2) 
PARAMETRIC_REPRESENTATION_CONTEXT() REPRESENTATION_CONTEXT('2D SPACE',''
  ) );
#8514 = ORIENTED_EDGE('',*,*,#8515,.T.);
#8515 = EDGE_CURVE('',#8488,#8516,#8518,.T.);
#8516 = VERTEX_POINT('',#8517);
#8517 = CARTESIAN_POINT('',(30.2,-9.075,10.65));
#8518 = SURFACE_CURVE('',#8519,(#8523,#8530),.PCURVE_S1.);
#8519 = LINE('',#8520,#8521);
#8520 = CARTESIAN_POINT('',(30.2,-9.075,7.7));
#8521 = VECTOR('',#8522,1.);
#8522 = DIRECTION('',(0.,0.,1.));
#8523 = PCURVE('',#4384,#8524);
#8524 = DEFINITIONAL_REPRESENTATION('',(#8525),#8529);
#8525 = LINE('',#8526,#8527);
#8526 = CARTESIAN_POINT('',(0.362203644322,-1.813689657675));
#8527 = VECTOR('',#8528,1.);
#8528 = DIRECTION('',(0.,1.));
#8529 = ( GEOMETRIC_REPRESENTATION_CONTEXT(2) 
PARAMETRIC_REPRESENTATION_CONTEXT() REPRESENTATION_CONTEXT('2D SPACE',''
  ) );
#8530 = PCURVE('',#8531,#8536);
#8531 = PLANE('',#8532);
#8532 = AXIS2_PLACEMENT_3D('',#8533,#8534,#8535);
#8533 = CARTESIAN_POINT('',(27.05,-9.075,7.7));
#8534 = DIRECTION('',(0.,-1.,0.));
#8535 = DIRECTION('',(0.,0.,1.));
#8536 = DEFINITIONAL_REPRESENTATION('',(#8537),#8541);
#8537 = LINE('',#8538,#8539);
#8538 = CARTESIAN_POINT('',(0.,-3.15));
#8539 = VECTOR('',#8540,1.);
#8540 = DIRECTION('',(1.,0.));
#8541 = ( GEOMETRIC_REPRESENTATION_CONTEXT(2) 
PARAMETRIC_REPRESENTATION_CONTEXT() REPRESENTATION_CONTEXT('2D SPACE',''
  ) );
#8542 = ORIENTED_EDGE('',*,*,#8543,.T.);
#8543 = EDGE_CURVE('',#8516,#8544,#8546,.T.);
#8544 = VERTEX_POINT('',#8545);
#8545 = CARTESIAN_POINT('',(30.2,-8.65,10.65));
#8546 = SURFACE_CURVE('',#8547,(#8551,#8558),.PCURVE_S1.);
#8547 = LINE('',#8548,#8549);
#8548 = CARTESIAN_POINT('',(30.2,-9.075,10.65));
#8549 = VECTOR('',#8550,1.);
#8550 = DIRECTION('',(0.,1.,0.));
#8551 = PCURVE('',#4384,#8552);
#8552 = DEFINITIONAL_REPRESENTATION('',(#8553),#8557);
#8553 = LINE('',#8554,#8555);
#8554 = CARTESIAN_POINT('',(0.362203644322,1.136310342325));
#8555 = VECTOR('',#8556,1.);
#8556 = DIRECTION('',(1.,0.));
#8557 = ( GEOMETRIC_REPRESENTATION_CONTEXT(2) 
PARAMETRIC_REPRESENTATION_CONTEXT() REPRESENTATION_CONTEXT('2D SPACE',''
  ) );
#8558 = PCURVE('',#8559,#8564);
#8559 = PLANE('',#8560);
#8560 = AXIS2_PLACEMENT_3D('',#8561,#8562,#8563);
#8561 = CARTESIAN_POINT('',(27.05,-9.075,10.65));
#8562 = DIRECTION('',(0.,0.,1.));
#8563 = DIRECTION('',(0.,1.,0.));
#8564 = DEFINITIONAL_REPRESENTATION('',(#8565),#8569);
#8565 = LINE('',#8566,#8567);
#8566 = CARTESIAN_POINT('',(0.,-3.15));
#8567 = VECTOR('',#8568,1.);
#8568 = DIRECTION('',(1.,0.));
#8569 = ( GEOMETRIC_REPRESENTATION_CONTEXT(2) 
PARAMETRIC_REPRESENTATION_CONTEXT() REPRESENTATION_CONTEXT('2D SPACE',''
  ) );
#8570 = ORIENTED_EDGE('',*,*,#8571,.T.);
#8571 = EDGE_CURVE('',#8544,#8572,#8574,.T.);
#8572 = VERTEX_POINT('',#8573);
#8573 = CARTESIAN_POINT('',(30.2,-9.575,11.25));
#8574 = SURFACE_CURVE('',#8575,(#8579,#8586),.PCURVE_S1.);
#8575 = LINE('',#8576,#8577);
#8576 = CARTESIAN_POINT('',(30.2,-8.65,10.65));
#8577 = VECTOR('',#8578,1.);
#8578 = DIRECTION('',(0.,-0.838961287028,0.544191105099));
#8579 = PCURVE('',#4384,#8580);
#8580 = DEFINITIONAL_REPRESENTATION('',(#8581),#8585);
#8581 = LINE('',#8582,#8583);
#8582 = CARTESIAN_POINT('',(0.787203644322,1.136310342325));
#8583 = VECTOR('',#8584,1.);
#8584 = DIRECTION('',(-0.838961287028,0.544191105099));
#8585 = ( GEOMETRIC_REPRESENTATION_CONTEXT(2) 
PARAMETRIC_REPRESENTATION_CONTEXT() REPRESENTATION_CONTEXT('2D SPACE',''
  ) );
#8586 = PCURVE('',#8587,#8592);
#8587 = PLANE('',#8588);
#8588 = AXIS2_PLACEMENT_3D('',#8589,#8590,#8591);
#8589 = CARTESIAN_POINT('',(27.05,-8.65,10.65));
#8590 = DIRECTION('',(0.,-0.544191105099,-0.838961287028));
#8591 = DIRECTION('',(0.,-0.838961287028,0.544191105099));
#8592 = DEFINITIONAL_REPRESENTATION('',(#8593),#8597);
#8593 = LINE('',#8594,#8595);
#8594 = CARTESIAN_POINT('',(0.,-3.15));
#8595 = VECTOR('',#8596,1.);
#8596 = DIRECTION('',(1.,0.));
#8597 = ( GEOMETRIC_REPRESENTATION_CONTEXT(2) 
PARAMETRIC_REPRESENTATION_CONTEXT() REPRESENTATION_CONTEXT('2D SPACE',''
  ) );
#8598 = ORIENTED_EDGE('',*,*,#8599,.T.);
#8599 = EDGE_CURVE('',#8572,#8600,#8602,.T.);
#8600 = VERTEX_POINT('',#8601);
#8601 = CARTESIAN_POINT('',(30.2,-9.875,11.25));
#8602 = SURFACE_CURVE('',#8603,(#8607,#8614),.PCURVE_S1.);
#8603 = LINE('',#8604,#8605);
#8604 = CARTESIAN_POINT('',(30.2,-9.575,11.25));
#8605 = VECTOR('',#8606,1.);
#8606 = DIRECTION('',(0.,-1.,0.));
#8607 = PCURVE('',#4384,#8608);
#8608 = DEFINITIONAL_REPRESENTATION('',(#8609),#8613);
#8609 = LINE('',#8610,#8611);
#8610 = CARTESIAN_POINT('',(-0.137796355678,1.736310342325));
#8611 = VECTOR('',#8612,1.);
#8612 = DIRECTION('',(-1.,0.));
#8613 = ( GEOMETRIC_REPRESENTATION_CONTEXT(2) 
PARAMETRIC_REPRESENTATION_CONTEXT() REPRESENTATION_CONTEXT('2D SPACE',''
  ) );
#8614 = PCURVE('',#8615,#8620);
#8615 = PLANE('',#8616);
#8616 = AXIS2_PLACEMENT_3D('',#8617,#8618,#8619);
#8617 = CARTESIAN_POINT('',(27.05,-9.575,11.25));
#8618 = DIRECTION('',(0.,0.,-1.));
#8619 = DIRECTION('',(0.,-1.,0.));
#8620 = DEFINITIONAL_REPRESENTATION('',(#8621),#8625);
#8621 = LINE('',#8622,#8623);
#8622 = CARTESIAN_POINT('',(0.,-3.15));
#8623 = VECTOR('',#8624,1.);
#8624 = DIRECTION('',(1.,0.));
#8625 = ( GEOMETRIC_REPRESENTATION_CONTEXT(2) 
PARAMETRIC_REPRESENTATION_CONTEXT() REPRESENTATION_CONTEXT('2D SPACE',''
  ) );
#8626 = ORIENTED_EDGE('',*,*,#8627,.T.);
#8627 = EDGE_CURVE('',#8600,#8628,#8630,.T.);
#8628 = VERTEX_POINT('',#8629);
#8629 = CARTESIAN_POINT('',(30.2,-9.875,7.7));
#8630 = SURFACE_CURVE('',#8631,(#8635,#8642),.PCURVE_S1.);
#8631 = LINE('',#8632,#8633);
#8632 = CARTESIAN_POINT('',(30.2,-9.875,11.25));
#8633 = VECTOR('',#8634,1.);
#8634 = DIRECTION('',(0.,-5.003822082818E-16,-1.));
#8635 = PCURVE('',#4384,#8636);
#8636 = DEFINITIONAL_REPRESENTATION('',(#8637),#8641);
#8637 = LINE('',#8638,#8639);
#8638 = CARTESIAN_POINT('',(-0.437796355678,1.736310342325));
#8639 = VECTOR('',#8640,1.);
#8640 = DIRECTION('',(-5.003822082818E-16,-1.));
#8641 = ( GEOMETRIC_REPRESENTATION_CONTEXT(2) 
PARAMETRIC_REPRESENTATION_CONTEXT() REPRESENTATION_CONTEXT('2D SPACE',''
  ) );
#8642 = PCURVE('',#8643,#8648);
#8643 = PLANE('',#8644);
#8644 = AXIS2_PLACEMENT_3D('',#8645,#8646,#8647);
#8645 = CARTESIAN_POINT('',(26.55,-9.875,7.7));
#8646 = DIRECTION('',(0.,1.,0.));
#8647 = DIRECTION('',(0.,0.,1.));
#8648 = DEFINITIONAL_REPRESENTATION('',(#8649),#8653);
#8649 = LINE('',#8650,#8651);
#8650 = CARTESIAN_POINT('',(3.55,3.65));
#8651 = VECTOR('',#8652,1.);
#8652 = DIRECTION('',(-1.,0.));
#8653 = ( GEOMETRIC_REPRESENTATION_CONTEXT(2) 
PARAMETRIC_REPRESENTATION_CONTEXT() REPRESENTATION_CONTEXT('2D SPACE',''
  ) );
#8654 = ORIENTED_EDGE('',*,*,#8655,.T.);
#8655 = EDGE_CURVE('',#8628,#8656,#8658,.T.);
#8656 = VERTEX_POINT('',#8657);
#8657 = CARTESIAN_POINT('',(30.2,-10.475,7.7));
#8658 = SURFACE_CURVE('',#8659,(#8663,#8670),.PCURVE_S1.);
#8659 = LINE('',#8660,#8661);
#8660 = CARTESIAN_POINT('',(30.2,-10.20262040122,7.7));
#8661 = VECTOR('',#8662,1.);
#8662 = DIRECTION('',(0.,-1.,0.));
#8663 = PCURVE('',#4384,#8664);
#8664 = DEFINITIONAL_REPRESENTATION('',(#8665),#8669);
#8665 = LINE('',#8666,#8667);
#8666 = CARTESIAN_POINT('',(-0.765416756904,-1.813689657675));
#8667 = VECTOR('',#8668,1.);
#8668 = DIRECTION('',(-1.,0.));
#8669 = ( GEOMETRIC_REPRESENTATION_CONTEXT(2) 
PARAMETRIC_REPRESENTATION_CONTEXT() REPRESENTATION_CONTEXT('2D SPACE',''
  ) );
#8670 = PCURVE('',#8671,#8676);
#8671 = PLANE('',#8672);
#8672 = AXIS2_PLACEMENT_3D('',#8673,#8674,#8675);
#8673 = CARTESIAN_POINT('',(26.55,-10.475,7.7));
#8674 = DIRECTION('',(0.,0.,1.));
#8675 = DIRECTION('',(1.,0.,0.));
#8676 = DEFINITIONAL_REPRESENTATION('',(#8677),#8680);
#8677 = B_SPLINE_CURVE_WITH_KNOTS('',1,(#8678,#8679),.UNSPECIFIED.,.F.,
  .F.,(2,2),(-0.327620401227,0.272379598773),.PIECEWISE_BEZIER_KNOTS.);
#8678 = CARTESIAN_POINT('',(3.65,0.6));
#8679 = CARTESIAN_POINT('',(3.65,0.));
#8680 = ( GEOMETRIC_REPRESENTATION_CONTEXT(2) 
PARAMETRIC_REPRESENTATION_CONTEXT() REPRESENTATION_CONTEXT('2D SPACE',''
  ) );
#8681 = ORIENTED_EDGE('',*,*,#8682,.T.);
#8682 = EDGE_CURVE('',#8656,#8330,#8683,.T.);
#8683 = SURFACE_CURVE('',#8684,(#8688,#8695),.PCURVE_S1.);
#8684 = LINE('',#8685,#8686);
#8685 = CARTESIAN_POINT('',(30.2,-10.475,7.890120401227));
#8686 = VECTOR('',#8687,1.);
#8687 = DIRECTION('',(0.,0.,1.));
#8688 = PCURVE('',#4384,#8689);
#8689 = DEFINITIONAL_REPRESENTATION('',(#8690),#8694);
#8690 = LINE('',#8691,#8692);
#8691 = CARTESIAN_POINT('',(-1.037796355678,-1.623569256448));
#8692 = VECTOR('',#8693,1.);
#8693 = DIRECTION('',(0.,1.));
#8694 = ( GEOMETRIC_REPRESENTATION_CONTEXT(2) 
PARAMETRIC_REPRESENTATION_CONTEXT() REPRESENTATION_CONTEXT('2D SPACE',''
  ) );
#8695 = PCURVE('',#8344,#8696);
#8696 = DEFINITIONAL_REPRESENTATION('',(#8697),#8700);
#8697 = B_SPLINE_CURVE_WITH_KNOTS('',1,(#8698,#8699),.UNSPECIFIED.,.F.,
  .F.,(2,2),(-0.190120401227,1.409879598773),.PIECEWISE_BEZIER_KNOTS.);
#8698 = CARTESIAN_POINT('',(0.,3.65));
#8699 = CARTESIAN_POINT('',(1.6,3.65));
#8700 = ( GEOMETRIC_REPRESENTATION_CONTEXT(2) 
PARAMETRIC_REPRESENTATION_CONTEXT() REPRESENTATION_CONTEXT('2D SPACE',''
  ) );
#8701 = ORIENTED_EDGE('',*,*,#8355,.T.);
#8702 = ORIENTED_EDGE('',*,*,#4371,.T.);
#8703 = ADVANCED_FACE('',(#8704),#4334,.F.);
#8704 = FACE_BOUND('',#8705,.F.);
#8705 = EDGE_LOOP('',(#8706,#8707,#8730,#8753,#8776,#8799,#8827,#8855,
    #8883,#8906,#8929,#8952,#8975,#8998,#9020,#9040));
#8706 = ORIENTED_EDGE('',*,*,#4319,.T.);
#8707 = ORIENTED_EDGE('',*,*,#8708,.T.);
#8708 = EDGE_CURVE('',#4320,#8709,#8711,.T.);
#8709 = VERTEX_POINT('',#8710);
#8710 = CARTESIAN_POINT('',(27.05,-9.3,7.7));
#8711 = SURFACE_CURVE('',#8712,(#8716,#8723),.PCURVE_S1.);
#8712 = LINE('',#8713,#8714);
#8713 = CARTESIAN_POINT('',(27.05,-11.15,5.85));
#8714 = VECTOR('',#8715,1.);
#8715 = DIRECTION('',(0.,0.707106781187,0.707106781187));
#8716 = PCURVE('',#4334,#8717);
#8717 = DEFINITIONAL_REPRESENTATION('',(#8718),#8722);
#8718 = LINE('',#8719,#8720);
#8719 = CARTESIAN_POINT('',(-1.712796355678,-3.663689657675));
#8720 = VECTOR('',#8721,1.);
#8721 = DIRECTION('',(0.707106781187,0.707106781187));
#8722 = ( GEOMETRIC_REPRESENTATION_CONTEXT(2) 
PARAMETRIC_REPRESENTATION_CONTEXT() REPRESENTATION_CONTEXT('2D SPACE',''
  ) );
#8723 = PCURVE('',#4360,#8724);
#8724 = DEFINITIONAL_REPRESENTATION('',(#8725),#8729);
#8725 = LINE('',#8726,#8727);
#8726 = CARTESIAN_POINT('',(0.,0.));
#8727 = VECTOR('',#8728,1.);
#8728 = DIRECTION('',(1.,0.));
#8729 = ( GEOMETRIC_REPRESENTATION_CONTEXT(2) 
PARAMETRIC_REPRESENTATION_CONTEXT() REPRESENTATION_CONTEXT('2D SPACE',''
  ) );
#8730 = ORIENTED_EDGE('',*,*,#8731,.T.);
#8731 = EDGE_CURVE('',#8709,#8732,#8734,.T.);
#8732 = VERTEX_POINT('',#8733);
#8733 = CARTESIAN_POINT('',(27.05,-9.075,7.7));
#8734 = SURFACE_CURVE('',#8735,(#8739,#8746),.PCURVE_S1.);
#8735 = LINE('',#8736,#8737);
#8736 = CARTESIAN_POINT('',(27.05,-9.875,7.7));
#8737 = VECTOR('',#8738,1.);
#8738 = DIRECTION('',(0.,1.,0.));
#8739 = PCURVE('',#4334,#8740);
#8740 = DEFINITIONAL_REPRESENTATION('',(#8741),#8745);
#8741 = LINE('',#8742,#8743);
#8742 = CARTESIAN_POINT('',(-0.437796355678,-1.813689657675));
#8743 = VECTOR('',#8744,1.);
#8744 = DIRECTION('',(1.,0.));
#8745 = ( GEOMETRIC_REPRESENTATION_CONTEXT(2) 
PARAMETRIC_REPRESENTATION_CONTEXT() REPRESENTATION_CONTEXT('2D SPACE',''
  ) );
#8746 = PCURVE('',#8419,#8747);
#8747 = DEFINITIONAL_REPRESENTATION('',(#8748),#8752);
#8748 = LINE('',#8749,#8750);
#8749 = CARTESIAN_POINT('',(0.,0.));
#8750 = VECTOR('',#8751,1.);
#8751 = DIRECTION('',(1.,0.));
#8752 = ( GEOMETRIC_REPRESENTATION_CONTEXT(2) 
PARAMETRIC_REPRESENTATION_CONTEXT() REPRESENTATION_CONTEXT('2D SPACE',''
  ) );
#8753 = ORIENTED_EDGE('',*,*,#8754,.T.);
#8754 = EDGE_CURVE('',#8732,#8755,#8757,.T.);
#8755 = VERTEX_POINT('',#8756);
#8756 = CARTESIAN_POINT('',(27.05,-9.075,7.925));
#8757 = SURFACE_CURVE('',#8758,(#8762,#8769),.PCURVE_S1.);
#8758 = LINE('',#8759,#8760);
#8759 = CARTESIAN_POINT('',(27.05,-9.075,7.7));
#8760 = VECTOR('',#8761,1.);
#8761 = DIRECTION('',(0.,0.,1.));
#8762 = PCURVE('',#4334,#8763);
#8763 = DEFINITIONAL_REPRESENTATION('',(#8764),#8768);
#8764 = LINE('',#8765,#8766);
#8765 = CARTESIAN_POINT('',(0.362203644322,-1.813689657675));
#8766 = VECTOR('',#8767,1.);
#8767 = DIRECTION('',(0.,1.));
#8768 = ( GEOMETRIC_REPRESENTATION_CONTEXT(2) 
PARAMETRIC_REPRESENTATION_CONTEXT() REPRESENTATION_CONTEXT('2D SPACE',''
  ) );
#8769 = PCURVE('',#8447,#8770);
#8770 = DEFINITIONAL_REPRESENTATION('',(#8771),#8775);
#8771 = LINE('',#8772,#8773);
#8772 = CARTESIAN_POINT('',(0.,0.));
#8773 = VECTOR('',#8774,1.);
#8774 = DIRECTION('',(1.,0.));
#8775 = ( GEOMETRIC_REPRESENTATION_CONTEXT(2) 
PARAMETRIC_REPRESENTATION_CONTEXT() REPRESENTATION_CONTEXT('2D SPACE',''
  ) );
#8776 = ORIENTED_EDGE('',*,*,#8777,.T.);
#8777 = EDGE_CURVE('',#8755,#8778,#8780,.T.);
#8778 = VERTEX_POINT('',#8779);
#8779 = CARTESIAN_POINT('',(27.05,-7.7,9.3));
#8780 = SURFACE_CURVE('',#8781,(#8785,#8792),.PCURVE_S1.);
#8781 = LINE('',#8782,#8783);
#8782 = CARTESIAN_POINT('',(27.05,-11.15,5.85));
#8783 = VECTOR('',#8784,1.);
#8784 = DIRECTION('',(0.,0.707106781187,0.707106781187));
#8785 = PCURVE('',#4334,#8786);
#8786 = DEFINITIONAL_REPRESENTATION('',(#8787),#8791);
#8787 = LINE('',#8788,#8789);
#8788 = CARTESIAN_POINT('',(-1.712796355678,-3.663689657675));
#8789 = VECTOR('',#8790,1.);
#8790 = DIRECTION('',(0.707106781187,0.707106781187));
#8791 = ( GEOMETRIC_REPRESENTATION_CONTEXT(2) 
PARAMETRIC_REPRESENTATION_CONTEXT() REPRESENTATION_CONTEXT('2D SPACE',''
  ) );
#8792 = PCURVE('',#8475,#8793);
#8793 = DEFINITIONAL_REPRESENTATION('',(#8794),#8798);
#8794 = LINE('',#8795,#8796);
#8795 = CARTESIAN_POINT('',(0.,0.));
#8796 = VECTOR('',#8797,1.);
#8797 = DIRECTION('',(1.,0.));
#8798 = ( GEOMETRIC_REPRESENTATION_CONTEXT(2) 
PARAMETRIC_REPRESENTATION_CONTEXT() REPRESENTATION_CONTEXT('2D SPACE',''
  ) );
#8799 = ORIENTED_EDGE('',*,*,#8800,.T.);
#8800 = EDGE_CURVE('',#8778,#8801,#8803,.T.);
#8801 = VERTEX_POINT('',#8802);
#8802 = CARTESIAN_POINT('',(27.05,-7.2,9.3));
#8803 = SURFACE_CURVE('',#8804,(#8808,#8815),.PCURVE_S1.);
#8804 = LINE('',#8805,#8806);
#8805 = CARTESIAN_POINT('',(27.05,-9.4,9.3));
#8806 = VECTOR('',#8807,1.);
#8807 = DIRECTION('',(0.,1.,0.));
#8808 = PCURVE('',#4334,#8809);
#8809 = DEFINITIONAL_REPRESENTATION('',(#8810),#8814);
#8810 = LINE('',#8811,#8812);
#8811 = CARTESIAN_POINT('',(3.720364432241E-02,-0.213689657675));
#8812 = VECTOR('',#8813,1.);
#8813 = DIRECTION('',(1.,0.));
#8814 = ( GEOMETRIC_REPRESENTATION_CONTEXT(2) 
PARAMETRIC_REPRESENTATION_CONTEXT() REPRESENTATION_CONTEXT('2D SPACE',''
  ) );
#8815 = PCURVE('',#8816,#8821);
#8816 = PLANE('',#8817);
#8817 = AXIS2_PLACEMENT_3D('',#8818,#8819,#8820);
#8818 = CARTESIAN_POINT('',(27.05,-9.4,9.3));
#8819 = DIRECTION('',(0.,0.,1.));
#8820 = DIRECTION('',(1.,0.,0.));
#8821 = DEFINITIONAL_REPRESENTATION('',(#8822),#8826);
#8822 = LINE('',#8823,#8824);
#8823 = CARTESIAN_POINT('',(0.,0.));
#8824 = VECTOR('',#8825,1.);
#8825 = DIRECTION('',(0.,1.));
#8826 = ( GEOMETRIC_REPRESENTATION_CONTEXT(2) 
PARAMETRIC_REPRESENTATION_CONTEXT() REPRESENTATION_CONTEXT('2D SPACE',''
  ) );
#8827 = ORIENTED_EDGE('',*,*,#8828,.T.);
#8828 = EDGE_CURVE('',#8801,#8829,#8831,.T.);
#8829 = VERTEX_POINT('',#8830);
#8830 = CARTESIAN_POINT('',(27.05,-7.2,10.5));
#8831 = SURFACE_CURVE('',#8832,(#8836,#8843),.PCURVE_S1.);
#8832 = LINE('',#8833,#8834);
#8833 = CARTESIAN_POINT('',(27.05,-7.2,9.3));
#8834 = VECTOR('',#8835,1.);
#8835 = DIRECTION('',(0.,0.,1.));
#8836 = PCURVE('',#4334,#8837);
#8837 = DEFINITIONAL_REPRESENTATION('',(#8838),#8842);
#8838 = LINE('',#8839,#8840);
#8839 = CARTESIAN_POINT('',(2.237203644322,-0.213689657675));
#8840 = VECTOR('',#8841,1.);
#8841 = DIRECTION('',(0.,1.));
#8842 = ( GEOMETRIC_REPRESENTATION_CONTEXT(2) 
PARAMETRIC_REPRESENTATION_CONTEXT() REPRESENTATION_CONTEXT('2D SPACE',''
  ) );
#8843 = PCURVE('',#8844,#8849);
#8844 = PLANE('',#8845);
#8845 = AXIS2_PLACEMENT_3D('',#8846,#8847,#8848);
#8846 = CARTESIAN_POINT('',(27.05,-7.2,9.3));
#8847 = DIRECTION('',(0.,1.,0.));
#8848 = DIRECTION('',(0.,0.,1.));
#8849 = DEFINITIONAL_REPRESENTATION('',(#8850),#8854);
#8850 = LINE('',#8851,#8852);
#8851 = CARTESIAN_POINT('',(0.,0.));
#8852 = VECTOR('',#8853,1.);
#8853 = DIRECTION('',(1.,0.));
#8854 = ( GEOMETRIC_REPRESENTATION_CONTEXT(2) 
PARAMETRIC_REPRESENTATION_CONTEXT() REPRESENTATION_CONTEXT('2D SPACE',''
  ) );
#8855 = ORIENTED_EDGE('',*,*,#8856,.F.);
#8856 = EDGE_CURVE('',#8857,#8829,#8859,.T.);
#8857 = VERTEX_POINT('',#8858);
#8858 = CARTESIAN_POINT('',(27.05,-9.075,10.5));
#8859 = SURFACE_CURVE('',#8860,(#8864,#8871),.PCURVE_S1.);
#8860 = LINE('',#8861,#8862);
#8861 = CARTESIAN_POINT('',(27.05,-9.4,10.5));
#8862 = VECTOR('',#8863,1.);
#8863 = DIRECTION('',(0.,1.,0.));
#8864 = PCURVE('',#4334,#8865);
#8865 = DEFINITIONAL_REPRESENTATION('',(#8866),#8870);
#8866 = LINE('',#8867,#8868);
#8867 = CARTESIAN_POINT('',(3.720364432241E-02,0.986310342325));
#8868 = VECTOR('',#8869,1.);
#8869 = DIRECTION('',(1.,0.));
#8870 = ( GEOMETRIC_REPRESENTATION_CONTEXT(2) 
PARAMETRIC_REPRESENTATION_CONTEXT() REPRESENTATION_CONTEXT('2D SPACE',''
  ) );
#8871 = PCURVE('',#8872,#8877);
#8872 = PLANE('',#8873);
#8873 = AXIS2_PLACEMENT_3D('',#8874,#8875,#8876);
#8874 = CARTESIAN_POINT('',(27.05,-9.4,10.5));
#8875 = DIRECTION('',(0.,0.,1.));
#8876 = DIRECTION('',(1.,0.,0.));
#8877 = DEFINITIONAL_REPRESENTATION('',(#8878),#8882);
#8878 = LINE('',#8879,#8880);
#8879 = CARTESIAN_POINT('',(0.,0.));
#8880 = VECTOR('',#8881,1.);
#8881 = DIRECTION('',(0.,1.));
#8882 = ( GEOMETRIC_REPRESENTATION_CONTEXT(2) 
PARAMETRIC_REPRESENTATION_CONTEXT() REPRESENTATION_CONTEXT('2D SPACE',''
  ) );
#8883 = ORIENTED_EDGE('',*,*,#8884,.T.);
#8884 = EDGE_CURVE('',#8857,#8885,#8887,.T.);
#8885 = VERTEX_POINT('',#8886);
#8886 = CARTESIAN_POINT('',(27.05,-9.075,10.65));
#8887 = SURFACE_CURVE('',#8888,(#8892,#8899),.PCURVE_S1.);
#8888 = LINE('',#8889,#8890);
#8889 = CARTESIAN_POINT('',(27.05,-9.075,7.7));
#8890 = VECTOR('',#8891,1.);
#8891 = DIRECTION('',(0.,0.,1.));
#8892 = PCURVE('',#4334,#8893);
#8893 = DEFINITIONAL_REPRESENTATION('',(#8894),#8898);
#8894 = LINE('',#8895,#8896);
#8895 = CARTESIAN_POINT('',(0.362203644322,-1.813689657675));
#8896 = VECTOR('',#8897,1.);
#8897 = DIRECTION('',(0.,1.));
#8898 = ( GEOMETRIC_REPRESENTATION_CONTEXT(2) 
PARAMETRIC_REPRESENTATION_CONTEXT() REPRESENTATION_CONTEXT('2D SPACE',''
  ) );
#8899 = PCURVE('',#8531,#8900);
#8900 = DEFINITIONAL_REPRESENTATION('',(#8901),#8905);
#8901 = LINE('',#8902,#8903);
#8902 = CARTESIAN_POINT('',(0.,0.));
#8903 = VECTOR('',#8904,1.);
#8904 = DIRECTION('',(1.,0.));
#8905 = ( GEOMETRIC_REPRESENTATION_CONTEXT(2) 
PARAMETRIC_REPRESENTATION_CONTEXT() REPRESENTATION_CONTEXT('2D SPACE',''
  ) );
#8906 = ORIENTED_EDGE('',*,*,#8907,.T.);
#8907 = EDGE_CURVE('',#8885,#8908,#8910,.T.);
#8908 = VERTEX_POINT('',#8909);
#8909 = CARTESIAN_POINT('',(27.05,-8.65,10.65));
#8910 = SURFACE_CURVE('',#8911,(#8915,#8922),.PCURVE_S1.);
#8911 = LINE('',#8912,#8913);
#8912 = CARTESIAN_POINT('',(27.05,-9.075,10.65));
#8913 = VECTOR('',#8914,1.);
#8914 = DIRECTION('',(0.,1.,0.));
#8915 = PCURVE('',#4334,#8916);
#8916 = DEFINITIONAL_REPRESENTATION('',(#8917),#8921);
#8917 = LINE('',#8918,#8919);
#8918 = CARTESIAN_POINT('',(0.362203644322,1.136310342325));
#8919 = VECTOR('',#8920,1.);
#8920 = DIRECTION('',(1.,0.));
#8921 = ( GEOMETRIC_REPRESENTATION_CONTEXT(2) 
PARAMETRIC_REPRESENTATION_CONTEXT() REPRESENTATION_CONTEXT('2D SPACE',''
  ) );
#8922 = PCURVE('',#8559,#8923);
#8923 = DEFINITIONAL_REPRESENTATION('',(#8924),#8928);
#8924 = LINE('',#8925,#8926);
#8925 = CARTESIAN_POINT('',(0.,0.));
#8926 = VECTOR('',#8927,1.);
#8927 = DIRECTION('',(1.,0.));
#8928 = ( GEOMETRIC_REPRESENTATION_CONTEXT(2) 
PARAMETRIC_REPRESENTATION_CONTEXT() REPRESENTATION_CONTEXT('2D SPACE',''
  ) );
#8929 = ORIENTED_EDGE('',*,*,#8930,.T.);
#8930 = EDGE_CURVE('',#8908,#8931,#8933,.T.);
#8931 = VERTEX_POINT('',#8932);
#8932 = CARTESIAN_POINT('',(27.05,-9.575,11.25));
#8933 = SURFACE_CURVE('',#8934,(#8938,#8945),.PCURVE_S1.);
#8934 = LINE('',#8935,#8936);
#8935 = CARTESIAN_POINT('',(27.05,-8.65,10.65));
#8936 = VECTOR('',#8937,1.);
#8937 = DIRECTION('',(0.,-0.838961287028,0.544191105099));
#8938 = PCURVE('',#4334,#8939);
#8939 = DEFINITIONAL_REPRESENTATION('',(#8940),#8944);
#8940 = LINE('',#8941,#8942);
#8941 = CARTESIAN_POINT('',(0.787203644322,1.136310342325));
#8942 = VECTOR('',#8943,1.);
#8943 = DIRECTION('',(-0.838961287028,0.544191105099));
#8944 = ( GEOMETRIC_REPRESENTATION_CONTEXT(2) 
PARAMETRIC_REPRESENTATION_CONTEXT() REPRESENTATION_CONTEXT('2D SPACE',''
  ) );
#8945 = PCURVE('',#8587,#8946);
#8946 = DEFINITIONAL_REPRESENTATION('',(#8947),#8951);
#8947 = LINE('',#8948,#8949);
#8948 = CARTESIAN_POINT('',(0.,0.));
#8949 = VECTOR('',#8950,1.);
#8950 = DIRECTION('',(1.,0.));
#8951 = ( GEOMETRIC_REPRESENTATION_CONTEXT(2) 
PARAMETRIC_REPRESENTATION_CONTEXT() REPRESENTATION_CONTEXT('2D SPACE',''
  ) );
#8952 = ORIENTED_EDGE('',*,*,#8953,.T.);
#8953 = EDGE_CURVE('',#8931,#8954,#8956,.T.);
#8954 = VERTEX_POINT('',#8955);
#8955 = CARTESIAN_POINT('',(27.05,-9.875,11.25));
#8956 = SURFACE_CURVE('',#8957,(#8961,#8968),.PCURVE_S1.);
#8957 = LINE('',#8958,#8959);
#8958 = CARTESIAN_POINT('',(27.05,-9.575,11.25));
#8959 = VECTOR('',#8960,1.);
#8960 = DIRECTION('',(0.,-1.,0.));
#8961 = PCURVE('',#4334,#8962);
#8962 = DEFINITIONAL_REPRESENTATION('',(#8963),#8967);
#8963 = LINE('',#8964,#8965);
#8964 = CARTESIAN_POINT('',(-0.137796355678,1.736310342325));
#8965 = VECTOR('',#8966,1.);
#8966 = DIRECTION('',(-1.,0.));
#8967 = ( GEOMETRIC_REPRESENTATION_CONTEXT(2) 
PARAMETRIC_REPRESENTATION_CONTEXT() REPRESENTATION_CONTEXT('2D SPACE',''
  ) );
#8968 = PCURVE('',#8615,#8969);
#8969 = DEFINITIONAL_REPRESENTATION('',(#8970),#8974);
#8970 = LINE('',#8971,#8972);
#8971 = CARTESIAN_POINT('',(0.,-0.));
#8972 = VECTOR('',#8973,1.);
#8973 = DIRECTION('',(1.,0.));
#8974 = ( GEOMETRIC_REPRESENTATION_CONTEXT(2) 
PARAMETRIC_REPRESENTATION_CONTEXT() REPRESENTATION_CONTEXT('2D SPACE',''
  ) );
#8975 = ORIENTED_EDGE('',*,*,#8976,.F.);
#8976 = EDGE_CURVE('',#8977,#8954,#8979,.T.);
#8977 = VERTEX_POINT('',#8978);
#8978 = CARTESIAN_POINT('',(27.05,-9.875,7.7));
#8979 = SURFACE_CURVE('',#8980,(#8984,#8991),.PCURVE_S1.);
#8980 = LINE('',#8981,#8982);
#8981 = CARTESIAN_POINT('',(27.05,-9.875,7.7));
#8982 = VECTOR('',#8983,1.);
#8983 = DIRECTION('',(0.,5.003822082818E-16,1.));
#8984 = PCURVE('',#4334,#8985);
#8985 = DEFINITIONAL_REPRESENTATION('',(#8986),#8990);
#8986 = LINE('',#8987,#8988);
#8987 = CARTESIAN_POINT('',(-0.437796355678,-1.813689657675));
#8988 = VECTOR('',#8989,1.);
#8989 = DIRECTION('',(5.003822082818E-16,1.));
#8990 = ( GEOMETRIC_REPRESENTATION_CONTEXT(2) 
PARAMETRIC_REPRESENTATION_CONTEXT() REPRESENTATION_CONTEXT('2D SPACE',''
  ) );
#8991 = PCURVE('',#8643,#8992);
#8992 = DEFINITIONAL_REPRESENTATION('',(#8993),#8997);
#8993 = LINE('',#8994,#8995);
#8994 = CARTESIAN_POINT('',(0.,0.5));
#8995 = VECTOR('',#8996,1.);
#8996 = DIRECTION('',(1.,0.));
#8997 = ( GEOMETRIC_REPRESENTATION_CONTEXT(2) 
PARAMETRIC_REPRESENTATION_CONTEXT() REPRESENTATION_CONTEXT('2D SPACE',''
  ) );
#8998 = ORIENTED_EDGE('',*,*,#8999,.T.);
#8999 = EDGE_CURVE('',#8977,#9000,#9002,.T.);
#9000 = VERTEX_POINT('',#9001);
#9001 = CARTESIAN_POINT('',(27.05,-10.475,7.7));
#9002 = SURFACE_CURVE('',#9003,(#9007,#9014),.PCURVE_S1.);
#9003 = LINE('',#9004,#9005);
#9004 = CARTESIAN_POINT('',(27.05,-10.20262040122,7.7));
#9005 = VECTOR('',#9006,1.);
#9006 = DIRECTION('',(0.,-1.,0.));
#9007 = PCURVE('',#4334,#9008);
#9008 = DEFINITIONAL_REPRESENTATION('',(#9009),#9013);
#9009 = LINE('',#9010,#9011);
#9010 = CARTESIAN_POINT('',(-0.765416756904,-1.813689657675));
#9011 = VECTOR('',#9012,1.);
#9012 = DIRECTION('',(-1.,0.));
#9013 = ( GEOMETRIC_REPRESENTATION_CONTEXT(2) 
PARAMETRIC_REPRESENTATION_CONTEXT() REPRESENTATION_CONTEXT('2D SPACE',''
  ) );
#9014 = PCURVE('',#8671,#9015);
#9015 = DEFINITIONAL_REPRESENTATION('',(#9016),#9019);
#9016 = B_SPLINE_CURVE_WITH_KNOTS('',1,(#9017,#9018),.UNSPECIFIED.,.F.,
  .F.,(2,2),(-0.327620401227,0.272379598773),.PIECEWISE_BEZIER_KNOTS.);
#9017 = CARTESIAN_POINT('',(0.5,0.6));
#9018 = CARTESIAN_POINT('',(0.5,0.));
#9019 = ( GEOMETRIC_REPRESENTATION_CONTEXT(2) 
PARAMETRIC_REPRESENTATION_CONTEXT() REPRESENTATION_CONTEXT('2D SPACE',''
  ) );
#9020 = ORIENTED_EDGE('',*,*,#9021,.T.);
#9021 = EDGE_CURVE('',#9000,#8307,#9022,.T.);
#9022 = SURFACE_CURVE('',#9023,(#9027,#9034),.PCURVE_S1.);
#9023 = LINE('',#9024,#9025);
#9024 = CARTESIAN_POINT('',(27.05,-10.475,7.890120401227));
#9025 = VECTOR('',#9026,1.);
#9026 = DIRECTION('',(0.,0.,1.));
#9027 = PCURVE('',#4334,#9028);
#9028 = DEFINITIONAL_REPRESENTATION('',(#9029),#9033);
#9029 = LINE('',#9030,#9031);
#9030 = CARTESIAN_POINT('',(-1.037796355678,-1.623569256448));
#9031 = VECTOR('',#9032,1.);
#9032 = DIRECTION('',(0.,1.));
#9033 = ( GEOMETRIC_REPRESENTATION_CONTEXT(2) 
PARAMETRIC_REPRESENTATION_CONTEXT() REPRESENTATION_CONTEXT('2D SPACE',''
  ) );
#9034 = PCURVE('',#8344,#9035);
#9035 = DEFINITIONAL_REPRESENTATION('',(#9036),#9039);
#9036 = B_SPLINE_CURVE_WITH_KNOTS('',1,(#9037,#9038),.UNSPECIFIED.,.F.,
  .F.,(2,2),(-0.190120401227,1.409879598773),.PIECEWISE_BEZIER_KNOTS.);
#9037 = CARTESIAN_POINT('',(0.,0.5));
#9038 = CARTESIAN_POINT('',(1.6,0.5));
#9039 = ( GEOMETRIC_REPRESENTATION_CONTEXT(2) 
PARAMETRIC_REPRESENTATION_CONTEXT() REPRESENTATION_CONTEXT('2D SPACE',''
  ) );
#9040 = ORIENTED_EDGE('',*,*,#8306,.T.);
#9041 = ADVANCED_FACE('',(#9042),#4360,.F.);
#9042 = FACE_BOUND('',#9043,.F.);
#9043 = EDGE_LOOP('',(#9044,#9045,#9046,#9047));
#9044 = ORIENTED_EDGE('',*,*,#8708,.F.);
#9045 = ORIENTED_EDGE('',*,*,#4345,.T.);
#9046 = ORIENTED_EDGE('',*,*,#8380,.T.);
#9047 = ORIENTED_EDGE('',*,*,#9048,.T.);
#9048 = EDGE_CURVE('',#8381,#8709,#9049,.T.);
#9049 = SURFACE_CURVE('',#9050,(#9054,#9060),.PCURVE_S1.);
#9050 = LINE('',#9051,#9052);
#9051 = CARTESIAN_POINT('',(27.05,-9.3,7.7));
#9052 = VECTOR('',#9053,1.);
#9053 = DIRECTION('',(-1.,0.,0.));
#9054 = PCURVE('',#4360,#9055);
#9055 = DEFINITIONAL_REPRESENTATION('',(#9056),#9059);
#9056 = B_SPLINE_CURVE_WITH_KNOTS('',1,(#9057,#9058),.UNSPECIFIED.,.F.,
  .F.,(2,2),(-3.15,0.),.PIECEWISE_BEZIER_KNOTS.);
#9057 = CARTESIAN_POINT('',(2.61629509039,-3.15));
#9058 = CARTESIAN_POINT('',(2.61629509039,0.));
#9059 = ( GEOMETRIC_REPRESENTATION_CONTEXT(2) 
PARAMETRIC_REPRESENTATION_CONTEXT() REPRESENTATION_CONTEXT('2D SPACE',''
  ) );
#9060 = PCURVE('',#8419,#9061);
#9061 = DEFINITIONAL_REPRESENTATION('',(#9062),#9065);
#9062 = B_SPLINE_CURVE_WITH_KNOTS('',1,(#9063,#9064),.UNSPECIFIED.,.F.,
  .F.,(2,2),(-3.15,0.),.PIECEWISE_BEZIER_KNOTS.);
#9063 = CARTESIAN_POINT('',(0.575,-3.15));
#9064 = CARTESIAN_POINT('',(0.575,0.));
#9065 = ( GEOMETRIC_REPRESENTATION_CONTEXT(2) 
PARAMETRIC_REPRESENTATION_CONTEXT() REPRESENTATION_CONTEXT('2D SPACE',''
  ) );
#9066 = ADVANCED_FACE('',(#9067),#4771,.T.);
#9067 = FACE_BOUND('',#9068,.T.);
#9068 = EDGE_LOOP('',(#9069,#9090,#9091,#9092));
#9069 = ORIENTED_EDGE('',*,*,#9070,.F.);
#9070 = EDGE_CURVE('',#8043,#4726,#9071,.T.);
#9071 = SURFACE_CURVE('',#9072,(#9076,#9083),.PCURVE_S1.);
#9072 = LINE('',#9073,#9074);
#9073 = CARTESIAN_POINT('',(46.7,-10.475,7.7));
#9074 = VECTOR('',#9075,1.);
#9075 = DIRECTION('',(1.,0.,0.));
#9076 = PCURVE('',#4771,#9077);
#9077 = DEFINITIONAL_REPRESENTATION('',(#9078),#9082);
#9078 = LINE('',#9079,#9080);
#9079 = CARTESIAN_POINT('',(0.,0.));
#9080 = VECTOR('',#9081,1.);
#9081 = DIRECTION('',(0.,1.));
#9082 = ( GEOMETRIC_REPRESENTATION_CONTEXT(2) 
PARAMETRIC_REPRESENTATION_CONTEXT() REPRESENTATION_CONTEXT('2D SPACE',''
  ) );
#9083 = PCURVE('',#4742,#9084);
#9084 = DEFINITIONAL_REPRESENTATION('',(#9085),#9089);
#9085 = LINE('',#9086,#9087);
#9086 = CARTESIAN_POINT('',(0.,0.));
#9087 = VECTOR('',#9088,1.);
#9088 = DIRECTION('',(1.,0.));
#9089 = ( GEOMETRIC_REPRESENTATION_CONTEXT(2) 
PARAMETRIC_REPRESENTATION_CONTEXT() REPRESENTATION_CONTEXT('2D SPACE',''
  ) );
#9090 = ORIENTED_EDGE('',*,*,#8064,.T.);
#9091 = ORIENTED_EDGE('',*,*,#8112,.T.);
#9092 = ORIENTED_EDGE('',*,*,#4758,.T.);
#9093 = ADVANCED_FACE('',(#9094),#4742,.T.);
#9094 = FACE_BOUND('',#9095,.T.);
#9095 = EDGE_LOOP('',(#9096,#9117,#9118,#9119));
#9096 = ORIENTED_EDGE('',*,*,#9097,.F.);
#9097 = EDGE_CURVE('',#8020,#4700,#9098,.T.);
#9098 = SURFACE_CURVE('',#9099,(#9103,#9110),.PCURVE_S1.);
#9099 = LINE('',#9100,#9101);
#9100 = CARTESIAN_POINT('',(46.7,-9.875,7.7));
#9101 = VECTOR('',#9102,1.);
#9102 = DIRECTION('',(1.,0.,0.));
#9103 = PCURVE('',#4742,#9104);
#9104 = DEFINITIONAL_REPRESENTATION('',(#9105),#9109);
#9105 = LINE('',#9106,#9107);
#9106 = CARTESIAN_POINT('',(0.,0.6));
#9107 = VECTOR('',#9108,1.);
#9108 = DIRECTION('',(1.,0.));
#9109 = ( GEOMETRIC_REPRESENTATION_CONTEXT(2) 
PARAMETRIC_REPRESENTATION_CONTEXT() REPRESENTATION_CONTEXT('2D SPACE',''
  ) );
#9110 = PCURVE('',#4714,#9111);
#9111 = DEFINITIONAL_REPRESENTATION('',(#9112),#9116);
#9112 = LINE('',#9113,#9114);
#9113 = CARTESIAN_POINT('',(0.,0.));
#9114 = VECTOR('',#9115,1.);
#9115 = DIRECTION('',(0.,1.));
#9116 = ( GEOMETRIC_REPRESENTATION_CONTEXT(2) 
PARAMETRIC_REPRESENTATION_CONTEXT() REPRESENTATION_CONTEXT('2D SPACE',''
  ) );
#9117 = ORIENTED_EDGE('',*,*,#8042,.T.);
#9118 = ORIENTED_EDGE('',*,*,#9070,.T.);
#9119 = ORIENTED_EDGE('',*,*,#4725,.F.);
#9120 = ADVANCED_FACE('',(#9121),#4714,.F.);
#9121 = FACE_BOUND('',#9122,.F.);
#9122 = EDGE_LOOP('',(#9123,#9124,#9125,#9126));
#9123 = ORIENTED_EDGE('',*,*,#9097,.F.);
#9124 = ORIENTED_EDGE('',*,*,#8019,.T.);
#9125 = ORIENTED_EDGE('',*,*,#6217,.T.);
#9126 = ORIENTED_EDGE('',*,*,#4699,.T.);
#9127 = ADVANCED_FACE('',(#9128),#5022,.T.);
#9128 = FACE_BOUND('',#9129,.F.);
#9129 = EDGE_LOOP('',(#9130));
#9130 = ORIENTED_EDGE('',*,*,#5007,.F.);
#9131 = ADVANCED_FACE('',(#9132),#5077,.T.);
#9132 = FACE_BOUND('',#9133,.F.);
#9133 = EDGE_LOOP('',(#9134));
#9134 = ORIENTED_EDGE('',*,*,#5062,.F.);
#9135 = ADVANCED_FACE('',(#9136),#5132,.T.);
#9136 = FACE_BOUND('',#9137,.F.);
#9137 = EDGE_LOOP('',(#9138));
#9138 = ORIENTED_EDGE('',*,*,#5117,.F.);
#9139 = ADVANCED_FACE('',(#9140),#5187,.T.);
#9140 = FACE_BOUND('',#9141,.F.);
#9141 = EDGE_LOOP('',(#9142));
#9142 = ORIENTED_EDGE('',*,*,#5172,.F.);
#9143 = ADVANCED_FACE('',(#9144),#5661,.F.);
#9144 = FACE_BOUND('',#9145,.F.);
#9145 = EDGE_LOOP('',(#9146,#9147,#9148,#9149));
#9146 = ORIENTED_EDGE('',*,*,#5645,.F.);
#9147 = ORIENTED_EDGE('',*,*,#6809,.T.);
#9148 = ORIENTED_EDGE('',*,*,#6859,.T.);
#9149 = ORIENTED_EDGE('',*,*,#6907,.F.);
#9150 = ADVANCED_FACE('',(#9151),#5542,.T.);
#9151 = FACE_BOUND('',#9152,.T.);
#9152 = EDGE_LOOP('',(#9153,#9154,#9155,#9156));
#9153 = ORIENTED_EDGE('',*,*,#5526,.F.);
#9154 = ORIENTED_EDGE('',*,*,#7887,.T.);
#9155 = ORIENTED_EDGE('',*,*,#7959,.T.);
#9156 = ORIENTED_EDGE('',*,*,#7985,.F.);
#9157 = ADVANCED_FACE('',(#9158),#7159,.F.);
#9158 = FACE_BOUND('',#9159,.F.);
#9159 = EDGE_LOOP('',(#9160,#9181,#9182,#9183));
#9160 = ORIENTED_EDGE('',*,*,#9161,.F.);
#9161 = EDGE_CURVE('',#7389,#7814,#9162,.T.);
#9162 = SURFACE_CURVE('',#9163,(#9167,#9174),.PCURVE_S1.);
#9163 = LINE('',#9164,#9165);
#9164 = CARTESIAN_POINT('',(26.55,10.475,7.7));
#9165 = VECTOR('',#9166,1.);
#9166 = DIRECTION('',(1.,0.,0.));
#9167 = PCURVE('',#7159,#9168);
#9168 = DEFINITIONAL_REPRESENTATION('',(#9169),#9173);
#9169 = LINE('',#9170,#9171);
#9170 = CARTESIAN_POINT('',(0.,0.));
#9171 = VECTOR('',#9172,1.);
#9172 = DIRECTION('',(0.,1.));
#9173 = ( GEOMETRIC_REPRESENTATION_CONTEXT(2) 
PARAMETRIC_REPRESENTATION_CONTEXT() REPRESENTATION_CONTEXT('2D SPACE',''
  ) );
#9174 = PCURVE('',#7426,#9175);
#9175 = DEFINITIONAL_REPRESENTATION('',(#9176),#9180);
#9176 = LINE('',#9177,#9178);
#9177 = CARTESIAN_POINT('',(0.,0.6));
#9178 = VECTOR('',#9179,1.);
#9179 = DIRECTION('',(1.,0.));
#9180 = ( GEOMETRIC_REPRESENTATION_CONTEXT(2) 
PARAMETRIC_REPRESENTATION_CONTEXT() REPRESENTATION_CONTEXT('2D SPACE',''
  ) );
#9181 = ORIENTED_EDGE('',*,*,#7388,.F.);
#9182 = ORIENTED_EDGE('',*,*,#7144,.F.);
#9183 = ORIENTED_EDGE('',*,*,#7835,.T.);
#9184 = ADVANCED_FACE('',(#9185),#7213,.T.);
#9185 = FACE_BOUND('',#9186,.T.);
#9186 = EDGE_LOOP('',(#9187,#9188,#9211,#9239));
#9187 = ORIENTED_EDGE('',*,*,#7195,.F.);
#9188 = ORIENTED_EDGE('',*,*,#9189,.T.);
#9189 = EDGE_CURVE('',#7196,#9190,#9192,.T.);
#9190 = VERTEX_POINT('',#9191);
#9191 = CARTESIAN_POINT('',(27.85,7.2,10.5));
#9192 = SURFACE_CURVE('',#9193,(#9197,#9204),.PCURVE_S1.);
#9193 = LINE('',#9194,#9195);
#9194 = CARTESIAN_POINT('',(27.05,7.2,10.5));
#9195 = VECTOR('',#9196,1.);
#9196 = DIRECTION('',(1.,0.,0.));
#9197 = PCURVE('',#7213,#9198);
#9198 = DEFINITIONAL_REPRESENTATION('',(#9199),#9203);
#9199 = LINE('',#9200,#9201);
#9200 = CARTESIAN_POINT('',(0.,0.));
#9201 = VECTOR('',#9202,1.);
#9202 = DIRECTION('',(1.,0.));
#9203 = ( GEOMETRIC_REPRESENTATION_CONTEXT(2) 
PARAMETRIC_REPRESENTATION_CONTEXT() REPRESENTATION_CONTEXT('2D SPACE',''
  ) );
#9204 = PCURVE('',#7241,#9205);
#9205 = DEFINITIONAL_REPRESENTATION('',(#9206),#9210);
#9206 = LINE('',#9207,#9208);
#9207 = CARTESIAN_POINT('',(1.2,0.));
#9208 = VECTOR('',#9209,1.);
#9209 = DIRECTION('',(0.,1.));
#9210 = ( GEOMETRIC_REPRESENTATION_CONTEXT(2) 
PARAMETRIC_REPRESENTATION_CONTEXT() REPRESENTATION_CONTEXT('2D SPACE',''
  ) );
#9211 = ORIENTED_EDGE('',*,*,#9212,.T.);
#9212 = EDGE_CURVE('',#9190,#9213,#9215,.T.);
#9213 = VERTEX_POINT('',#9214);
#9214 = CARTESIAN_POINT('',(27.85,9.075,10.5));
#9215 = SURFACE_CURVE('',#9216,(#9220,#9227),.PCURVE_S1.);
#9216 = LINE('',#9217,#9218);
#9217 = CARTESIAN_POINT('',(27.85,7.2,10.5));
#9218 = VECTOR('',#9219,1.);
#9219 = DIRECTION('',(0.,1.,0.));
#9220 = PCURVE('',#7213,#9221);
#9221 = DEFINITIONAL_REPRESENTATION('',(#9222),#9226);
#9222 = LINE('',#9223,#9224);
#9223 = CARTESIAN_POINT('',(0.8,0.));
#9224 = VECTOR('',#9225,1.);
#9225 = DIRECTION('',(0.,1.));
#9226 = ( GEOMETRIC_REPRESENTATION_CONTEXT(2) 
PARAMETRIC_REPRESENTATION_CONTEXT() REPRESENTATION_CONTEXT('2D SPACE',''
  ) );
#9227 = PCURVE('',#9228,#9233);
#9228 = PLANE('',#9229);
#9229 = AXIS2_PLACEMENT_3D('',#9230,#9231,#9232);
#9230 = CARTESIAN_POINT('',(27.85,7.2,9.3));
#9231 = DIRECTION('',(1.,0.,0.));
#9232 = DIRECTION('',(0.,0.,1.));
#9233 = DEFINITIONAL_REPRESENTATION('',(#9234),#9238);
#9234 = LINE('',#9235,#9236);
#9235 = CARTESIAN_POINT('',(1.2,0.));
#9236 = VECTOR('',#9237,1.);
#9237 = DIRECTION('',(0.,-1.));
#9238 = ( GEOMETRIC_REPRESENTATION_CONTEXT(2) 
PARAMETRIC_REPRESENTATION_CONTEXT() REPRESENTATION_CONTEXT('2D SPACE',''
  ) );
#9239 = ORIENTED_EDGE('',*,*,#9240,.T.);
#9240 = EDGE_CURVE('',#9213,#7198,#9241,.T.);
#9241 = SURFACE_CURVE('',#9242,(#9246,#9252),.PCURVE_S1.);
#9242 = LINE('',#9243,#9244);
#9243 = CARTESIAN_POINT('',(27.05,9.075,10.5));
#9244 = VECTOR('',#9245,1.);
#9245 = DIRECTION('',(-1.,0.,0.));
#9246 = PCURVE('',#7213,#9247);
#9247 = DEFINITIONAL_REPRESENTATION('',(#9248),#9251);
#9248 = B_SPLINE_CURVE_WITH_KNOTS('',1,(#9249,#9250),.UNSPECIFIED.,.F.,
  .F.,(2,2),(-0.8,0.),.PIECEWISE_BEZIER_KNOTS.);
#9249 = CARTESIAN_POINT('',(0.8,1.875));
#9250 = CARTESIAN_POINT('',(0.,1.875));
#9251 = ( GEOMETRIC_REPRESENTATION_CONTEXT(2) 
PARAMETRIC_REPRESENTATION_CONTEXT() REPRESENTATION_CONTEXT('2D SPACE',''
  ) );
#9252 = PCURVE('',#7563,#9253);
#9253 = DEFINITIONAL_REPRESENTATION('',(#9254),#9257);
#9254 = B_SPLINE_CURVE_WITH_KNOTS('',1,(#9255,#9256),.UNSPECIFIED.,.F.,
  .F.,(2,2),(-0.8,0.),.PIECEWISE_BEZIER_KNOTS.);
#9255 = CARTESIAN_POINT('',(2.8,-0.8));
#9256 = CARTESIAN_POINT('',(2.8,0.));
#9257 = ( GEOMETRIC_REPRESENTATION_CONTEXT(2) 
PARAMETRIC_REPRESENTATION_CONTEXT() REPRESENTATION_CONTEXT('2D SPACE',''
  ) );
#9258 = ADVANCED_FACE('',(#9259),#7563,.T.);
#9259 = FACE_BOUND('',#9260,.T.);
#9260 = EDGE_LOOP('',(#9261,#9262,#9263,#9284,#9303,#9304));
#9261 = ORIENTED_EDGE('',*,*,#7549,.F.);
#9262 = ORIENTED_EDGE('',*,*,#9240,.F.);
#9263 = ORIENTED_EDGE('',*,*,#9264,.F.);
#9264 = EDGE_CURVE('',#9265,#9213,#9267,.T.);
#9265 = VERTEX_POINT('',#9266);
#9266 = CARTESIAN_POINT('',(27.85,9.075,9.3));
#9267 = SURFACE_CURVE('',#9268,(#9272,#9278),.PCURVE_S1.);
#9268 = LINE('',#9269,#9270);
#9269 = CARTESIAN_POINT('',(27.85,9.075,8.5));
#9270 = VECTOR('',#9271,1.);
#9271 = DIRECTION('',(0.,0.,1.));
#9272 = PCURVE('',#7563,#9273);
#9273 = DEFINITIONAL_REPRESENTATION('',(#9274),#9277);
#9274 = B_SPLINE_CURVE_WITH_KNOTS('',1,(#9275,#9276),.UNSPECIFIED.,.F.,
  .F.,(2,2),(0.8,2.),.PIECEWISE_BEZIER_KNOTS.);
#9275 = CARTESIAN_POINT('',(1.6,-0.8));
#9276 = CARTESIAN_POINT('',(2.8,-0.8));
#9277 = ( GEOMETRIC_REPRESENTATION_CONTEXT(2) 
PARAMETRIC_REPRESENTATION_CONTEXT() REPRESENTATION_CONTEXT('2D SPACE',''
  ) );
#9278 = PCURVE('',#9228,#9279);
#9279 = DEFINITIONAL_REPRESENTATION('',(#9280),#9283);
#9280 = B_SPLINE_CURVE_WITH_KNOTS('',1,(#9281,#9282),.UNSPECIFIED.,.F.,
  .F.,(2,2),(0.8,2.),.PIECEWISE_BEZIER_KNOTS.);
#9281 = CARTESIAN_POINT('',(0.,-1.875));
#9282 = CARTESIAN_POINT('',(1.2,-1.875));
#9283 = ( GEOMETRIC_REPRESENTATION_CONTEXT(2) 
PARAMETRIC_REPRESENTATION_CONTEXT() REPRESENTATION_CONTEXT('2D SPACE',''
  ) );
#9284 = ORIENTED_EDGE('',*,*,#9285,.T.);
#9285 = EDGE_CURVE('',#9265,#7671,#9286,.T.);
#9286 = SURFACE_CURVE('',#9287,(#9291,#9297),.PCURVE_S1.);
#9287 = LINE('',#9288,#9289);
#9288 = CARTESIAN_POINT('',(27.05,9.075,9.3));
#9289 = VECTOR('',#9290,1.);
#9290 = DIRECTION('',(1.,0.,0.));
#9291 = PCURVE('',#7563,#9292);
#9292 = DEFINITIONAL_REPRESENTATION('',(#9293),#9296);
#9293 = B_SPLINE_CURVE_WITH_KNOTS('',1,(#9294,#9295),.UNSPECIFIED.,.F.,
  .F.,(2,2),(0.,3.15),.PIECEWISE_BEZIER_KNOTS.);
#9294 = CARTESIAN_POINT('',(1.6,0.));
#9295 = CARTESIAN_POINT('',(1.6,-3.15));
#9296 = ( GEOMETRIC_REPRESENTATION_CONTEXT(2) 
PARAMETRIC_REPRESENTATION_CONTEXT() REPRESENTATION_CONTEXT('2D SPACE',''
  ) );
#9297 = PCURVE('',#7686,#9298);
#9298 = DEFINITIONAL_REPRESENTATION('',(#9299),#9302);
#9299 = B_SPLINE_CURVE_WITH_KNOTS('',1,(#9300,#9301),.UNSPECIFIED.,.F.,
  .F.,(2,2),(0.,3.15),.PIECEWISE_BEZIER_KNOTS.);
#9300 = CARTESIAN_POINT('',(1.375,0.));
#9301 = CARTESIAN_POINT('',(1.375,-3.15));
#9302 = ( GEOMETRIC_REPRESENTATION_CONTEXT(2) 
PARAMETRIC_REPRESENTATION_CONTEXT() REPRESENTATION_CONTEXT('2D SPACE',''
  ) );
#9303 = ORIENTED_EDGE('',*,*,#7698,.T.);
#9304 = ORIENTED_EDGE('',*,*,#9305,.F.);
#9305 = EDGE_CURVE('',#7522,#7699,#9306,.T.);
#9306 = SURFACE_CURVE('',#9307,(#9311,#9318),.PCURVE_S1.);
#9307 = LINE('',#9308,#9309);
#9308 = CARTESIAN_POINT('',(27.05,9.075,10.65));
#9309 = VECTOR('',#9310,1.);
#9310 = DIRECTION('',(1.,0.,0.));
#9311 = PCURVE('',#7563,#9312);
#9312 = DEFINITIONAL_REPRESENTATION('',(#9313),#9317);
#9313 = LINE('',#9314,#9315);
#9314 = CARTESIAN_POINT('',(2.95,0.));
#9315 = VECTOR('',#9316,1.);
#9316 = DIRECTION('',(0.,-1.));
#9317 = ( GEOMETRIC_REPRESENTATION_CONTEXT(2) 
PARAMETRIC_REPRESENTATION_CONTEXT() REPRESENTATION_CONTEXT('2D SPACE',''
  ) );
#9318 = PCURVE('',#7537,#9319);
#9319 = DEFINITIONAL_REPRESENTATION('',(#9320),#9324);
#9320 = LINE('',#9321,#9322);
#9321 = CARTESIAN_POINT('',(0.,0.));
#9322 = VECTOR('',#9323,1.);
#9323 = DIRECTION('',(0.,-1.));
#9324 = ( GEOMETRIC_REPRESENTATION_CONTEXT(2) 
PARAMETRIC_REPRESENTATION_CONTEXT() REPRESENTATION_CONTEXT('2D SPACE',''
  ) );
#9325 = ADVANCED_FACE('',(#9326),#7537,.T.);
#9326 = FACE_BOUND('',#9327,.T.);
#9327 = EDGE_LOOP('',(#9328,#9329,#9330,#9351));
#9328 = ORIENTED_EDGE('',*,*,#9305,.T.);
#9329 = ORIENTED_EDGE('',*,*,#7721,.T.);
#9330 = ORIENTED_EDGE('',*,*,#9331,.F.);
#9331 = EDGE_CURVE('',#7494,#7722,#9332,.T.);
#9332 = SURFACE_CURVE('',#9333,(#9337,#9344),.PCURVE_S1.);
#9333 = LINE('',#9334,#9335);
#9334 = CARTESIAN_POINT('',(27.05,8.65,10.65));
#9335 = VECTOR('',#9336,1.);
#9336 = DIRECTION('',(1.,0.,0.));
#9337 = PCURVE('',#7537,#9338);
#9338 = DEFINITIONAL_REPRESENTATION('',(#9339),#9343);
#9339 = LINE('',#9340,#9341);
#9340 = CARTESIAN_POINT('',(0.425,0.));
#9341 = VECTOR('',#9342,1.);
#9342 = DIRECTION('',(0.,-1.));
#9343 = ( GEOMETRIC_REPRESENTATION_CONTEXT(2) 
PARAMETRIC_REPRESENTATION_CONTEXT() REPRESENTATION_CONTEXT('2D SPACE',''
  ) );
#9344 = PCURVE('',#7509,#9345);
#9345 = DEFINITIONAL_REPRESENTATION('',(#9346),#9350);
#9346 = LINE('',#9347,#9348);
#9347 = CARTESIAN_POINT('',(0.,0.));
#9348 = VECTOR('',#9349,1.);
#9349 = DIRECTION('',(0.,-1.));
#9350 = ( GEOMETRIC_REPRESENTATION_CONTEXT(2) 
PARAMETRIC_REPRESENTATION_CONTEXT() REPRESENTATION_CONTEXT('2D SPACE',''
  ) );
#9351 = ORIENTED_EDGE('',*,*,#7521,.F.);
#9352 = ADVANCED_FACE('',(#9353),#7509,.T.);
#9353 = FACE_BOUND('',#9354,.T.);
#9354 = EDGE_LOOP('',(#9355,#9356,#9357,#9378));
#9355 = ORIENTED_EDGE('',*,*,#9331,.T.);
#9356 = ORIENTED_EDGE('',*,*,#7744,.T.);
#9357 = ORIENTED_EDGE('',*,*,#9358,.F.);
#9358 = EDGE_CURVE('',#7466,#7745,#9359,.T.);
#9359 = SURFACE_CURVE('',#9360,(#9364,#9371),.PCURVE_S1.);
#9360 = LINE('',#9361,#9362);
#9361 = CARTESIAN_POINT('',(27.05,9.575,11.25));
#9362 = VECTOR('',#9363,1.);
#9363 = DIRECTION('',(1.,0.,0.));
#9364 = PCURVE('',#7509,#9365);
#9365 = DEFINITIONAL_REPRESENTATION('',(#9366),#9370);
#9366 = LINE('',#9367,#9368);
#9367 = CARTESIAN_POINT('',(1.10255385356,0.));
#9368 = VECTOR('',#9369,1.);
#9369 = DIRECTION('',(0.,-1.));
#9370 = ( GEOMETRIC_REPRESENTATION_CONTEXT(2) 
PARAMETRIC_REPRESENTATION_CONTEXT() REPRESENTATION_CONTEXT('2D SPACE',''
  ) );
#9371 = PCURVE('',#7481,#9372);
#9372 = DEFINITIONAL_REPRESENTATION('',(#9373),#9377);
#9373 = LINE('',#9374,#9375);
#9374 = CARTESIAN_POINT('',(0.,0.));
#9375 = VECTOR('',#9376,1.);
#9376 = DIRECTION('',(0.,-1.));
#9377 = ( GEOMETRIC_REPRESENTATION_CONTEXT(2) 
PARAMETRIC_REPRESENTATION_CONTEXT() REPRESENTATION_CONTEXT('2D SPACE',''
  ) );
#9378 = ORIENTED_EDGE('',*,*,#7493,.F.);
#9379 = ADVANCED_FACE('',(#9380),#7481,.T.);
#9380 = FACE_BOUND('',#9381,.T.);
#9381 = EDGE_LOOP('',(#9382,#9383,#9384,#9405));
#9382 = ORIENTED_EDGE('',*,*,#9358,.T.);
#9383 = ORIENTED_EDGE('',*,*,#7767,.T.);
#9384 = ORIENTED_EDGE('',*,*,#9385,.F.);
#9385 = EDGE_CURVE('',#7438,#7768,#9386,.T.);
#9386 = SURFACE_CURVE('',#9387,(#9391,#9398),.PCURVE_S1.);
#9387 = LINE('',#9388,#9389);
#9388 = CARTESIAN_POINT('',(27.05,9.875,11.25));
#9389 = VECTOR('',#9390,1.);
#9390 = DIRECTION('',(1.,0.,0.));
#9391 = PCURVE('',#7481,#9392);
#9392 = DEFINITIONAL_REPRESENTATION('',(#9393),#9397);
#9393 = LINE('',#9394,#9395);
#9394 = CARTESIAN_POINT('',(0.3,0.));
#9395 = VECTOR('',#9396,1.);
#9396 = DIRECTION('',(0.,-1.));
#9397 = ( GEOMETRIC_REPRESENTATION_CONTEXT(2) 
PARAMETRIC_REPRESENTATION_CONTEXT() REPRESENTATION_CONTEXT('2D SPACE',''
  ) );
#9398 = PCURVE('',#7453,#9399);
#9399 = DEFINITIONAL_REPRESENTATION('',(#9400),#9404);
#9400 = LINE('',#9401,#9402);
#9401 = CARTESIAN_POINT('',(3.55,0.5));
#9402 = VECTOR('',#9403,1.);
#9403 = DIRECTION('',(0.,1.));
#9404 = ( GEOMETRIC_REPRESENTATION_CONTEXT(2) 
PARAMETRIC_REPRESENTATION_CONTEXT() REPRESENTATION_CONTEXT('2D SPACE',''
  ) );
#9405 = ORIENTED_EDGE('',*,*,#7465,.F.);
#9406 = ADVANCED_FACE('',(#9407),#7453,.T.);
#9407 = FACE_BOUND('',#9408,.T.);
#9408 = EDGE_LOOP('',(#9409,#9430,#9431,#9432));
#9409 = ORIENTED_EDGE('',*,*,#9410,.F.);
#9410 = EDGE_CURVE('',#7411,#7791,#9411,.T.);
#9411 = SURFACE_CURVE('',#9412,(#9416,#9423),.PCURVE_S1.);
#9412 = LINE('',#9413,#9414);
#9413 = CARTESIAN_POINT('',(26.55,9.875,7.7));
#9414 = VECTOR('',#9415,1.);
#9415 = DIRECTION('',(1.,0.,0.));
#9416 = PCURVE('',#7453,#9417);
#9417 = DEFINITIONAL_REPRESENTATION('',(#9418),#9422);
#9418 = LINE('',#9419,#9420);
#9419 = CARTESIAN_POINT('',(0.,0.));
#9420 = VECTOR('',#9421,1.);
#9421 = DIRECTION('',(0.,1.));
#9422 = ( GEOMETRIC_REPRESENTATION_CONTEXT(2) 
PARAMETRIC_REPRESENTATION_CONTEXT() REPRESENTATION_CONTEXT('2D SPACE',''
  ) );
#9423 = PCURVE('',#7426,#9424);
#9424 = DEFINITIONAL_REPRESENTATION('',(#9425),#9429);
#9425 = LINE('',#9426,#9427);
#9426 = CARTESIAN_POINT('',(0.,0.));
#9427 = VECTOR('',#9428,1.);
#9428 = DIRECTION('',(1.,0.));
#9429 = ( GEOMETRIC_REPRESENTATION_CONTEXT(2) 
PARAMETRIC_REPRESENTATION_CONTEXT() REPRESENTATION_CONTEXT('2D SPACE',''
  ) );
#9430 = ORIENTED_EDGE('',*,*,#7437,.F.);
#9431 = ORIENTED_EDGE('',*,*,#9385,.T.);
#9432 = ORIENTED_EDGE('',*,*,#7790,.F.);
#9433 = ADVANCED_FACE('',(#9434),#7426,.T.);
#9434 = FACE_BOUND('',#9435,.T.);
#9435 = EDGE_LOOP('',(#9436,#9437,#9438,#9439));
#9436 = ORIENTED_EDGE('',*,*,#9161,.F.);
#9437 = ORIENTED_EDGE('',*,*,#7410,.F.);
#9438 = ORIENTED_EDGE('',*,*,#9410,.T.);
#9439 = ORIENTED_EDGE('',*,*,#7813,.T.);
#9440 = ADVANCED_FACE('',(#9441),#7353,.T.);
#9441 = FACE_BOUND('',#9442,.T.);
#9442 = EDGE_LOOP('',(#9443,#9444,#9445,#9446));
#9443 = ORIENTED_EDGE('',*,*,#7337,.F.);
#9444 = ORIENTED_EDGE('',*,*,#7863,.T.);
#9445 = ORIENTED_EDGE('',*,*,#7601,.T.);
#9446 = ORIENTED_EDGE('',*,*,#9447,.F.);
#9447 = EDGE_CURVE('',#7310,#7602,#9448,.T.);
#9448 = SURFACE_CURVE('',#9449,(#9453,#9460),.PCURVE_S1.);
#9449 = LINE('',#9450,#9451);
#9450 = CARTESIAN_POINT('',(27.05,9.075,7.7));
#9451 = VECTOR('',#9452,1.);
#9452 = DIRECTION('',(1.,0.,0.));
#9453 = PCURVE('',#7353,#9454);
#9454 = DEFINITIONAL_REPRESENTATION('',(#9455),#9459);
#9455 = LINE('',#9456,#9457);
#9456 = CARTESIAN_POINT('',(0.8,0.));
#9457 = VECTOR('',#9458,1.);
#9458 = DIRECTION('',(0.,-1.));
#9459 = ( GEOMETRIC_REPRESENTATION_CONTEXT(2) 
PARAMETRIC_REPRESENTATION_CONTEXT() REPRESENTATION_CONTEXT('2D SPACE',''
  ) );
#9460 = PCURVE('',#7325,#9461);
#9461 = DEFINITIONAL_REPRESENTATION('',(#9462),#9466);
#9462 = LINE('',#9463,#9464);
#9463 = CARTESIAN_POINT('',(0.,0.));
#9464 = VECTOR('',#9465,1.);
#9465 = DIRECTION('',(0.,-1.));
#9466 = ( GEOMETRIC_REPRESENTATION_CONTEXT(2) 
PARAMETRIC_REPRESENTATION_CONTEXT() REPRESENTATION_CONTEXT('2D SPACE',''
  ) );
#9467 = ADVANCED_FACE('',(#9468),#7325,.T.);
#9468 = FACE_BOUND('',#9469,.T.);
#9469 = EDGE_LOOP('',(#9470,#9471,#9472,#9473));
#9470 = ORIENTED_EDGE('',*,*,#7309,.F.);
#9471 = ORIENTED_EDGE('',*,*,#9447,.T.);
#9472 = ORIENTED_EDGE('',*,*,#7624,.T.);
#9473 = ORIENTED_EDGE('',*,*,#9474,.T.);
#9474 = EDGE_CURVE('',#7625,#7282,#9475,.T.);
#9475 = SURFACE_CURVE('',#9476,(#9480,#9486),.PCURVE_S1.);
#9476 = LINE('',#9477,#9478);
#9477 = CARTESIAN_POINT('',(27.05,9.075,7.925));
#9478 = VECTOR('',#9479,1.);
#9479 = DIRECTION('',(-1.,0.,0.));
#9480 = PCURVE('',#7325,#9481);
#9481 = DEFINITIONAL_REPRESENTATION('',(#9482),#9485);
#9482 = B_SPLINE_CURVE_WITH_KNOTS('',1,(#9483,#9484),.UNSPECIFIED.,.F.,
  .F.,(2,2),(-3.15,0.),.PIECEWISE_BEZIER_KNOTS.);
#9483 = CARTESIAN_POINT('',(0.225,-3.15));
#9484 = CARTESIAN_POINT('',(0.225,0.));
#9485 = ( GEOMETRIC_REPRESENTATION_CONTEXT(2) 
PARAMETRIC_REPRESENTATION_CONTEXT() REPRESENTATION_CONTEXT('2D SPACE',''
  ) );
#9486 = PCURVE('',#7297,#9487);
#9487 = DEFINITIONAL_REPRESENTATION('',(#9488),#9491);
#9488 = B_SPLINE_CURVE_WITH_KNOTS('',1,(#9489,#9490),.UNSPECIFIED.,.F.,
  .F.,(2,2),(-3.15,0.),.PIECEWISE_BEZIER_KNOTS.);
#9489 = CARTESIAN_POINT('',(2.934493141924,-3.15));
#9490 = CARTESIAN_POINT('',(2.934493141924,0.));
#9491 = ( GEOMETRIC_REPRESENTATION_CONTEXT(2) 
PARAMETRIC_REPRESENTATION_CONTEXT() REPRESENTATION_CONTEXT('2D SPACE',''
  ) );
#9492 = ADVANCED_FACE('',(#9493),#7297,.T.);
#9493 = FACE_BOUND('',#9494,.T.);
#9494 = EDGE_LOOP('',(#9495,#9496,#9497,#9498,#9521));
#9495 = ORIENTED_EDGE('',*,*,#7281,.F.);
#9496 = ORIENTED_EDGE('',*,*,#9474,.F.);
#9497 = ORIENTED_EDGE('',*,*,#7647,.T.);
#9498 = ORIENTED_EDGE('',*,*,#9499,.F.);
#9499 = EDGE_CURVE('',#9500,#7648,#9502,.T.);
#9500 = VERTEX_POINT('',#9501);
#9501 = CARTESIAN_POINT('',(27.85,7.7,9.3));
#9502 = SURFACE_CURVE('',#9503,(#9507,#9514),.PCURVE_S1.);
#9503 = LINE('',#9504,#9505);
#9504 = CARTESIAN_POINT('',(27.05,7.7,9.3));
#9505 = VECTOR('',#9506,1.);
#9506 = DIRECTION('',(1.,0.,0.));
#9507 = PCURVE('',#7297,#9508);
#9508 = DEFINITIONAL_REPRESENTATION('',(#9509),#9513);
#9509 = LINE('',#9510,#9511);
#9510 = CARTESIAN_POINT('',(4.879036790187,0.));
#9511 = VECTOR('',#9512,1.);
#9512 = DIRECTION('',(0.,-1.));
#9513 = ( GEOMETRIC_REPRESENTATION_CONTEXT(2) 
PARAMETRIC_REPRESENTATION_CONTEXT() REPRESENTATION_CONTEXT('2D SPACE',''
  ) );
#9514 = PCURVE('',#7686,#9515);
#9515 = DEFINITIONAL_REPRESENTATION('',(#9516),#9520);
#9516 = LINE('',#9517,#9518);
#9517 = CARTESIAN_POINT('',(0.,0.));
#9518 = VECTOR('',#9519,1.);
#9519 = DIRECTION('',(0.,-1.));
#9520 = ( GEOMETRIC_REPRESENTATION_CONTEXT(2) 
PARAMETRIC_REPRESENTATION_CONTEXT() REPRESENTATION_CONTEXT('2D SPACE',''
  ) );
#9521 = ORIENTED_EDGE('',*,*,#9522,.F.);
#9522 = EDGE_CURVE('',#7254,#9500,#9523,.T.);
#9523 = SURFACE_CURVE('',#9524,(#9528,#9535),.PCURVE_S1.);
#9524 = LINE('',#9525,#9526);
#9525 = CARTESIAN_POINT('',(27.05,7.7,9.3));
#9526 = VECTOR('',#9527,1.);
#9527 = DIRECTION('',(1.,0.,0.));
#9528 = PCURVE('',#7297,#9529);
#9529 = DEFINITIONAL_REPRESENTATION('',(#9530),#9534);
#9530 = LINE('',#9531,#9532);
#9531 = CARTESIAN_POINT('',(4.879036790187,0.));
#9532 = VECTOR('',#9533,1.);
#9533 = DIRECTION('',(0.,-1.));
#9534 = ( GEOMETRIC_REPRESENTATION_CONTEXT(2) 
PARAMETRIC_REPRESENTATION_CONTEXT() REPRESENTATION_CONTEXT('2D SPACE',''
  ) );
#9535 = PCURVE('',#7269,#9536);
#9536 = DEFINITIONAL_REPRESENTATION('',(#9537),#9541);
#9537 = LINE('',#9538,#9539);
#9538 = CARTESIAN_POINT('',(0.,0.5));
#9539 = VECTOR('',#9540,1.);
#9540 = DIRECTION('',(1.,-0.));
#9541 = ( GEOMETRIC_REPRESENTATION_CONTEXT(2) 
PARAMETRIC_REPRESENTATION_CONTEXT() REPRESENTATION_CONTEXT('2D SPACE',''
  ) );
#9542 = ADVANCED_FACE('',(#9543),#7269,.F.);
#9543 = FACE_BOUND('',#9544,.F.);
#9544 = EDGE_LOOP('',(#9545,#9546,#9569,#9590));
#9545 = ORIENTED_EDGE('',*,*,#7253,.F.);
#9546 = ORIENTED_EDGE('',*,*,#9547,.T.);
#9547 = EDGE_CURVE('',#7226,#9548,#9550,.T.);
#9548 = VERTEX_POINT('',#9549);
#9549 = CARTESIAN_POINT('',(27.85,7.2,9.3));
#9550 = SURFACE_CURVE('',#9551,(#9555,#9562),.PCURVE_S1.);
#9551 = LINE('',#9552,#9553);
#9552 = CARTESIAN_POINT('',(27.05,7.2,9.3));
#9553 = VECTOR('',#9554,1.);
#9554 = DIRECTION('',(1.,0.,0.));
#9555 = PCURVE('',#7269,#9556);
#9556 = DEFINITIONAL_REPRESENTATION('',(#9557),#9561);
#9557 = LINE('',#9558,#9559);
#9558 = CARTESIAN_POINT('',(0.,0.));
#9559 = VECTOR('',#9560,1.);
#9560 = DIRECTION('',(1.,0.));
#9561 = ( GEOMETRIC_REPRESENTATION_CONTEXT(2) 
PARAMETRIC_REPRESENTATION_CONTEXT() REPRESENTATION_CONTEXT('2D SPACE',''
  ) );
#9562 = PCURVE('',#7241,#9563);
#9563 = DEFINITIONAL_REPRESENTATION('',(#9564),#9568);
#9564 = LINE('',#9565,#9566);
#9565 = CARTESIAN_POINT('',(0.,0.));
#9566 = VECTOR('',#9567,1.);
#9567 = DIRECTION('',(0.,1.));
#9568 = ( GEOMETRIC_REPRESENTATION_CONTEXT(2) 
PARAMETRIC_REPRESENTATION_CONTEXT() REPRESENTATION_CONTEXT('2D SPACE',''
  ) );
#9569 = ORIENTED_EDGE('',*,*,#9570,.T.);
#9570 = EDGE_CURVE('',#9548,#9500,#9571,.T.);
#9571 = SURFACE_CURVE('',#9572,(#9576,#9583),.PCURVE_S1.);
#9572 = LINE('',#9573,#9574);
#9573 = CARTESIAN_POINT('',(27.85,7.2,9.3));
#9574 = VECTOR('',#9575,1.);
#9575 = DIRECTION('',(0.,1.,0.));
#9576 = PCURVE('',#7269,#9577);
#9577 = DEFINITIONAL_REPRESENTATION('',(#9578),#9582);
#9578 = LINE('',#9579,#9580);
#9579 = CARTESIAN_POINT('',(0.8,0.));
#9580 = VECTOR('',#9581,1.);
#9581 = DIRECTION('',(0.,1.));
#9582 = ( GEOMETRIC_REPRESENTATION_CONTEXT(2) 
PARAMETRIC_REPRESENTATION_CONTEXT() REPRESENTATION_CONTEXT('2D SPACE',''
  ) );
#9583 = PCURVE('',#9228,#9584);
#9584 = DEFINITIONAL_REPRESENTATION('',(#9585),#9589);
#9585 = LINE('',#9586,#9587);
#9586 = CARTESIAN_POINT('',(0.,0.));
#9587 = VECTOR('',#9588,1.);
#9588 = DIRECTION('',(0.,-1.));
#9589 = ( GEOMETRIC_REPRESENTATION_CONTEXT(2) 
PARAMETRIC_REPRESENTATION_CONTEXT() REPRESENTATION_CONTEXT('2D SPACE',''
  ) );
#9590 = ORIENTED_EDGE('',*,*,#9522,.F.);
#9591 = ADVANCED_FACE('',(#9592),#7241,.F.);
#9592 = FACE_BOUND('',#9593,.F.);
#9593 = EDGE_LOOP('',(#9594,#9595,#9596,#9597));
#9594 = ORIENTED_EDGE('',*,*,#9547,.F.);
#9595 = ORIENTED_EDGE('',*,*,#7225,.T.);
#9596 = ORIENTED_EDGE('',*,*,#9189,.T.);
#9597 = ORIENTED_EDGE('',*,*,#9598,.F.);
#9598 = EDGE_CURVE('',#9548,#9190,#9599,.T.);
#9599 = SURFACE_CURVE('',#9600,(#9604,#9611),.PCURVE_S1.);
#9600 = LINE('',#9601,#9602);
#9601 = CARTESIAN_POINT('',(27.85,7.2,9.3));
#9602 = VECTOR('',#9603,1.);
#9603 = DIRECTION('',(0.,0.,1.));
#9604 = PCURVE('',#7241,#9605);
#9605 = DEFINITIONAL_REPRESENTATION('',(#9606),#9610);
#9606 = LINE('',#9607,#9608);
#9607 = CARTESIAN_POINT('',(0.,0.8));
#9608 = VECTOR('',#9609,1.);
#9609 = DIRECTION('',(1.,0.));
#9610 = ( GEOMETRIC_REPRESENTATION_CONTEXT(2) 
PARAMETRIC_REPRESENTATION_CONTEXT() REPRESENTATION_CONTEXT('2D SPACE',''
  ) );
#9611 = PCURVE('',#9228,#9612);
#9612 = DEFINITIONAL_REPRESENTATION('',(#9613),#9617);
#9613 = LINE('',#9614,#9615);
#9614 = CARTESIAN_POINT('',(0.,0.));
#9615 = VECTOR('',#9616,1.);
#9616 = DIRECTION('',(1.,0.));
#9617 = ( GEOMETRIC_REPRESENTATION_CONTEXT(2) 
PARAMETRIC_REPRESENTATION_CONTEXT() REPRESENTATION_CONTEXT('2D SPACE',''
  ) );
#9618 = ADVANCED_FACE('',(#9619),#7686,.T.);
#9619 = FACE_BOUND('',#9620,.T.);
#9620 = EDGE_LOOP('',(#9621,#9642,#9643,#9644));
#9621 = ORIENTED_EDGE('',*,*,#9622,.F.);
#9622 = EDGE_CURVE('',#9500,#9265,#9623,.T.);
#9623 = SURFACE_CURVE('',#9624,(#9628,#9635),.PCURVE_S1.);
#9624 = LINE('',#9625,#9626);
#9625 = CARTESIAN_POINT('',(27.85,7.2,9.3));
#9626 = VECTOR('',#9627,1.);
#9627 = DIRECTION('',(0.,1.,0.));
#9628 = PCURVE('',#7686,#9629);
#9629 = DEFINITIONAL_REPRESENTATION('',(#9630),#9634);
#9630 = LINE('',#9631,#9632);
#9631 = CARTESIAN_POINT('',(-0.5,-0.8));
#9632 = VECTOR('',#9633,1.);
#9633 = DIRECTION('',(1.,0.));
#9634 = ( GEOMETRIC_REPRESENTATION_CONTEXT(2) 
PARAMETRIC_REPRESENTATION_CONTEXT() REPRESENTATION_CONTEXT('2D SPACE',''
  ) );
#9635 = PCURVE('',#9228,#9636);
#9636 = DEFINITIONAL_REPRESENTATION('',(#9637),#9641);
#9637 = LINE('',#9638,#9639);
#9638 = CARTESIAN_POINT('',(0.,0.));
#9639 = VECTOR('',#9640,1.);
#9640 = DIRECTION('',(0.,-1.));
#9641 = ( GEOMETRIC_REPRESENTATION_CONTEXT(2) 
PARAMETRIC_REPRESENTATION_CONTEXT() REPRESENTATION_CONTEXT('2D SPACE',''
  ) );
#9642 = ORIENTED_EDGE('',*,*,#9499,.T.);
#9643 = ORIENTED_EDGE('',*,*,#7670,.T.);
#9644 = ORIENTED_EDGE('',*,*,#9285,.F.);
#9645 = ADVANCED_FACE('',(#9646),#8344,.T.);
#9646 = FACE_BOUND('',#9647,.T.);
#9647 = EDGE_LOOP('',(#9648,#9669,#9670,#9671));
#9648 = ORIENTED_EDGE('',*,*,#9649,.F.);
#9649 = EDGE_CURVE('',#9000,#8656,#9650,.T.);
#9650 = SURFACE_CURVE('',#9651,(#9655,#9662),.PCURVE_S1.);
#9651 = LINE('',#9652,#9653);
#9652 = CARTESIAN_POINT('',(26.55,-10.475,7.7));
#9653 = VECTOR('',#9654,1.);
#9654 = DIRECTION('',(1.,0.,0.));
#9655 = PCURVE('',#8344,#9656);
#9656 = DEFINITIONAL_REPRESENTATION('',(#9657),#9661);
#9657 = LINE('',#9658,#9659);
#9658 = CARTESIAN_POINT('',(0.,0.));
#9659 = VECTOR('',#9660,1.);
#9660 = DIRECTION('',(0.,1.));
#9661 = ( GEOMETRIC_REPRESENTATION_CONTEXT(2) 
PARAMETRIC_REPRESENTATION_CONTEXT() REPRESENTATION_CONTEXT('2D SPACE',''
  ) );
#9662 = PCURVE('',#8671,#9663);
#9663 = DEFINITIONAL_REPRESENTATION('',(#9664),#9668);
#9664 = LINE('',#9665,#9666);
#9665 = CARTESIAN_POINT('',(0.,0.));
#9666 = VECTOR('',#9667,1.);
#9667 = DIRECTION('',(1.,0.));
#9668 = ( GEOMETRIC_REPRESENTATION_CONTEXT(2) 
PARAMETRIC_REPRESENTATION_CONTEXT() REPRESENTATION_CONTEXT('2D SPACE',''
  ) );
#9669 = ORIENTED_EDGE('',*,*,#9021,.T.);
#9670 = ORIENTED_EDGE('',*,*,#8329,.T.);
#9671 = ORIENTED_EDGE('',*,*,#8682,.F.);
#9672 = ADVANCED_FACE('',(#9673),#8671,.T.);
#9673 = FACE_BOUND('',#9674,.T.);
#9674 = EDGE_LOOP('',(#9675,#9696,#9697,#9698));
#9675 = ORIENTED_EDGE('',*,*,#9676,.F.);
#9676 = EDGE_CURVE('',#8977,#8628,#9677,.T.);
#9677 = SURFACE_CURVE('',#9678,(#9682,#9689),.PCURVE_S1.);
#9678 = LINE('',#9679,#9680);
#9679 = CARTESIAN_POINT('',(26.55,-9.875,7.7));
#9680 = VECTOR('',#9681,1.);
#9681 = DIRECTION('',(1.,0.,0.));
#9682 = PCURVE('',#8671,#9683);
#9683 = DEFINITIONAL_REPRESENTATION('',(#9684),#9688);
#9684 = LINE('',#9685,#9686);
#9685 = CARTESIAN_POINT('',(0.,0.6));
#9686 = VECTOR('',#9687,1.);
#9687 = DIRECTION('',(1.,0.));
#9688 = ( GEOMETRIC_REPRESENTATION_CONTEXT(2) 
PARAMETRIC_REPRESENTATION_CONTEXT() REPRESENTATION_CONTEXT('2D SPACE',''
  ) );
#9689 = PCURVE('',#8643,#9690);
#9690 = DEFINITIONAL_REPRESENTATION('',(#9691),#9695);
#9691 = LINE('',#9692,#9693);
#9692 = CARTESIAN_POINT('',(0.,0.));
#9693 = VECTOR('',#9694,1.);
#9694 = DIRECTION('',(0.,1.));
#9695 = ( GEOMETRIC_REPRESENTATION_CONTEXT(2) 
PARAMETRIC_REPRESENTATION_CONTEXT() REPRESENTATION_CONTEXT('2D SPACE',''
  ) );
#9696 = ORIENTED_EDGE('',*,*,#8999,.T.);
#9697 = ORIENTED_EDGE('',*,*,#9649,.T.);
#9698 = ORIENTED_EDGE('',*,*,#8655,.F.);
#9699 = ADVANCED_FACE('',(#9700),#8643,.F.);
#9700 = FACE_BOUND('',#9701,.F.);
#9701 = EDGE_LOOP('',(#9702,#9703,#9704,#9725));
#9702 = ORIENTED_EDGE('',*,*,#9676,.F.);
#9703 = ORIENTED_EDGE('',*,*,#8976,.T.);
#9704 = ORIENTED_EDGE('',*,*,#9705,.T.);
#9705 = EDGE_CURVE('',#8954,#8600,#9706,.T.);
#9706 = SURFACE_CURVE('',#9707,(#9711,#9718),.PCURVE_S1.);
#9707 = LINE('',#9708,#9709);
#9708 = CARTESIAN_POINT('',(27.05,-9.875,11.25));
#9709 = VECTOR('',#9710,1.);
#9710 = DIRECTION('',(1.,0.,0.));
#9711 = PCURVE('',#8643,#9712);
#9712 = DEFINITIONAL_REPRESENTATION('',(#9713),#9717);
#9713 = LINE('',#9714,#9715);
#9714 = CARTESIAN_POINT('',(3.55,0.5));
#9715 = VECTOR('',#9716,1.);
#9716 = DIRECTION('',(0.,1.));
#9717 = ( GEOMETRIC_REPRESENTATION_CONTEXT(2) 
PARAMETRIC_REPRESENTATION_CONTEXT() REPRESENTATION_CONTEXT('2D SPACE',''
  ) );
#9718 = PCURVE('',#8615,#9719);
#9719 = DEFINITIONAL_REPRESENTATION('',(#9720),#9724);
#9720 = LINE('',#9721,#9722);
#9721 = CARTESIAN_POINT('',(0.3,0.));
#9722 = VECTOR('',#9723,1.);
#9723 = DIRECTION('',(0.,-1.));
#9724 = ( GEOMETRIC_REPRESENTATION_CONTEXT(2) 
PARAMETRIC_REPRESENTATION_CONTEXT() REPRESENTATION_CONTEXT('2D SPACE',''
  ) );
#9725 = ORIENTED_EDGE('',*,*,#8627,.T.);
#9726 = ADVANCED_FACE('',(#9727),#8615,.F.);
#9727 = FACE_BOUND('',#9728,.F.);
#9728 = EDGE_LOOP('',(#9729,#9750,#9751,#9752));
#9729 = ORIENTED_EDGE('',*,*,#9730,.T.);
#9730 = EDGE_CURVE('',#8931,#8572,#9731,.T.);
#9731 = SURFACE_CURVE('',#9732,(#9736,#9743),.PCURVE_S1.);
#9732 = LINE('',#9733,#9734);
#9733 = CARTESIAN_POINT('',(27.05,-9.575,11.25));
#9734 = VECTOR('',#9735,1.);
#9735 = DIRECTION('',(1.,0.,0.));
#9736 = PCURVE('',#8615,#9737);
#9737 = DEFINITIONAL_REPRESENTATION('',(#9738),#9742);
#9738 = LINE('',#9739,#9740);
#9739 = CARTESIAN_POINT('',(0.,-0.));
#9740 = VECTOR('',#9741,1.);
#9741 = DIRECTION('',(0.,-1.));
#9742 = ( GEOMETRIC_REPRESENTATION_CONTEXT(2) 
PARAMETRIC_REPRESENTATION_CONTEXT() REPRESENTATION_CONTEXT('2D SPACE',''
  ) );
#9743 = PCURVE('',#8587,#9744);
#9744 = DEFINITIONAL_REPRESENTATION('',(#9745),#9749);
#9745 = LINE('',#9746,#9747);
#9746 = CARTESIAN_POINT('',(1.10255385356,0.));
#9747 = VECTOR('',#9748,1.);
#9748 = DIRECTION('',(0.,-1.));
#9749 = ( GEOMETRIC_REPRESENTATION_CONTEXT(2) 
PARAMETRIC_REPRESENTATION_CONTEXT() REPRESENTATION_CONTEXT('2D SPACE',''
  ) );
#9750 = ORIENTED_EDGE('',*,*,#8599,.T.);
#9751 = ORIENTED_EDGE('',*,*,#9705,.F.);
#9752 = ORIENTED_EDGE('',*,*,#8953,.F.);
#9753 = ADVANCED_FACE('',(#9754),#8587,.F.);
#9754 = FACE_BOUND('',#9755,.F.);
#9755 = EDGE_LOOP('',(#9756,#9777,#9778,#9779));
#9756 = ORIENTED_EDGE('',*,*,#9757,.T.);
#9757 = EDGE_CURVE('',#8908,#8544,#9758,.T.);
#9758 = SURFACE_CURVE('',#9759,(#9763,#9770),.PCURVE_S1.);
#9759 = LINE('',#9760,#9761);
#9760 = CARTESIAN_POINT('',(27.05,-8.65,10.65));
#9761 = VECTOR('',#9762,1.);
#9762 = DIRECTION('',(1.,0.,0.));
#9763 = PCURVE('',#8587,#9764);
#9764 = DEFINITIONAL_REPRESENTATION('',(#9765),#9769);
#9765 = LINE('',#9766,#9767);
#9766 = CARTESIAN_POINT('',(0.,0.));
#9767 = VECTOR('',#9768,1.);
#9768 = DIRECTION('',(0.,-1.));
#9769 = ( GEOMETRIC_REPRESENTATION_CONTEXT(2) 
PARAMETRIC_REPRESENTATION_CONTEXT() REPRESENTATION_CONTEXT('2D SPACE',''
  ) );
#9770 = PCURVE('',#8559,#9771);
#9771 = DEFINITIONAL_REPRESENTATION('',(#9772),#9776);
#9772 = LINE('',#9773,#9774);
#9773 = CARTESIAN_POINT('',(0.425,0.));
#9774 = VECTOR('',#9775,1.);
#9775 = DIRECTION('',(0.,-1.));
#9776 = ( GEOMETRIC_REPRESENTATION_CONTEXT(2) 
PARAMETRIC_REPRESENTATION_CONTEXT() REPRESENTATION_CONTEXT('2D SPACE',''
  ) );
#9777 = ORIENTED_EDGE('',*,*,#8571,.T.);
#9778 = ORIENTED_EDGE('',*,*,#9730,.F.);
#9779 = ORIENTED_EDGE('',*,*,#8930,.F.);
#9780 = ADVANCED_FACE('',(#9781),#8559,.F.);
#9781 = FACE_BOUND('',#9782,.F.);
#9782 = EDGE_LOOP('',(#9783,#9804,#9805,#9806));
#9783 = ORIENTED_EDGE('',*,*,#9784,.T.);
#9784 = EDGE_CURVE('',#8885,#8516,#9785,.T.);
#9785 = SURFACE_CURVE('',#9786,(#9790,#9797),.PCURVE_S1.);
#9786 = LINE('',#9787,#9788);
#9787 = CARTESIAN_POINT('',(27.05,-9.075,10.65));
#9788 = VECTOR('',#9789,1.);
#9789 = DIRECTION('',(1.,0.,0.));
#9790 = PCURVE('',#8559,#9791);
#9791 = DEFINITIONAL_REPRESENTATION('',(#9792),#9796);
#9792 = LINE('',#9793,#9794);
#9793 = CARTESIAN_POINT('',(0.,0.));
#9794 = VECTOR('',#9795,1.);
#9795 = DIRECTION('',(0.,-1.));
#9796 = ( GEOMETRIC_REPRESENTATION_CONTEXT(2) 
PARAMETRIC_REPRESENTATION_CONTEXT() REPRESENTATION_CONTEXT('2D SPACE',''
  ) );
#9797 = PCURVE('',#8531,#9798);
#9798 = DEFINITIONAL_REPRESENTATION('',(#9799),#9803);
#9799 = LINE('',#9800,#9801);
#9800 = CARTESIAN_POINT('',(2.95,0.));
#9801 = VECTOR('',#9802,1.);
#9802 = DIRECTION('',(0.,-1.));
#9803 = ( GEOMETRIC_REPRESENTATION_CONTEXT(2) 
PARAMETRIC_REPRESENTATION_CONTEXT() REPRESENTATION_CONTEXT('2D SPACE',''
  ) );
#9804 = ORIENTED_EDGE('',*,*,#8543,.T.);
#9805 = ORIENTED_EDGE('',*,*,#9757,.F.);
#9806 = ORIENTED_EDGE('',*,*,#8907,.F.);
#9807 = ADVANCED_FACE('',(#9808),#8531,.F.);
#9808 = FACE_BOUND('',#9809,.F.);
#9809 = EDGE_LOOP('',(#9810,#9811,#9832,#9858,#9877,#9878));
#9810 = ORIENTED_EDGE('',*,*,#8884,.F.);
#9811 = ORIENTED_EDGE('',*,*,#9812,.F.);
#9812 = EDGE_CURVE('',#9813,#8857,#9815,.T.);
#9813 = VERTEX_POINT('',#9814);
#9814 = CARTESIAN_POINT('',(27.85,-9.075,10.5));
#9815 = SURFACE_CURVE('',#9816,(#9820,#9826),.PCURVE_S1.);
#9816 = LINE('',#9817,#9818);
#9817 = CARTESIAN_POINT('',(27.05,-9.075,10.5));
#9818 = VECTOR('',#9819,1.);
#9819 = DIRECTION('',(-1.,0.,0.));
#9820 = PCURVE('',#8531,#9821);
#9821 = DEFINITIONAL_REPRESENTATION('',(#9822),#9825);
#9822 = B_SPLINE_CURVE_WITH_KNOTS('',1,(#9823,#9824),.UNSPECIFIED.,.F.,
  .F.,(2,2),(-0.8,0.),.PIECEWISE_BEZIER_KNOTS.);
#9823 = CARTESIAN_POINT('',(2.8,-0.8));
#9824 = CARTESIAN_POINT('',(2.8,0.));
#9825 = ( GEOMETRIC_REPRESENTATION_CONTEXT(2) 
PARAMETRIC_REPRESENTATION_CONTEXT() REPRESENTATION_CONTEXT('2D SPACE',''
  ) );
#9826 = PCURVE('',#8872,#9827);
#9827 = DEFINITIONAL_REPRESENTATION('',(#9828),#9831);
#9828 = B_SPLINE_CURVE_WITH_KNOTS('',1,(#9829,#9830),.UNSPECIFIED.,.F.,
  .F.,(2,2),(-0.8,0.),.PIECEWISE_BEZIER_KNOTS.);
#9829 = CARTESIAN_POINT('',(0.8,0.325));
#9830 = CARTESIAN_POINT('',(0.,0.325));
#9831 = ( GEOMETRIC_REPRESENTATION_CONTEXT(2) 
PARAMETRIC_REPRESENTATION_CONTEXT() REPRESENTATION_CONTEXT('2D SPACE',''
  ) );
#9832 = ORIENTED_EDGE('',*,*,#9833,.F.);
#9833 = EDGE_CURVE('',#9834,#9813,#9836,.T.);
#9834 = VERTEX_POINT('',#9835);
#9835 = CARTESIAN_POINT('',(27.85,-9.075,9.3));
#9836 = SURFACE_CURVE('',#9837,(#9841,#9847),.PCURVE_S1.);
#9837 = LINE('',#9838,#9839);
#9838 = CARTESIAN_POINT('',(27.85,-9.075,8.5));
#9839 = VECTOR('',#9840,1.);
#9840 = DIRECTION('',(0.,0.,1.));
#9841 = PCURVE('',#8531,#9842);
#9842 = DEFINITIONAL_REPRESENTATION('',(#9843),#9846);
#9843 = B_SPLINE_CURVE_WITH_KNOTS('',1,(#9844,#9845),.UNSPECIFIED.,.F.,
  .F.,(2,2),(0.8,2.),.PIECEWISE_BEZIER_KNOTS.);
#9844 = CARTESIAN_POINT('',(1.6,-0.8));
#9845 = CARTESIAN_POINT('',(2.8,-0.8));
#9846 = ( GEOMETRIC_REPRESENTATION_CONTEXT(2) 
PARAMETRIC_REPRESENTATION_CONTEXT() REPRESENTATION_CONTEXT('2D SPACE',''
  ) );
#9847 = PCURVE('',#9848,#9853);
#9848 = PLANE('',#9849);
#9849 = AXIS2_PLACEMENT_3D('',#9850,#9851,#9852);
#9850 = CARTESIAN_POINT('',(27.85,-9.4,9.3));
#9851 = DIRECTION('',(1.,0.,0.));
#9852 = DIRECTION('',(0.,0.,1.));
#9853 = DEFINITIONAL_REPRESENTATION('',(#9854),#9857);
#9854 = B_SPLINE_CURVE_WITH_KNOTS('',1,(#9855,#9856),.UNSPECIFIED.,.F.,
  .F.,(2,2),(0.8,2.),.PIECEWISE_BEZIER_KNOTS.);
#9855 = CARTESIAN_POINT('',(0.,-0.325));
#9856 = CARTESIAN_POINT('',(1.2,-0.325));
#9857 = ( GEOMETRIC_REPRESENTATION_CONTEXT(2) 
PARAMETRIC_REPRESENTATION_CONTEXT() REPRESENTATION_CONTEXT('2D SPACE',''
  ) );
#9858 = ORIENTED_EDGE('',*,*,#9859,.F.);
#9859 = EDGE_CURVE('',#8488,#9834,#9860,.T.);
#9860 = SURFACE_CURVE('',#9861,(#9865,#9871),.PCURVE_S1.);
#9861 = LINE('',#9862,#9863);
#9862 = CARTESIAN_POINT('',(27.05,-9.075,9.3));
#9863 = VECTOR('',#9864,1.);
#9864 = DIRECTION('',(-1.,0.,-0.));
#9865 = PCURVE('',#8531,#9866);
#9866 = DEFINITIONAL_REPRESENTATION('',(#9867),#9870);
#9867 = B_SPLINE_CURVE_WITH_KNOTS('',1,(#9868,#9869),.UNSPECIFIED.,.F.,
  .F.,(2,2),(-3.15,0.),.PIECEWISE_BEZIER_KNOTS.);
#9868 = CARTESIAN_POINT('',(1.6,-3.15));
#9869 = CARTESIAN_POINT('',(1.6,0.));
#9870 = ( GEOMETRIC_REPRESENTATION_CONTEXT(2) 
PARAMETRIC_REPRESENTATION_CONTEXT() REPRESENTATION_CONTEXT('2D SPACE',''
  ) );
#9871 = PCURVE('',#8503,#9872);
#9872 = DEFINITIONAL_REPRESENTATION('',(#9873),#9876);
#9873 = B_SPLINE_CURVE_WITH_KNOTS('',1,(#9874,#9875),.UNSPECIFIED.,.F.,
  .F.,(2,2),(-3.15,0.),.PIECEWISE_BEZIER_KNOTS.);
#9874 = CARTESIAN_POINT('',(1.375,-3.15));
#9875 = CARTESIAN_POINT('',(1.375,0.));
#9876 = ( GEOMETRIC_REPRESENTATION_CONTEXT(2) 
PARAMETRIC_REPRESENTATION_CONTEXT() REPRESENTATION_CONTEXT('2D SPACE',''
  ) );
#9877 = ORIENTED_EDGE('',*,*,#8515,.T.);
#9878 = ORIENTED_EDGE('',*,*,#9784,.F.);
#9879 = ADVANCED_FACE('',(#9880),#8503,.F.);
#9880 = FACE_BOUND('',#9881,.F.);
#9881 = EDGE_LOOP('',(#9882,#9905,#9926,#9927));
#9882 = ORIENTED_EDGE('',*,*,#9883,.T.);
#9883 = EDGE_CURVE('',#9834,#9884,#9886,.T.);
#9884 = VERTEX_POINT('',#9885);
#9885 = CARTESIAN_POINT('',(27.85,-7.7,9.3));
#9886 = SURFACE_CURVE('',#9887,(#9891,#9898),.PCURVE_S1.);
#9887 = LINE('',#9888,#9889);
#9888 = CARTESIAN_POINT('',(27.85,-9.4,9.3));
#9889 = VECTOR('',#9890,1.);
#9890 = DIRECTION('',(0.,1.,0.));
#9891 = PCURVE('',#8503,#9892);
#9892 = DEFINITIONAL_REPRESENTATION('',(#9893),#9897);
#9893 = LINE('',#9894,#9895);
#9894 = CARTESIAN_POINT('',(1.7,-0.8));
#9895 = VECTOR('',#9896,1.);
#9896 = DIRECTION('',(-1.,0.));
#9897 = ( GEOMETRIC_REPRESENTATION_CONTEXT(2) 
PARAMETRIC_REPRESENTATION_CONTEXT() REPRESENTATION_CONTEXT('2D SPACE',''
  ) );
#9898 = PCURVE('',#9848,#9899);
#9899 = DEFINITIONAL_REPRESENTATION('',(#9900),#9904);
#9900 = LINE('',#9901,#9902);
#9901 = CARTESIAN_POINT('',(0.,0.));
#9902 = VECTOR('',#9903,1.);
#9903 = DIRECTION('',(0.,-1.));
#9904 = ( GEOMETRIC_REPRESENTATION_CONTEXT(2) 
PARAMETRIC_REPRESENTATION_CONTEXT() REPRESENTATION_CONTEXT('2D SPACE',''
  ) );
#9905 = ORIENTED_EDGE('',*,*,#9906,.T.);
#9906 = EDGE_CURVE('',#9884,#8460,#9907,.T.);
#9907 = SURFACE_CURVE('',#9908,(#9912,#9919),.PCURVE_S1.);
#9908 = LINE('',#9909,#9910);
#9909 = CARTESIAN_POINT('',(27.05,-7.7,9.3));
#9910 = VECTOR('',#9911,1.);
#9911 = DIRECTION('',(1.,0.,0.));
#9912 = PCURVE('',#8503,#9913);
#9913 = DEFINITIONAL_REPRESENTATION('',(#9914),#9918);
#9914 = LINE('',#9915,#9916);
#9915 = CARTESIAN_POINT('',(0.,-0.));
#9916 = VECTOR('',#9917,1.);
#9917 = DIRECTION('',(0.,-1.));
#9918 = ( GEOMETRIC_REPRESENTATION_CONTEXT(2) 
PARAMETRIC_REPRESENTATION_CONTEXT() REPRESENTATION_CONTEXT('2D SPACE',''
  ) );
#9919 = PCURVE('',#8475,#9920);
#9920 = DEFINITIONAL_REPRESENTATION('',(#9921),#9925);
#9921 = LINE('',#9922,#9923);
#9922 = CARTESIAN_POINT('',(4.879036790187,0.));
#9923 = VECTOR('',#9924,1.);
#9924 = DIRECTION('',(0.,-1.));
#9925 = ( GEOMETRIC_REPRESENTATION_CONTEXT(2) 
PARAMETRIC_REPRESENTATION_CONTEXT() REPRESENTATION_CONTEXT('2D SPACE',''
  ) );
#9926 = ORIENTED_EDGE('',*,*,#8487,.T.);
#9927 = ORIENTED_EDGE('',*,*,#9859,.T.);
#9928 = ADVANCED_FACE('',(#9929),#8475,.F.);
#9929 = FACE_BOUND('',#9930,.F.);
#9930 = EDGE_LOOP('',(#9931,#9932,#9951,#9952,#9953));
#9931 = ORIENTED_EDGE('',*,*,#8777,.F.);
#9932 = ORIENTED_EDGE('',*,*,#9933,.T.);
#9933 = EDGE_CURVE('',#8755,#8432,#9934,.T.);
#9934 = SURFACE_CURVE('',#9935,(#9939,#9945),.PCURVE_S1.);
#9935 = LINE('',#9936,#9937);
#9936 = CARTESIAN_POINT('',(27.05,-9.075,7.925));
#9937 = VECTOR('',#9938,1.);
#9938 = DIRECTION('',(1.,0.,0.));
#9939 = PCURVE('',#8475,#9940);
#9940 = DEFINITIONAL_REPRESENTATION('',(#9941),#9944);
#9941 = B_SPLINE_CURVE_WITH_KNOTS('',1,(#9942,#9943),.UNSPECIFIED.,.F.,
  .F.,(2,2),(0.,3.15),.PIECEWISE_BEZIER_KNOTS.);
#9942 = CARTESIAN_POINT('',(2.934493141924,0.));
#9943 = CARTESIAN_POINT('',(2.934493141924,-3.15));
#9944 = ( GEOMETRIC_REPRESENTATION_CONTEXT(2) 
PARAMETRIC_REPRESENTATION_CONTEXT() REPRESENTATION_CONTEXT('2D SPACE',''
  ) );
#9945 = PCURVE('',#8447,#9946);
#9946 = DEFINITIONAL_REPRESENTATION('',(#9947),#9950);
#9947 = B_SPLINE_CURVE_WITH_KNOTS('',1,(#9948,#9949),.UNSPECIFIED.,.F.,
  .F.,(2,2),(0.,3.15),.PIECEWISE_BEZIER_KNOTS.);
#9948 = CARTESIAN_POINT('',(0.225,0.));
#9949 = CARTESIAN_POINT('',(0.225,-3.15));
#9950 = ( GEOMETRIC_REPRESENTATION_CONTEXT(2) 
PARAMETRIC_REPRESENTATION_CONTEXT() REPRESENTATION_CONTEXT('2D SPACE',''
  ) );
#9951 = ORIENTED_EDGE('',*,*,#8459,.T.);
#9952 = ORIENTED_EDGE('',*,*,#9906,.F.);
#9953 = ORIENTED_EDGE('',*,*,#9954,.F.);
#9954 = EDGE_CURVE('',#8778,#9884,#9955,.T.);
#9955 = SURFACE_CURVE('',#9956,(#9960,#9967),.PCURVE_S1.);
#9956 = LINE('',#9957,#9958);
#9957 = CARTESIAN_POINT('',(27.05,-7.7,9.3));
#9958 = VECTOR('',#9959,1.);
#9959 = DIRECTION('',(1.,0.,0.));
#9960 = PCURVE('',#8475,#9961);
#9961 = DEFINITIONAL_REPRESENTATION('',(#9962),#9966);
#9962 = LINE('',#9963,#9964);
#9963 = CARTESIAN_POINT('',(4.879036790187,0.));
#9964 = VECTOR('',#9965,1.);
#9965 = DIRECTION('',(0.,-1.));
#9966 = ( GEOMETRIC_REPRESENTATION_CONTEXT(2) 
PARAMETRIC_REPRESENTATION_CONTEXT() REPRESENTATION_CONTEXT('2D SPACE',''
  ) );
#9967 = PCURVE('',#8816,#9968);
#9968 = DEFINITIONAL_REPRESENTATION('',(#9969),#9973);
#9969 = LINE('',#9970,#9971);
#9970 = CARTESIAN_POINT('',(0.,1.7));
#9971 = VECTOR('',#9972,1.);
#9972 = DIRECTION('',(1.,0.));
#9973 = ( GEOMETRIC_REPRESENTATION_CONTEXT(2) 
PARAMETRIC_REPRESENTATION_CONTEXT() REPRESENTATION_CONTEXT('2D SPACE',''
  ) );
#9974 = ADVANCED_FACE('',(#9975),#8447,.F.);
#9975 = FACE_BOUND('',#9976,.F.);
#9976 = EDGE_LOOP('',(#9977,#9978,#9999,#10000));
#9977 = ORIENTED_EDGE('',*,*,#8754,.F.);
#9978 = ORIENTED_EDGE('',*,*,#9979,.T.);
#9979 = EDGE_CURVE('',#8732,#8404,#9980,.T.);
#9980 = SURFACE_CURVE('',#9981,(#9985,#9992),.PCURVE_S1.);
#9981 = LINE('',#9982,#9983);
#9982 = CARTESIAN_POINT('',(27.05,-9.075,7.7));
#9983 = VECTOR('',#9984,1.);
#9984 = DIRECTION('',(1.,0.,0.));
#9985 = PCURVE('',#8447,#9986);
#9986 = DEFINITIONAL_REPRESENTATION('',(#9987),#9991);
#9987 = LINE('',#9988,#9989);
#9988 = CARTESIAN_POINT('',(0.,0.));
#9989 = VECTOR('',#9990,1.);
#9990 = DIRECTION('',(0.,-1.));
#9991 = ( GEOMETRIC_REPRESENTATION_CONTEXT(2) 
PARAMETRIC_REPRESENTATION_CONTEXT() REPRESENTATION_CONTEXT('2D SPACE',''
  ) );
#9992 = PCURVE('',#8419,#9993);
#9993 = DEFINITIONAL_REPRESENTATION('',(#9994),#9998);
#9994 = LINE('',#9995,#9996);
#9995 = CARTESIAN_POINT('',(0.8,0.));
#9996 = VECTOR('',#9997,1.);
#9997 = DIRECTION('',(0.,-1.));
#9998 = ( GEOMETRIC_REPRESENTATION_CONTEXT(2) 
PARAMETRIC_REPRESENTATION_CONTEXT() REPRESENTATION_CONTEXT('2D SPACE',''
  ) );
#9999 = ORIENTED_EDGE('',*,*,#8431,.T.);
#10000 = ORIENTED_EDGE('',*,*,#9933,.F.);
#10001 = ADVANCED_FACE('',(#10002),#8419,.F.);
#10002 = FACE_BOUND('',#10003,.F.);
#10003 = EDGE_LOOP('',(#10004,#10005,#10006,#10007));
#10004 = ORIENTED_EDGE('',*,*,#8731,.F.);
#10005 = ORIENTED_EDGE('',*,*,#9048,.F.);
#10006 = ORIENTED_EDGE('',*,*,#8403,.T.);
#10007 = ORIENTED_EDGE('',*,*,#9979,.F.);
#10008 = ADVANCED_FACE('',(#10009),#8872,.T.);
#10009 = FACE_BOUND('',#10010,.T.);
#10010 = EDGE_LOOP('',(#10011,#10012,#10013,#10036));
#10011 = ORIENTED_EDGE('',*,*,#8856,.F.);
#10012 = ORIENTED_EDGE('',*,*,#9812,.F.);
#10013 = ORIENTED_EDGE('',*,*,#10014,.T.);
#10014 = EDGE_CURVE('',#9813,#10015,#10017,.T.);
#10015 = VERTEX_POINT('',#10016);
#10016 = CARTESIAN_POINT('',(27.85,-7.2,10.5));
#10017 = SURFACE_CURVE('',#10018,(#10022,#10029),.PCURVE_S1.);
#10018 = LINE('',#10019,#10020);
#10019 = CARTESIAN_POINT('',(27.85,-9.4,10.5));
#10020 = VECTOR('',#10021,1.);
#10021 = DIRECTION('',(0.,1.,0.));
#10022 = PCURVE('',#8872,#10023);
#10023 = DEFINITIONAL_REPRESENTATION('',(#10024),#10028);
#10024 = LINE('',#10025,#10026);
#10025 = CARTESIAN_POINT('',(0.8,0.));
#10026 = VECTOR('',#10027,1.);
#10027 = DIRECTION('',(0.,1.));
#10028 = ( GEOMETRIC_REPRESENTATION_CONTEXT(2) 
PARAMETRIC_REPRESENTATION_CONTEXT() REPRESENTATION_CONTEXT('2D SPACE',''
  ) );
#10029 = PCURVE('',#9848,#10030);
#10030 = DEFINITIONAL_REPRESENTATION('',(#10031),#10035);
#10031 = LINE('',#10032,#10033);
#10032 = CARTESIAN_POINT('',(1.2,0.));
#10033 = VECTOR('',#10034,1.);
#10034 = DIRECTION('',(0.,-1.));
#10035 = ( GEOMETRIC_REPRESENTATION_CONTEXT(2) 
PARAMETRIC_REPRESENTATION_CONTEXT() REPRESENTATION_CONTEXT('2D SPACE',''
  ) );
#10036 = ORIENTED_EDGE('',*,*,#10037,.F.);
#10037 = EDGE_CURVE('',#8829,#10015,#10038,.T.);
#10038 = SURFACE_CURVE('',#10039,(#10043,#10050),.PCURVE_S1.);
#10039 = LINE('',#10040,#10041);
#10040 = CARTESIAN_POINT('',(27.05,-7.2,10.5));
#10041 = VECTOR('',#10042,1.);
#10042 = DIRECTION('',(1.,0.,0.));
#10043 = PCURVE('',#8872,#10044);
#10044 = DEFINITIONAL_REPRESENTATION('',(#10045),#10049);
#10045 = LINE('',#10046,#10047);
#10046 = CARTESIAN_POINT('',(0.,2.2));
#10047 = VECTOR('',#10048,1.);
#10048 = DIRECTION('',(1.,0.));
#10049 = ( GEOMETRIC_REPRESENTATION_CONTEXT(2) 
PARAMETRIC_REPRESENTATION_CONTEXT() REPRESENTATION_CONTEXT('2D SPACE',''
  ) );
#10050 = PCURVE('',#8844,#10051);
#10051 = DEFINITIONAL_REPRESENTATION('',(#10052),#10056);
#10052 = LINE('',#10053,#10054);
#10053 = CARTESIAN_POINT('',(1.2,0.));
#10054 = VECTOR('',#10055,1.);
#10055 = DIRECTION('',(0.,1.));
#10056 = ( GEOMETRIC_REPRESENTATION_CONTEXT(2) 
PARAMETRIC_REPRESENTATION_CONTEXT() REPRESENTATION_CONTEXT('2D SPACE',''
  ) );
#10057 = ADVANCED_FACE('',(#10058),#8844,.T.);
#10058 = FACE_BOUND('',#10059,.T.);
#10059 = EDGE_LOOP('',(#10060,#10083,#10084,#10085));
#10060 = ORIENTED_EDGE('',*,*,#10061,.F.);
#10061 = EDGE_CURVE('',#8801,#10062,#10064,.T.);
#10062 = VERTEX_POINT('',#10063);
#10063 = CARTESIAN_POINT('',(27.85,-7.2,9.3));
#10064 = SURFACE_CURVE('',#10065,(#10069,#10076),.PCURVE_S1.);
#10065 = LINE('',#10066,#10067);
#10066 = CARTESIAN_POINT('',(27.05,-7.2,9.3));
#10067 = VECTOR('',#10068,1.);
#10068 = DIRECTION('',(1.,0.,0.));
#10069 = PCURVE('',#8844,#10070);
#10070 = DEFINITIONAL_REPRESENTATION('',(#10071),#10075);
#10071 = LINE('',#10072,#10073);
#10072 = CARTESIAN_POINT('',(0.,0.));
#10073 = VECTOR('',#10074,1.);
#10074 = DIRECTION('',(0.,1.));
#10075 = ( GEOMETRIC_REPRESENTATION_CONTEXT(2) 
PARAMETRIC_REPRESENTATION_CONTEXT() REPRESENTATION_CONTEXT('2D SPACE',''
  ) );
#10076 = PCURVE('',#8816,#10077);
#10077 = DEFINITIONAL_REPRESENTATION('',(#10078),#10082);
#10078 = LINE('',#10079,#10080);
#10079 = CARTESIAN_POINT('',(0.,2.2));
#10080 = VECTOR('',#10081,1.);
#10081 = DIRECTION('',(1.,0.));
#10082 = ( GEOMETRIC_REPRESENTATION_CONTEXT(2) 
PARAMETRIC_REPRESENTATION_CONTEXT() REPRESENTATION_CONTEXT('2D SPACE',''
  ) );
#10083 = ORIENTED_EDGE('',*,*,#8828,.T.);
#10084 = ORIENTED_EDGE('',*,*,#10037,.T.);
#10085 = ORIENTED_EDGE('',*,*,#10086,.F.);
#10086 = EDGE_CURVE('',#10062,#10015,#10087,.T.);
#10087 = SURFACE_CURVE('',#10088,(#10092,#10099),.PCURVE_S1.);
#10088 = LINE('',#10089,#10090);
#10089 = CARTESIAN_POINT('',(27.85,-7.2,9.3));
#10090 = VECTOR('',#10091,1.);
#10091 = DIRECTION('',(0.,0.,1.));
#10092 = PCURVE('',#8844,#10093);
#10093 = DEFINITIONAL_REPRESENTATION('',(#10094),#10098);
#10094 = LINE('',#10095,#10096);
#10095 = CARTESIAN_POINT('',(0.,0.8));
#10096 = VECTOR('',#10097,1.);
#10097 = DIRECTION('',(1.,0.));
#10098 = ( GEOMETRIC_REPRESENTATION_CONTEXT(2) 
PARAMETRIC_REPRESENTATION_CONTEXT() REPRESENTATION_CONTEXT('2D SPACE',''
  ) );
#10099 = PCURVE('',#9848,#10100);
#10100 = DEFINITIONAL_REPRESENTATION('',(#10101),#10105);
#10101 = LINE('',#10102,#10103);
#10102 = CARTESIAN_POINT('',(0.,-2.2));
#10103 = VECTOR('',#10104,1.);
#10104 = DIRECTION('',(1.,0.));
#10105 = ( GEOMETRIC_REPRESENTATION_CONTEXT(2) 
PARAMETRIC_REPRESENTATION_CONTEXT() REPRESENTATION_CONTEXT('2D SPACE',''
  ) );
#10106 = ADVANCED_FACE('',(#10107),#8816,.F.);
#10107 = FACE_BOUND('',#10108,.F.);
#10108 = EDGE_LOOP('',(#10109,#10110,#10111,#10132));
#10109 = ORIENTED_EDGE('',*,*,#8800,.F.);
#10110 = ORIENTED_EDGE('',*,*,#9954,.T.);
#10111 = ORIENTED_EDGE('',*,*,#10112,.T.);
#10112 = EDGE_CURVE('',#9884,#10062,#10113,.T.);
#10113 = SURFACE_CURVE('',#10114,(#10118,#10125),.PCURVE_S1.);
#10114 = LINE('',#10115,#10116);
#10115 = CARTESIAN_POINT('',(27.85,-9.4,9.3));
#10116 = VECTOR('',#10117,1.);
#10117 = DIRECTION('',(0.,1.,0.));
#10118 = PCURVE('',#8816,#10119);
#10119 = DEFINITIONAL_REPRESENTATION('',(#10120),#10124);
#10120 = LINE('',#10121,#10122);
#10121 = CARTESIAN_POINT('',(0.8,0.));
#10122 = VECTOR('',#10123,1.);
#10123 = DIRECTION('',(0.,1.));
#10124 = ( GEOMETRIC_REPRESENTATION_CONTEXT(2) 
PARAMETRIC_REPRESENTATION_CONTEXT() REPRESENTATION_CONTEXT('2D SPACE',''
  ) );
#10125 = PCURVE('',#9848,#10126);
#10126 = DEFINITIONAL_REPRESENTATION('',(#10127),#10131);
#10127 = LINE('',#10128,#10129);
#10128 = CARTESIAN_POINT('',(0.,0.));
#10129 = VECTOR('',#10130,1.);
#10130 = DIRECTION('',(0.,-1.));
#10131 = ( GEOMETRIC_REPRESENTATION_CONTEXT(2) 
PARAMETRIC_REPRESENTATION_CONTEXT() REPRESENTATION_CONTEXT('2D SPACE',''
  ) );
#10132 = ORIENTED_EDGE('',*,*,#10061,.F.);
#10133 = ADVANCED_FACE('',(#10134),#9228,.T.);
#10134 = FACE_BOUND('',#10135,.T.);
#10135 = EDGE_LOOP('',(#10136,#10137,#10138,#10139,#10140));
#10136 = ORIENTED_EDGE('',*,*,#9212,.F.);
#10137 = ORIENTED_EDGE('',*,*,#9598,.F.);
#10138 = ORIENTED_EDGE('',*,*,#9570,.T.);
#10139 = ORIENTED_EDGE('',*,*,#9622,.T.);
#10140 = ORIENTED_EDGE('',*,*,#9264,.T.);
#10141 = ADVANCED_FACE('',(#10142),#9848,.T.);
#10142 = FACE_BOUND('',#10143,.T.);
#10143 = EDGE_LOOP('',(#10144,#10145,#10146,#10147,#10148));
#10144 = ORIENTED_EDGE('',*,*,#10014,.F.);
#10145 = ORIENTED_EDGE('',*,*,#9833,.F.);
#10146 = ORIENTED_EDGE('',*,*,#9883,.T.);
#10147 = ORIENTED_EDGE('',*,*,#10112,.T.);
#10148 = ORIENTED_EDGE('',*,*,#10086,.T.);
#10149 = ( GEOMETRIC_REPRESENTATION_CONTEXT(3) 
GLOBAL_UNCERTAINTY_ASSIGNED_CONTEXT((#10153)) 
GLOBAL_UNIT_ASSIGNED_CONTEXT((#10150,#10151,#10152)) 
REPRESENTATION_CONTEXT('Context #1',
  '3D Context with UNIT and UNCERTAINTY') );
#10150 = ( LENGTH_UNIT() NAMED_UNIT(*) SI_UNIT(.MILLI.,.METRE.) );
#10151 = ( NAMED_UNIT(*) PLANE_ANGLE_UNIT() SI_UNIT($,.RADIAN.) );
#10152 = ( NAMED_UNIT(*) SI_UNIT($,.STERADIAN.) SOLID_ANGLE_UNIT() );
#10153 = UNCERTAINTY_MEASURE_WITH_UNIT(LENGTH_MEASURE(1.E-07),#10150,
  'distance_accuracy_value','confusion accuracy');
#10154 = PRODUCT_RELATED_PRODUCT_CATEGORY('part',$,(#7));
ENDSEC;
END-ISO-10303-21;
