ISO-10303-21;
HEADER;
FILE_DESCRIPTION(('Open CASCADE Model'),'2;1');
FILE_NAME('Open CASCADE Shape Model','2026-10-06T08:29:20',('Author'),(
    'Open CASCADE'),'Open CASCADE STEP processor 8.0','build123d',
  'Unknown');
FILE_SCHEMA(('AUTOMOTIVE_DESIGN { 1 0 10303 214 1 1 1 1 }'));
ENDSEC;
DATA;
#1 = APPLICATION_PROTOCOL_DEFINITION('international standard',
  'automotive_design',2000,#2);
#2 = APPLICATION_CONTEXT(
  'core data for automotive mechanical design processes');
#3 = SHAPE_DEFINITION_REPRESENTATION(#4,#10);
#4 = PRODUCT_DEFINITION_SHAPE('','',#5);
#5 = PRODUCT_DEFINITION('design','',#6,#9);
#6 = PRODUCT_DEFINITION_FORMATION('','',#7);
#7 = PRODUCT('COMPOUND','COMPOUND','',(#8));
#8 = PRODUCT_CONTEXT('',#2,'mechanical');
#9 = PRODUCT_DEFINITION_CONTEXT('part definition',#2,'design');
#10 = ADVANCED_BREP_SHAPE_REPRESENTATION('',(#11,#15),#6720);
#11 = AXIS2_PLACEMENT_3D('',#12,#13,#14);
#12 = CARTESIAN_POINT('',(0.,0.,0.));
#13 = DIRECTION('',(0.,0.,1.));
#14 = DIRECTION('',(1.,0.,-0.));
#15 = MANIFOLD_SOLID_BREP('',#16);
#16 = CLOSED_SHELL('',(#17,#137,#696,#772,#899,#968,#1018,#1045,#1077,
    #1158,#1232,#1308,#1386,#1460,#1536,#1614,#1694,#1803,#1879,#1957,
    #2031,#2107,#2185,#2259,#2330,#2384,#2443,#2556,#2642,#2741,#2827,
    #3098,#3184,#3278,#3352,#3509,#3536,#3563,#3590,#3615,#3651,#3683,
    #3730,#3757,#3784,#3904,#3959,#3963,#4018,#4022,#4136,#4207,#4256,
    #4306,#4382,#4453,#4480,#4507,#4583,#4654,#4681,#4708,#4757,#4764,
    #5368,#5444,#5520,#5596,#5667,#5696,#5725,#5732,#5808,#5879,#5906,
    #5933,#5940,#6016,#6087,#6114,#6141,#6148,#6224,#6295,#6322,#6349,
    #6356,#6488,#6559,#6608,#6657,#6684,#6711));
#17 = ADVANCED_FACE('',(#18),#32,.T.);
#18 = FACE_BOUND('',#19,.T.);
#19 = EDGE_LOOP('',(#20,#55,#83,#111));
#20 = ORIENTED_EDGE('',*,*,#21,.T.);
#21 = EDGE_CURVE('',#22,#24,#26,.T.);
#22 = VERTEX_POINT('',#23);
#23 = CARTESIAN_POINT('',(37.,9.075,0.));
#24 = VERTEX_POINT('',#25);
#25 = CARTESIAN_POINT('',(39.,9.075,0.));
#26 = SURFACE_CURVE('',#27,(#31,#43),.PCURVE_S1.);
#27 = LINE('',#28,#29);
#28 = CARTESIAN_POINT('',(37.,9.075,0.));
#29 = VECTOR('',#30,1.);
#30 = DIRECTION('',(1.,0.,0.));
#31 = PCURVE('',#32,#37);
#32 = PLANE('',#33);
#33 = AXIS2_PLACEMENT_3D('',#34,#35,#36);
#34 = CARTESIAN_POINT('',(37.,9.075,0.));
#35 = DIRECTION('',(0.,-1.,0.));
#36 = DIRECTION('',(0.,0.,1.));
#37 = DEFINITIONAL_REPRESENTATION('',(#38),#42);
#38 = LINE('',#39,#40);
#39 = CARTESIAN_POINT('',(0.,0.));
#40 = VECTOR('',#41,1.);
#41 = DIRECTION('',(0.,-1.));
#42 = ( GEOMETRIC_REPRESENTATION_CONTEXT(2) 
PARAMETRIC_REPRESENTATION_CONTEXT() REPRESENTATION_CONTEXT('2D SPACE',''
  ) );
#43 = PCURVE('',#44,#49);
#44 = PLANE('',#45);
#45 = AXIS2_PLACEMENT_3D('',#46,#47,#48);
#46 = CARTESIAN_POINT('',(19.5,1.878364709583E-17,0.));
#47 = DIRECTION('',(0.,0.,1.));
#48 = DIRECTION('',(1.,0.,-0.));
#49 = DEFINITIONAL_REPRESENTATION('',(#50),#54);
#50 = LINE('',#51,#52);
#51 = CARTESIAN_POINT('',(17.5,9.075));
#52 = VECTOR('',#53,1.);
#53 = DIRECTION('',(1.,0.));
#54 = ( GEOMETRIC_REPRESENTATION_CONTEXT(2) 
PARAMETRIC_REPRESENTATION_CONTEXT() REPRESENTATION_CONTEXT('2D SPACE',''
  ) );
#55 = ORIENTED_EDGE('',*,*,#56,.T.);
#56 = EDGE_CURVE('',#24,#57,#59,.T.);
#57 = VERTEX_POINT('',#58);
#58 = CARTESIAN_POINT('',(39.,9.075,4.35));
#59 = SURFACE_CURVE('',#60,(#64,#71),.PCURVE_S1.);
#60 = LINE('',#61,#62);
#61 = CARTESIAN_POINT('',(39.,9.075,0.));
#62 = VECTOR('',#63,1.);
#63 = DIRECTION('',(0.,0.,1.));
#64 = PCURVE('',#32,#65);
#65 = DEFINITIONAL_REPRESENTATION('',(#66),#70);
#66 = LINE('',#67,#68);
#67 = CARTESIAN_POINT('',(0.,-2.));
#68 = VECTOR('',#69,1.);
#69 = DIRECTION('',(1.,0.));
#70 = ( GEOMETRIC_REPRESENTATION_CONTEXT(2) 
PARAMETRIC_REPRESENTATION_CONTEXT() REPRESENTATION_CONTEXT('2D SPACE',''
  ) );
#71 = PCURVE('',#72,#77);
#72 = PLANE('',#73);
#73 = AXIS2_PLACEMENT_3D('',#74,#75,#76);
#74 = CARTESIAN_POINT('',(39.,-9.5,0.));
#75 = DIRECTION('',(-1.,0.,0.));
#76 = DIRECTION('',(0.,1.,0.));
#77 = DEFINITIONAL_REPRESENTATION('',(#78),#82);
#78 = LINE('',#79,#80);
#79 = CARTESIAN_POINT('',(18.575,0.));
#80 = VECTOR('',#81,1.);
#81 = DIRECTION('',(0.,-1.));
#82 = ( GEOMETRIC_REPRESENTATION_CONTEXT(2) 
PARAMETRIC_REPRESENTATION_CONTEXT() REPRESENTATION_CONTEXT('2D SPACE',''
  ) );
#83 = ORIENTED_EDGE('',*,*,#84,.F.);
#84 = EDGE_CURVE('',#85,#57,#87,.T.);
#85 = VERTEX_POINT('',#86);
#86 = CARTESIAN_POINT('',(37.,9.075,4.35));
#87 = SURFACE_CURVE('',#88,(#92,#99),.PCURVE_S1.);
#88 = LINE('',#89,#90);
#89 = CARTESIAN_POINT('',(37.,9.075,4.35));
#90 = VECTOR('',#91,1.);
#91 = DIRECTION('',(1.,0.,0.));
#92 = PCURVE('',#32,#93);
#93 = DEFINITIONAL_REPRESENTATION('',(#94),#98);
#94 = LINE('',#95,#96);
#95 = CARTESIAN_POINT('',(4.35,0.));
#96 = VECTOR('',#97,1.);
#97 = DIRECTION('',(0.,-1.));
#98 = ( GEOMETRIC_REPRESENTATION_CONTEXT(2) 
PARAMETRIC_REPRESENTATION_CONTEXT() REPRESENTATION_CONTEXT('2D SPACE',''
  ) );
#99 = PCURVE('',#100,#105);
#100 = PLANE('',#101);
#101 = AXIS2_PLACEMENT_3D('',#102,#103,#104);
#102 = CARTESIAN_POINT('',(37.,9.075,4.35));
#103 = DIRECTION('',(0.,0.,-1.));
#104 = DIRECTION('',(0.,-1.,0.));
#105 = DEFINITIONAL_REPRESENTATION('',(#106),#110);
#106 = LINE('',#107,#108);
#107 = CARTESIAN_POINT('',(0.,0.));
#108 = VECTOR('',#109,1.);
#109 = DIRECTION('',(0.,-1.));
#110 = ( GEOMETRIC_REPRESENTATION_CONTEXT(2) 
PARAMETRIC_REPRESENTATION_CONTEXT() REPRESENTATION_CONTEXT('2D SPACE',''
  ) );
#111 = ORIENTED_EDGE('',*,*,#112,.F.);
#112 = EDGE_CURVE('',#22,#85,#113,.T.);
#113 = SURFACE_CURVE('',#114,(#118,#125),.PCURVE_S1.);
#114 = LINE('',#115,#116);
#115 = CARTESIAN_POINT('',(37.,9.075,0.));
#116 = VECTOR('',#117,1.);
#117 = DIRECTION('',(0.,0.,1.));
#118 = PCURVE('',#32,#119);
#119 = DEFINITIONAL_REPRESENTATION('',(#120),#124);
#120 = LINE('',#121,#122);
#121 = CARTESIAN_POINT('',(0.,0.));
#122 = VECTOR('',#123,1.);
#123 = DIRECTION('',(1.,0.));
#124 = ( GEOMETRIC_REPRESENTATION_CONTEXT(2) 
PARAMETRIC_REPRESENTATION_CONTEXT() REPRESENTATION_CONTEXT('2D SPACE',''
  ) );
#125 = PCURVE('',#126,#131);
#126 = PLANE('',#127);
#127 = AXIS2_PLACEMENT_3D('',#128,#129,#130);
#128 = CARTESIAN_POINT('',(37.,9.446076360153,2.529699365813));
#129 = DIRECTION('',(-1.,-0.,-0.));
#130 = DIRECTION('',(0.,-1.,0.));
#131 = DEFINITIONAL_REPRESENTATION('',(#132),#136);
#132 = LINE('',#133,#134);
#133 = CARTESIAN_POINT('',(0.371076360153,-2.529699365813));
#134 = VECTOR('',#135,1.);
#135 = DIRECTION('',(0.,1.));
#136 = ( GEOMETRIC_REPRESENTATION_CONTEXT(2) 
PARAMETRIC_REPRESENTATION_CONTEXT() REPRESENTATION_CONTEXT('2D SPACE',''
  ) );
#137 = ADVANCED_FACE('',(#138),#72,.T.);
#138 = FACE_BOUND('',#139,.T.);
#139 = EDGE_LOOP('',(#140,#165,#193,#221,#249,#277,#305,#331,#357,#383,
    #406,#434,#462,#483,#484,#507,#535,#563,#591,#614,#642,#670));
#140 = ORIENTED_EDGE('',*,*,#141,.F.);
#141 = EDGE_CURVE('',#142,#144,#146,.T.);
#142 = VERTEX_POINT('',#143);
#143 = CARTESIAN_POINT('',(39.,-9.075,0.));
#144 = VERTEX_POINT('',#145);
#145 = CARTESIAN_POINT('',(39.,-8.3,0.));
#146 = SURFACE_CURVE('',#147,(#151,#158),.PCURVE_S1.);
#147 = LINE('',#148,#149);
#148 = CARTESIAN_POINT('',(39.,0.,0.));
#149 = VECTOR('',#150,1.);
#150 = DIRECTION('',(0.,1.,0.));
#151 = PCURVE('',#72,#152);
#152 = DEFINITIONAL_REPRESENTATION('',(#153),#157);
#153 = LINE('',#154,#155);
#154 = CARTESIAN_POINT('',(9.5,0.));
#155 = VECTOR('',#156,1.);
#156 = DIRECTION('',(1.,0.));
#157 = ( GEOMETRIC_REPRESENTATION_CONTEXT(2) 
PARAMETRIC_REPRESENTATION_CONTEXT() REPRESENTATION_CONTEXT('2D SPACE',''
  ) );
#158 = PCURVE('',#44,#159);
#159 = DEFINITIONAL_REPRESENTATION('',(#160),#164);
#160 = LINE('',#161,#162);
#161 = CARTESIAN_POINT('',(19.5,-1.878364709583E-17));
#162 = VECTOR('',#163,1.);
#163 = DIRECTION('',(0.,1.));
#164 = ( GEOMETRIC_REPRESENTATION_CONTEXT(2) 
PARAMETRIC_REPRESENTATION_CONTEXT() REPRESENTATION_CONTEXT('2D SPACE',''
  ) );
#165 = ORIENTED_EDGE('',*,*,#166,.T.);
#166 = EDGE_CURVE('',#142,#167,#169,.T.);
#167 = VERTEX_POINT('',#168);
#168 = CARTESIAN_POINT('',(39.,-9.075,4.35));
#169 = SURFACE_CURVE('',#170,(#174,#181),.PCURVE_S1.);
#170 = LINE('',#171,#172);
#171 = CARTESIAN_POINT('',(39.,-9.075,0.));
#172 = VECTOR('',#173,1.);
#173 = DIRECTION('',(0.,0.,1.));
#174 = PCURVE('',#72,#175);
#175 = DEFINITIONAL_REPRESENTATION('',(#176),#180);
#176 = LINE('',#177,#178);
#177 = CARTESIAN_POINT('',(0.425,0.));
#178 = VECTOR('',#179,1.);
#179 = DIRECTION('',(0.,-1.));
#180 = ( GEOMETRIC_REPRESENTATION_CONTEXT(2) 
PARAMETRIC_REPRESENTATION_CONTEXT() REPRESENTATION_CONTEXT('2D SPACE',''
  ) );
#181 = PCURVE('',#182,#187);
#182 = PLANE('',#183);
#183 = AXIS2_PLACEMENT_3D('',#184,#185,#186);
#184 = CARTESIAN_POINT('',(37.,-9.075,0.));
#185 = DIRECTION('',(0.,-1.,0.));
#186 = DIRECTION('',(0.,0.,1.));
#187 = DEFINITIONAL_REPRESENTATION('',(#188),#192);
#188 = LINE('',#189,#190);
#189 = CARTESIAN_POINT('',(0.,-2.));
#190 = VECTOR('',#191,1.);
#191 = DIRECTION('',(1.,0.));
#192 = ( GEOMETRIC_REPRESENTATION_CONTEXT(2) 
PARAMETRIC_REPRESENTATION_CONTEXT() REPRESENTATION_CONTEXT('2D SPACE',''
  ) );
#193 = ORIENTED_EDGE('',*,*,#194,.T.);
#194 = EDGE_CURVE('',#167,#195,#197,.T.);
#195 = VERTEX_POINT('',#196);
#196 = CARTESIAN_POINT('',(39.,-8.65,4.35));
#197 = SURFACE_CURVE('',#198,(#202,#209),.PCURVE_S1.);
#198 = LINE('',#199,#200);
#199 = CARTESIAN_POINT('',(39.,-9.075,4.35));
#200 = VECTOR('',#201,1.);
#201 = DIRECTION('',(0.,1.,0.));
#202 = PCURVE('',#72,#203);
#203 = DEFINITIONAL_REPRESENTATION('',(#204),#208);
#204 = LINE('',#205,#206);
#205 = CARTESIAN_POINT('',(0.425,-4.35));
#206 = VECTOR('',#207,1.);
#207 = DIRECTION('',(1.,0.));
#208 = ( GEOMETRIC_REPRESENTATION_CONTEXT(2) 
PARAMETRIC_REPRESENTATION_CONTEXT() REPRESENTATION_CONTEXT('2D SPACE',''
  ) );
#209 = PCURVE('',#210,#215);
#210 = PLANE('',#211);
#211 = AXIS2_PLACEMENT_3D('',#212,#213,#214);
#212 = CARTESIAN_POINT('',(37.,-9.075,4.35));
#213 = DIRECTION('',(0.,0.,1.));
#214 = DIRECTION('',(0.,1.,0.));
#215 = DEFINITIONAL_REPRESENTATION('',(#216),#220);
#216 = LINE('',#217,#218);
#217 = CARTESIAN_POINT('',(0.,-2.));
#218 = VECTOR('',#219,1.);
#219 = DIRECTION('',(1.,0.));
#220 = ( GEOMETRIC_REPRESENTATION_CONTEXT(2) 
PARAMETRIC_REPRESENTATION_CONTEXT() REPRESENTATION_CONTEXT('2D SPACE',''
  ) );
#221 = ORIENTED_EDGE('',*,*,#222,.T.);
#222 = EDGE_CURVE('',#195,#223,#225,.T.);
#223 = VERTEX_POINT('',#224);
#224 = CARTESIAN_POINT('',(39.,-9.5,4.901351351351));
#225 = SURFACE_CURVE('',#226,(#230,#237),.PCURVE_S1.);
#226 = LINE('',#227,#228);
#227 = CARTESIAN_POINT('',(39.,-8.65,4.35));
#228 = VECTOR('',#229,1.);
#229 = DIRECTION('',(0.,-0.838961287028,0.544191105099));
#230 = PCURVE('',#72,#231);
#231 = DEFINITIONAL_REPRESENTATION('',(#232),#236);
#232 = LINE('',#233,#234);
#233 = CARTESIAN_POINT('',(0.85,-4.35));
#234 = VECTOR('',#235,1.);
#235 = DIRECTION('',(-0.838961287028,-0.544191105099));
#236 = ( GEOMETRIC_REPRESENTATION_CONTEXT(2) 
PARAMETRIC_REPRESENTATION_CONTEXT() REPRESENTATION_CONTEXT('2D SPACE',''
  ) );
#237 = PCURVE('',#238,#243);
#238 = PLANE('',#239);
#239 = AXIS2_PLACEMENT_3D('',#240,#241,#242);
#240 = CARTESIAN_POINT('',(37.,-8.65,4.35));
#241 = DIRECTION('',(0.,-0.544191105099,-0.838961287028));
#242 = DIRECTION('',(0.,-0.838961287028,0.544191105099));
#243 = DEFINITIONAL_REPRESENTATION('',(#244),#248);
#244 = LINE('',#245,#246);
#245 = CARTESIAN_POINT('',(0.,-2.));
#246 = VECTOR('',#247,1.);
#247 = DIRECTION('',(1.,0.));
#248 = ( GEOMETRIC_REPRESENTATION_CONTEXT(2) 
PARAMETRIC_REPRESENTATION_CONTEXT() REPRESENTATION_CONTEXT('2D SPACE',''
  ) );
#249 = ORIENTED_EDGE('',*,*,#250,.T.);
#250 = EDGE_CURVE('',#223,#251,#253,.T.);
#251 = VERTEX_POINT('',#252);
#252 = CARTESIAN_POINT('',(39.,-9.5,9.6));
#253 = SURFACE_CURVE('',#254,(#258,#265),.PCURVE_S1.);
#254 = LINE('',#255,#256);
#255 = CARTESIAN_POINT('',(39.,-9.5,0.));
#256 = VECTOR('',#257,1.);
#257 = DIRECTION('',(0.,0.,1.));
#258 = PCURVE('',#72,#259);
#259 = DEFINITIONAL_REPRESENTATION('',(#260),#264);
#260 = LINE('',#261,#262);
#261 = CARTESIAN_POINT('',(0.,0.));
#262 = VECTOR('',#263,1.);
#263 = DIRECTION('',(0.,-1.));
#264 = ( GEOMETRIC_REPRESENTATION_CONTEXT(2) 
PARAMETRIC_REPRESENTATION_CONTEXT() REPRESENTATION_CONTEXT('2D SPACE',''
  ) );
#265 = PCURVE('',#266,#271);
#266 = CYLINDRICAL_SURFACE('',#267,1.);
#267 = AXIS2_PLACEMENT_3D('',#268,#269,#270);
#268 = CARTESIAN_POINT('',(38.,-9.5,0.));
#269 = DIRECTION('',(-0.,-0.,-1.));
#270 = DIRECTION('',(1.,0.,0.));
#271 = DEFINITIONAL_REPRESENTATION('',(#272),#276);
#272 = LINE('',#273,#274);
#273 = CARTESIAN_POINT('',(-6.28318530718,0.));
#274 = VECTOR('',#275,1.);
#275 = DIRECTION('',(-0.,-1.));
#276 = ( GEOMETRIC_REPRESENTATION_CONTEXT(2) 
PARAMETRIC_REPRESENTATION_CONTEXT() REPRESENTATION_CONTEXT('2D SPACE',''
  ) );
#277 = ORIENTED_EDGE('',*,*,#278,.T.);
#278 = EDGE_CURVE('',#251,#279,#281,.T.);
#279 = VERTEX_POINT('',#280);
#280 = CARTESIAN_POINT('',(39.,-4.82,9.6));
#281 = SURFACE_CURVE('',#282,(#286,#293),.PCURVE_S1.);
#282 = LINE('',#283,#284);
#283 = CARTESIAN_POINT('',(39.,0.,9.6));
#284 = VECTOR('',#285,1.);
#285 = DIRECTION('',(0.,1.,0.));
#286 = PCURVE('',#72,#287);
#287 = DEFINITIONAL_REPRESENTATION('',(#288),#292);
#288 = LINE('',#289,#290);
#289 = CARTESIAN_POINT('',(9.5,-9.6));
#290 = VECTOR('',#291,1.);
#291 = DIRECTION('',(1.,0.));
#292 = ( GEOMETRIC_REPRESENTATION_CONTEXT(2) 
PARAMETRIC_REPRESENTATION_CONTEXT() REPRESENTATION_CONTEXT('2D SPACE',''
  ) );
#293 = PCURVE('',#294,#299);
#294 = PLANE('',#295);
#295 = AXIS2_PLACEMENT_3D('',#296,#297,#298);
#296 = CARTESIAN_POINT('',(19.5,2.175658566693E-16,9.6));
#297 = DIRECTION('',(0.,0.,1.));
#298 = DIRECTION('',(1.,0.,-0.));
#299 = DEFINITIONAL_REPRESENTATION('',(#300),#304);
#300 = LINE('',#301,#302);
#301 = CARTESIAN_POINT('',(19.5,-2.175658566693E-16));
#302 = VECTOR('',#303,1.);
#303 = DIRECTION('',(0.,1.));
#304 = ( GEOMETRIC_REPRESENTATION_CONTEXT(2) 
PARAMETRIC_REPRESENTATION_CONTEXT() REPRESENTATION_CONTEXT('2D SPACE',''
  ) );
#305 = ORIENTED_EDGE('',*,*,#306,.T.);
#306 = EDGE_CURVE('',#279,#307,#309,.T.);
#307 = VERTEX_POINT('',#308);
#308 = CARTESIAN_POINT('',(39.,-4.82,2.91));
#309 = SURFACE_CURVE('',#310,(#314,#320),.PCURVE_S1.);
#310 = LINE('',#311,#312);
#311 = CARTESIAN_POINT('',(39.,-4.82,1.455));
#312 = VECTOR('',#313,1.);
#313 = DIRECTION('',(0.,0.,-1.));
#314 = PCURVE('',#72,#315);
#315 = DEFINITIONAL_REPRESENTATION('',(#316),#319);
#316 = B_SPLINE_CURVE_WITH_KNOTS('',1,(#317,#318),.UNSPECIFIED.,.F.,.F.,
  (2,2),(-8.145,-1.455),.PIECEWISE_BEZIER_KNOTS.);
#317 = CARTESIAN_POINT('',(4.68,-9.6));
#318 = CARTESIAN_POINT('',(4.68,-2.91));
#319 = ( GEOMETRIC_REPRESENTATION_CONTEXT(2) 
PARAMETRIC_REPRESENTATION_CONTEXT() REPRESENTATION_CONTEXT('2D SPACE',''
  ) );
#320 = PCURVE('',#321,#326);
#321 = PLANE('',#322);
#322 = AXIS2_PLACEMENT_3D('',#323,#324,#325);
#323 = CARTESIAN_POINT('',(38.,-4.82,2.91));
#324 = DIRECTION('',(-0.,1.,0.));
#325 = DIRECTION('',(0.,0.,1.));
#326 = DEFINITIONAL_REPRESENTATION('',(#327),#330);
#327 = B_SPLINE_CURVE_WITH_KNOTS('',1,(#328,#329),.UNSPECIFIED.,.F.,.F.,
  (2,2),(-8.145,-1.455),.PIECEWISE_BEZIER_KNOTS.);
#328 = CARTESIAN_POINT('',(6.69,1.));
#329 = CARTESIAN_POINT('',(0.,1.));
#330 = ( GEOMETRIC_REPRESENTATION_CONTEXT(2) 
PARAMETRIC_REPRESENTATION_CONTEXT() REPRESENTATION_CONTEXT('2D SPACE',''
  ) );
#331 = ORIENTED_EDGE('',*,*,#332,.T.);
#332 = EDGE_CURVE('',#307,#333,#335,.T.);
#333 = VERTEX_POINT('',#334);
#334 = CARTESIAN_POINT('',(39.,4.82,2.91));
#335 = SURFACE_CURVE('',#336,(#340,#346),.PCURVE_S1.);
#336 = LINE('',#337,#338);
#337 = CARTESIAN_POINT('',(39.,-7.16,2.91));
#338 = VECTOR('',#339,1.);
#339 = DIRECTION('',(0.,1.,-0.));
#340 = PCURVE('',#72,#341);
#341 = DEFINITIONAL_REPRESENTATION('',(#342),#345);
#342 = B_SPLINE_CURVE_WITH_KNOTS('',1,(#343,#344),.UNSPECIFIED.,.F.,.F.,
  (2,2),(2.34,11.98),.PIECEWISE_BEZIER_KNOTS.);
#343 = CARTESIAN_POINT('',(4.68,-2.91));
#344 = CARTESIAN_POINT('',(14.32,-2.91));
#345 = ( GEOMETRIC_REPRESENTATION_CONTEXT(2) 
PARAMETRIC_REPRESENTATION_CONTEXT() REPRESENTATION_CONTEXT('2D SPACE',''
  ) );
#346 = PCURVE('',#347,#352);
#347 = PLANE('',#348);
#348 = AXIS2_PLACEMENT_3D('',#349,#350,#351);
#349 = CARTESIAN_POINT('',(38.,-4.82,2.91));
#350 = DIRECTION('',(0.,0.,1.));
#351 = DIRECTION('',(1.,0.,-0.));
#352 = DEFINITIONAL_REPRESENTATION('',(#353),#356);
#353 = B_SPLINE_CURVE_WITH_KNOTS('',1,(#354,#355),.UNSPECIFIED.,.F.,.F.,
  (2,2),(2.34,11.98),.PIECEWISE_BEZIER_KNOTS.);
#354 = CARTESIAN_POINT('',(1.,0.));
#355 = CARTESIAN_POINT('',(1.,9.64));
#356 = ( GEOMETRIC_REPRESENTATION_CONTEXT(2) 
PARAMETRIC_REPRESENTATION_CONTEXT() REPRESENTATION_CONTEXT('2D SPACE',''
  ) );
#357 = ORIENTED_EDGE('',*,*,#358,.F.);
#358 = EDGE_CURVE('',#359,#333,#361,.T.);
#359 = VERTEX_POINT('',#360);
#360 = CARTESIAN_POINT('',(39.,4.82,9.6));
#361 = SURFACE_CURVE('',#362,(#366,#372),.PCURVE_S1.);
#362 = LINE('',#363,#364);
#363 = CARTESIAN_POINT('',(39.,4.82,1.455));
#364 = VECTOR('',#365,1.);
#365 = DIRECTION('',(0.,0.,-1.));
#366 = PCURVE('',#72,#367);
#367 = DEFINITIONAL_REPRESENTATION('',(#368),#371);
#368 = B_SPLINE_CURVE_WITH_KNOTS('',1,(#369,#370),.UNSPECIFIED.,.F.,.F.,
  (2,2),(-8.145,-1.455),.PIECEWISE_BEZIER_KNOTS.);
#369 = CARTESIAN_POINT('',(14.32,-9.6));
#370 = CARTESIAN_POINT('',(14.32,-2.91));
#371 = ( GEOMETRIC_REPRESENTATION_CONTEXT(2) 
PARAMETRIC_REPRESENTATION_CONTEXT() REPRESENTATION_CONTEXT('2D SPACE',''
  ) );
#372 = PCURVE('',#373,#378);
#373 = PLANE('',#374);
#374 = AXIS2_PLACEMENT_3D('',#375,#376,#377);
#375 = CARTESIAN_POINT('',(38.,4.82,2.91));
#376 = DIRECTION('',(-0.,1.,0.));
#377 = DIRECTION('',(0.,0.,1.));
#378 = DEFINITIONAL_REPRESENTATION('',(#379),#382);
#379 = B_SPLINE_CURVE_WITH_KNOTS('',1,(#380,#381),.UNSPECIFIED.,.F.,.F.,
  (2,2),(-8.145,-1.455),.PIECEWISE_BEZIER_KNOTS.);
#380 = CARTESIAN_POINT('',(6.69,1.));
#381 = CARTESIAN_POINT('',(0.,1.));
#382 = ( GEOMETRIC_REPRESENTATION_CONTEXT(2) 
PARAMETRIC_REPRESENTATION_CONTEXT() REPRESENTATION_CONTEXT('2D SPACE',''
  ) );
#383 = ORIENTED_EDGE('',*,*,#384,.T.);
#384 = EDGE_CURVE('',#359,#385,#387,.T.);
#385 = VERTEX_POINT('',#386);
#386 = CARTESIAN_POINT('',(39.,9.5,9.6));
#387 = SURFACE_CURVE('',#388,(#392,#399),.PCURVE_S1.);
#388 = LINE('',#389,#390);
#389 = CARTESIAN_POINT('',(39.,0.,9.6));
#390 = VECTOR('',#391,1.);
#391 = DIRECTION('',(0.,1.,0.));
#392 = PCURVE('',#72,#393);
#393 = DEFINITIONAL_REPRESENTATION('',(#394),#398);
#394 = LINE('',#395,#396);
#395 = CARTESIAN_POINT('',(9.5,-9.6));
#396 = VECTOR('',#397,1.);
#397 = DIRECTION('',(1.,0.));
#398 = ( GEOMETRIC_REPRESENTATION_CONTEXT(2) 
PARAMETRIC_REPRESENTATION_CONTEXT() REPRESENTATION_CONTEXT('2D SPACE',''
  ) );
#399 = PCURVE('',#294,#400);
#400 = DEFINITIONAL_REPRESENTATION('',(#401),#405);
#401 = LINE('',#402,#403);
#402 = CARTESIAN_POINT('',(19.5,-2.175658566693E-16));
#403 = VECTOR('',#404,1.);
#404 = DIRECTION('',(0.,1.));
#405 = ( GEOMETRIC_REPRESENTATION_CONTEXT(2) 
PARAMETRIC_REPRESENTATION_CONTEXT() REPRESENTATION_CONTEXT('2D SPACE',''
  ) );
#406 = ORIENTED_EDGE('',*,*,#407,.F.);
#407 = EDGE_CURVE('',#408,#385,#410,.T.);
#408 = VERTEX_POINT('',#409);
#409 = CARTESIAN_POINT('',(39.,9.5,4.901351351351));
#410 = SURFACE_CURVE('',#411,(#415,#422),.PCURVE_S1.);
#411 = LINE('',#412,#413);
#412 = CARTESIAN_POINT('',(39.,9.5,0.));
#413 = VECTOR('',#414,1.);
#414 = DIRECTION('',(0.,0.,1.));
#415 = PCURVE('',#72,#416);
#416 = DEFINITIONAL_REPRESENTATION('',(#417),#421);
#417 = LINE('',#418,#419);
#418 = CARTESIAN_POINT('',(19.,0.));
#419 = VECTOR('',#420,1.);
#420 = DIRECTION('',(0.,-1.));
#421 = ( GEOMETRIC_REPRESENTATION_CONTEXT(2) 
PARAMETRIC_REPRESENTATION_CONTEXT() REPRESENTATION_CONTEXT('2D SPACE',''
  ) );
#422 = PCURVE('',#423,#428);
#423 = CYLINDRICAL_SURFACE('',#424,1.);
#424 = AXIS2_PLACEMENT_3D('',#425,#426,#427);
#425 = CARTESIAN_POINT('',(38.,9.5,0.));
#426 = DIRECTION('',(-0.,-0.,-1.));
#427 = DIRECTION('',(1.,0.,0.));
#428 = DEFINITIONAL_REPRESENTATION('',(#429),#433);
#429 = LINE('',#430,#431);
#430 = CARTESIAN_POINT('',(-0.,0.));
#431 = VECTOR('',#432,1.);
#432 = DIRECTION('',(-0.,-1.));
#433 = ( GEOMETRIC_REPRESENTATION_CONTEXT(2) 
PARAMETRIC_REPRESENTATION_CONTEXT() REPRESENTATION_CONTEXT('2D SPACE',''
  ) );
#434 = ORIENTED_EDGE('',*,*,#435,.F.);
#435 = EDGE_CURVE('',#436,#408,#438,.T.);
#436 = VERTEX_POINT('',#437);
#437 = CARTESIAN_POINT('',(39.,8.65,4.35));
#438 = SURFACE_CURVE('',#439,(#443,#450),.PCURVE_S1.);
#439 = LINE('',#440,#441);
#440 = CARTESIAN_POINT('',(39.,8.65,4.35));
#441 = VECTOR('',#442,1.);
#442 = DIRECTION('',(0.,0.838961287028,0.544191105099));
#443 = PCURVE('',#72,#444);
#444 = DEFINITIONAL_REPRESENTATION('',(#445),#449);
#445 = LINE('',#446,#447);
#446 = CARTESIAN_POINT('',(18.15,-4.35));
#447 = VECTOR('',#448,1.);
#448 = DIRECTION('',(0.838961287028,-0.544191105099));
#449 = ( GEOMETRIC_REPRESENTATION_CONTEXT(2) 
PARAMETRIC_REPRESENTATION_CONTEXT() REPRESENTATION_CONTEXT('2D SPACE',''
  ) );
#450 = PCURVE('',#451,#456);
#451 = PLANE('',#452);
#452 = AXIS2_PLACEMENT_3D('',#453,#454,#455);
#453 = CARTESIAN_POINT('',(37.,8.65,4.35));
#454 = DIRECTION('',(0.,-0.544191105099,0.838961287028));
#455 = DIRECTION('',(0.,0.838961287028,0.544191105099));
#456 = DEFINITIONAL_REPRESENTATION('',(#457),#461);
#457 = LINE('',#458,#459);
#458 = CARTESIAN_POINT('',(0.,-2.));
#459 = VECTOR('',#460,1.);
#460 = DIRECTION('',(1.,0.));
#461 = ( GEOMETRIC_REPRESENTATION_CONTEXT(2) 
PARAMETRIC_REPRESENTATION_CONTEXT() REPRESENTATION_CONTEXT('2D SPACE',''
  ) );
#462 = ORIENTED_EDGE('',*,*,#463,.F.);
#463 = EDGE_CURVE('',#57,#436,#464,.T.);
#464 = SURFACE_CURVE('',#465,(#469,#476),.PCURVE_S1.);
#465 = LINE('',#466,#467);
#466 = CARTESIAN_POINT('',(39.,9.075,4.35));
#467 = VECTOR('',#468,1.);
#468 = DIRECTION('',(0.,-1.,0.));
#469 = PCURVE('',#72,#470);
#470 = DEFINITIONAL_REPRESENTATION('',(#471),#475);
#471 = LINE('',#472,#473);
#472 = CARTESIAN_POINT('',(18.575,-4.35));
#473 = VECTOR('',#474,1.);
#474 = DIRECTION('',(-1.,0.));
#475 = ( GEOMETRIC_REPRESENTATION_CONTEXT(2) 
PARAMETRIC_REPRESENTATION_CONTEXT() REPRESENTATION_CONTEXT('2D SPACE',''
  ) );
#476 = PCURVE('',#100,#477);
#477 = DEFINITIONAL_REPRESENTATION('',(#478),#482);
#478 = LINE('',#479,#480);
#479 = CARTESIAN_POINT('',(0.,-2.));
#480 = VECTOR('',#481,1.);
#481 = DIRECTION('',(1.,0.));
#482 = ( GEOMETRIC_REPRESENTATION_CONTEXT(2) 
PARAMETRIC_REPRESENTATION_CONTEXT() REPRESENTATION_CONTEXT('2D SPACE',''
  ) );
#483 = ORIENTED_EDGE('',*,*,#56,.F.);
#484 = ORIENTED_EDGE('',*,*,#485,.F.);
#485 = EDGE_CURVE('',#486,#24,#488,.T.);
#486 = VERTEX_POINT('',#487);
#487 = CARTESIAN_POINT('',(39.,8.3,0.));
#488 = SURFACE_CURVE('',#489,(#493,#500),.PCURVE_S1.);
#489 = LINE('',#490,#491);
#490 = CARTESIAN_POINT('',(39.,0.,0.));
#491 = VECTOR('',#492,1.);
#492 = DIRECTION('',(0.,1.,0.));
#493 = PCURVE('',#72,#494);
#494 = DEFINITIONAL_REPRESENTATION('',(#495),#499);
#495 = LINE('',#496,#497);
#496 = CARTESIAN_POINT('',(9.5,0.));
#497 = VECTOR('',#498,1.);
#498 = DIRECTION('',(1.,0.));
#499 = ( GEOMETRIC_REPRESENTATION_CONTEXT(2) 
PARAMETRIC_REPRESENTATION_CONTEXT() REPRESENTATION_CONTEXT('2D SPACE',''
  ) );
#500 = PCURVE('',#44,#501);
#501 = DEFINITIONAL_REPRESENTATION('',(#502),#506);
#502 = LINE('',#503,#504);
#503 = CARTESIAN_POINT('',(19.5,-1.878364709583E-17));
#504 = VECTOR('',#505,1.);
#505 = DIRECTION('',(0.,1.));
#506 = ( GEOMETRIC_REPRESENTATION_CONTEXT(2) 
PARAMETRIC_REPRESENTATION_CONTEXT() REPRESENTATION_CONTEXT('2D SPACE',''
  ) );
#507 = ORIENTED_EDGE('',*,*,#508,.T.);
#508 = EDGE_CURVE('',#486,#509,#511,.T.);
#509 = VERTEX_POINT('',#510);
#510 = CARTESIAN_POINT('',(39.,8.3,3.));
#511 = SURFACE_CURVE('',#512,(#516,#523),.PCURVE_S1.);
#512 = LINE('',#513,#514);
#513 = CARTESIAN_POINT('',(39.,8.3,0.));
#514 = VECTOR('',#515,1.);
#515 = DIRECTION('',(0.,0.,1.));
#516 = PCURVE('',#72,#517);
#517 = DEFINITIONAL_REPRESENTATION('',(#518),#522);
#518 = LINE('',#519,#520);
#519 = CARTESIAN_POINT('',(17.8,0.));
#520 = VECTOR('',#521,1.);
#521 = DIRECTION('',(0.,-1.));
#522 = ( GEOMETRIC_REPRESENTATION_CONTEXT(2) 
PARAMETRIC_REPRESENTATION_CONTEXT() REPRESENTATION_CONTEXT('2D SPACE',''
  ) );
#523 = PCURVE('',#524,#529);
#524 = PLANE('',#525);
#525 = AXIS2_PLACEMENT_3D('',#526,#527,#528);
#526 = CARTESIAN_POINT('',(36.,8.3,0.));
#527 = DIRECTION('',(-0.,1.,0.));
#528 = DIRECTION('',(0.,0.,1.));
#529 = DEFINITIONAL_REPRESENTATION('',(#530),#534);
#530 = LINE('',#531,#532);
#531 = CARTESIAN_POINT('',(0.,3.));
#532 = VECTOR('',#533,1.);
#533 = DIRECTION('',(1.,0.));
#534 = ( GEOMETRIC_REPRESENTATION_CONTEXT(2) 
PARAMETRIC_REPRESENTATION_CONTEXT() REPRESENTATION_CONTEXT('2D SPACE',''
  ) );
#535 = ORIENTED_EDGE('',*,*,#536,.F.);
#536 = EDGE_CURVE('',#537,#509,#539,.T.);
#537 = VERTEX_POINT('',#538);
#538 = CARTESIAN_POINT('',(39.,5.3,3.));
#539 = SURFACE_CURVE('',#540,(#544,#551),.PCURVE_S1.);
#540 = LINE('',#541,#542);
#541 = CARTESIAN_POINT('',(39.,5.3,3.));
#542 = VECTOR('',#543,1.);
#543 = DIRECTION('',(-0.,1.,0.));
#544 = PCURVE('',#72,#545);
#545 = DEFINITIONAL_REPRESENTATION('',(#546),#550);
#546 = LINE('',#547,#548);
#547 = CARTESIAN_POINT('',(14.8,-3.));
#548 = VECTOR('',#549,1.);
#549 = DIRECTION('',(1.,0.));
#550 = ( GEOMETRIC_REPRESENTATION_CONTEXT(2) 
PARAMETRIC_REPRESENTATION_CONTEXT() REPRESENTATION_CONTEXT('2D SPACE',''
  ) );
#551 = PCURVE('',#552,#557);
#552 = PLANE('',#553);
#553 = AXIS2_PLACEMENT_3D('',#554,#555,#556);
#554 = CARTESIAN_POINT('',(36.,5.3,3.));
#555 = DIRECTION('',(0.,0.,1.));
#556 = DIRECTION('',(1.,0.,-0.));
#557 = DEFINITIONAL_REPRESENTATION('',(#558),#562);
#558 = LINE('',#559,#560);
#559 = CARTESIAN_POINT('',(3.,0.));
#560 = VECTOR('',#561,1.);
#561 = DIRECTION('',(0.,1.));
#562 = ( GEOMETRIC_REPRESENTATION_CONTEXT(2) 
PARAMETRIC_REPRESENTATION_CONTEXT() REPRESENTATION_CONTEXT('2D SPACE',''
  ) );
#563 = ORIENTED_EDGE('',*,*,#564,.F.);
#564 = EDGE_CURVE('',#565,#537,#567,.T.);
#565 = VERTEX_POINT('',#566);
#566 = CARTESIAN_POINT('',(39.,5.3,0.));
#567 = SURFACE_CURVE('',#568,(#572,#579),.PCURVE_S1.);
#568 = LINE('',#569,#570);
#569 = CARTESIAN_POINT('',(39.,5.3,0.));
#570 = VECTOR('',#571,1.);
#571 = DIRECTION('',(0.,0.,1.));
#572 = PCURVE('',#72,#573);
#573 = DEFINITIONAL_REPRESENTATION('',(#574),#578);
#574 = LINE('',#575,#576);
#575 = CARTESIAN_POINT('',(14.8,0.));
#576 = VECTOR('',#577,1.);
#577 = DIRECTION('',(0.,-1.));
#578 = ( GEOMETRIC_REPRESENTATION_CONTEXT(2) 
PARAMETRIC_REPRESENTATION_CONTEXT() REPRESENTATION_CONTEXT('2D SPACE',''
  ) );
#579 = PCURVE('',#580,#585);
#580 = PLANE('',#581);
#581 = AXIS2_PLACEMENT_3D('',#582,#583,#584);
#582 = CARTESIAN_POINT('',(36.,5.3,0.));
#583 = DIRECTION('',(-0.,1.,0.));
#584 = DIRECTION('',(0.,0.,1.));
#585 = DEFINITIONAL_REPRESENTATION('',(#586),#590);
#586 = LINE('',#587,#588);
#587 = CARTESIAN_POINT('',(0.,3.));
#588 = VECTOR('',#589,1.);
#589 = DIRECTION('',(1.,0.));
#590 = ( GEOMETRIC_REPRESENTATION_CONTEXT(2) 
PARAMETRIC_REPRESENTATION_CONTEXT() REPRESENTATION_CONTEXT('2D SPACE',''
  ) );
#591 = ORIENTED_EDGE('',*,*,#592,.F.);
#592 = EDGE_CURVE('',#593,#565,#595,.T.);
#593 = VERTEX_POINT('',#594);
#594 = CARTESIAN_POINT('',(39.,-5.3,0.));
#595 = SURFACE_CURVE('',#596,(#600,#607),.PCURVE_S1.);
#596 = LINE('',#597,#598);
#597 = CARTESIAN_POINT('',(39.,0.,0.));
#598 = VECTOR('',#599,1.);
#599 = DIRECTION('',(0.,1.,0.));
#600 = PCURVE('',#72,#601);
#601 = DEFINITIONAL_REPRESENTATION('',(#602),#606);
#602 = LINE('',#603,#604);
#603 = CARTESIAN_POINT('',(9.5,0.));
#604 = VECTOR('',#605,1.);
#605 = DIRECTION('',(1.,0.));
#606 = ( GEOMETRIC_REPRESENTATION_CONTEXT(2) 
PARAMETRIC_REPRESENTATION_CONTEXT() REPRESENTATION_CONTEXT('2D SPACE',''
  ) );
#607 = PCURVE('',#44,#608);
#608 = DEFINITIONAL_REPRESENTATION('',(#609),#613);
#609 = LINE('',#610,#611);
#610 = CARTESIAN_POINT('',(19.5,-1.878364709583E-17));
#611 = VECTOR('',#612,1.);
#612 = DIRECTION('',(0.,1.));
#613 = ( GEOMETRIC_REPRESENTATION_CONTEXT(2) 
PARAMETRIC_REPRESENTATION_CONTEXT() REPRESENTATION_CONTEXT('2D SPACE',''
  ) );
#614 = ORIENTED_EDGE('',*,*,#615,.T.);
#615 = EDGE_CURVE('',#593,#616,#618,.T.);
#616 = VERTEX_POINT('',#617);
#617 = CARTESIAN_POINT('',(39.,-5.3,3.));
#618 = SURFACE_CURVE('',#619,(#623,#630),.PCURVE_S1.);
#619 = LINE('',#620,#621);
#620 = CARTESIAN_POINT('',(39.,-5.3,0.));
#621 = VECTOR('',#622,1.);
#622 = DIRECTION('',(0.,0.,1.));
#623 = PCURVE('',#72,#624);
#624 = DEFINITIONAL_REPRESENTATION('',(#625),#629);
#625 = LINE('',#626,#627);
#626 = CARTESIAN_POINT('',(4.2,0.));
#627 = VECTOR('',#628,1.);
#628 = DIRECTION('',(0.,-1.));
#629 = ( GEOMETRIC_REPRESENTATION_CONTEXT(2) 
PARAMETRIC_REPRESENTATION_CONTEXT() REPRESENTATION_CONTEXT('2D SPACE',''
  ) );
#630 = PCURVE('',#631,#636);
#631 = PLANE('',#632);
#632 = AXIS2_PLACEMENT_3D('',#633,#634,#635);
#633 = CARTESIAN_POINT('',(36.,-5.3,0.));
#634 = DIRECTION('',(-0.,1.,0.));
#635 = DIRECTION('',(0.,0.,1.));
#636 = DEFINITIONAL_REPRESENTATION('',(#637),#641);
#637 = LINE('',#638,#639);
#638 = CARTESIAN_POINT('',(0.,3.));
#639 = VECTOR('',#640,1.);
#640 = DIRECTION('',(1.,0.));
#641 = ( GEOMETRIC_REPRESENTATION_CONTEXT(2) 
PARAMETRIC_REPRESENTATION_CONTEXT() REPRESENTATION_CONTEXT('2D SPACE',''
  ) );
#642 = ORIENTED_EDGE('',*,*,#643,.F.);
#643 = EDGE_CURVE('',#644,#616,#646,.T.);
#644 = VERTEX_POINT('',#645);
#645 = CARTESIAN_POINT('',(39.,-8.3,3.));
#646 = SURFACE_CURVE('',#647,(#651,#658),.PCURVE_S1.);
#647 = LINE('',#648,#649);
#648 = CARTESIAN_POINT('',(39.,-8.3,3.));
#649 = VECTOR('',#650,1.);
#650 = DIRECTION('',(-0.,1.,0.));
#651 = PCURVE('',#72,#652);
#652 = DEFINITIONAL_REPRESENTATION('',(#653),#657);
#653 = LINE('',#654,#655);
#654 = CARTESIAN_POINT('',(1.2,-3.));
#655 = VECTOR('',#656,1.);
#656 = DIRECTION('',(1.,0.));
#657 = ( GEOMETRIC_REPRESENTATION_CONTEXT(2) 
PARAMETRIC_REPRESENTATION_CONTEXT() REPRESENTATION_CONTEXT('2D SPACE',''
  ) );
#658 = PCURVE('',#659,#664);
#659 = PLANE('',#660);
#660 = AXIS2_PLACEMENT_3D('',#661,#662,#663);
#661 = CARTESIAN_POINT('',(36.,-8.3,3.));
#662 = DIRECTION('',(0.,0.,1.));
#663 = DIRECTION('',(1.,0.,-0.));
#664 = DEFINITIONAL_REPRESENTATION('',(#665),#669);
#665 = LINE('',#666,#667);
#666 = CARTESIAN_POINT('',(3.,0.));
#667 = VECTOR('',#668,1.);
#668 = DIRECTION('',(0.,1.));
#669 = ( GEOMETRIC_REPRESENTATION_CONTEXT(2) 
PARAMETRIC_REPRESENTATION_CONTEXT() REPRESENTATION_CONTEXT('2D SPACE',''
  ) );
#670 = ORIENTED_EDGE('',*,*,#671,.F.);
#671 = EDGE_CURVE('',#144,#644,#672,.T.);
#672 = SURFACE_CURVE('',#673,(#677,#684),.PCURVE_S1.);
#673 = LINE('',#674,#675);
#674 = CARTESIAN_POINT('',(39.,-8.3,0.));
#675 = VECTOR('',#676,1.);
#676 = DIRECTION('',(0.,0.,1.));
#677 = PCURVE('',#72,#678);
#678 = DEFINITIONAL_REPRESENTATION('',(#679),#683);
#679 = LINE('',#680,#681);
#680 = CARTESIAN_POINT('',(1.2,0.));
#681 = VECTOR('',#682,1.);
#682 = DIRECTION('',(0.,-1.));
#683 = ( GEOMETRIC_REPRESENTATION_CONTEXT(2) 
PARAMETRIC_REPRESENTATION_CONTEXT() REPRESENTATION_CONTEXT('2D SPACE',''
  ) );
#684 = PCURVE('',#685,#690);
#685 = PLANE('',#686);
#686 = AXIS2_PLACEMENT_3D('',#687,#688,#689);
#687 = CARTESIAN_POINT('',(36.,-8.3,0.));
#688 = DIRECTION('',(-0.,1.,0.));
#689 = DIRECTION('',(0.,0.,1.));
#690 = DEFINITIONAL_REPRESENTATION('',(#691),#695);
#691 = LINE('',#692,#693);
#692 = CARTESIAN_POINT('',(0.,3.));
#693 = VECTOR('',#694,1.);
#694 = DIRECTION('',(1.,0.));
#695 = ( GEOMETRIC_REPRESENTATION_CONTEXT(2) 
PARAMETRIC_REPRESENTATION_CONTEXT() REPRESENTATION_CONTEXT('2D SPACE',''
  ) );
#696 = ADVANCED_FACE('',(#697),#182,.F.);
#697 = FACE_BOUND('',#698,.F.);
#698 = EDGE_LOOP('',(#699,#722,#723,#746));
#699 = ORIENTED_EDGE('',*,*,#700,.T.);
#700 = EDGE_CURVE('',#701,#142,#703,.T.);
#701 = VERTEX_POINT('',#702);
#702 = CARTESIAN_POINT('',(37.,-9.075,0.));
#703 = SURFACE_CURVE('',#704,(#708,#715),.PCURVE_S1.);
#704 = LINE('',#705,#706);
#705 = CARTESIAN_POINT('',(37.,-9.075,0.));
#706 = VECTOR('',#707,1.);
#707 = DIRECTION('',(1.,0.,0.));
#708 = PCURVE('',#182,#709);
#709 = DEFINITIONAL_REPRESENTATION('',(#710),#714);
#710 = LINE('',#711,#712);
#711 = CARTESIAN_POINT('',(0.,0.));
#712 = VECTOR('',#713,1.);
#713 = DIRECTION('',(0.,-1.));
#714 = ( GEOMETRIC_REPRESENTATION_CONTEXT(2) 
PARAMETRIC_REPRESENTATION_CONTEXT() REPRESENTATION_CONTEXT('2D SPACE',''
  ) );
#715 = PCURVE('',#44,#716);
#716 = DEFINITIONAL_REPRESENTATION('',(#717),#721);
#717 = LINE('',#718,#719);
#718 = CARTESIAN_POINT('',(17.5,-9.075));
#719 = VECTOR('',#720,1.);
#720 = DIRECTION('',(1.,0.));
#721 = ( GEOMETRIC_REPRESENTATION_CONTEXT(2) 
PARAMETRIC_REPRESENTATION_CONTEXT() REPRESENTATION_CONTEXT('2D SPACE',''
  ) );
#722 = ORIENTED_EDGE('',*,*,#166,.T.);
#723 = ORIENTED_EDGE('',*,*,#724,.F.);
#724 = EDGE_CURVE('',#725,#167,#727,.T.);
#725 = VERTEX_POINT('',#726);
#726 = CARTESIAN_POINT('',(37.,-9.075,4.35));
#727 = SURFACE_CURVE('',#728,(#732,#739),.PCURVE_S1.);
#728 = LINE('',#729,#730);
#729 = CARTESIAN_POINT('',(37.,-9.075,4.35));
#730 = VECTOR('',#731,1.);
#731 = DIRECTION('',(1.,0.,0.));
#732 = PCURVE('',#182,#733);
#733 = DEFINITIONAL_REPRESENTATION('',(#734),#738);
#734 = LINE('',#735,#736);
#735 = CARTESIAN_POINT('',(4.35,0.));
#736 = VECTOR('',#737,1.);
#737 = DIRECTION('',(0.,-1.));
#738 = ( GEOMETRIC_REPRESENTATION_CONTEXT(2) 
PARAMETRIC_REPRESENTATION_CONTEXT() REPRESENTATION_CONTEXT('2D SPACE',''
  ) );
#739 = PCURVE('',#210,#740);
#740 = DEFINITIONAL_REPRESENTATION('',(#741),#745);
#741 = LINE('',#742,#743);
#742 = CARTESIAN_POINT('',(0.,0.));
#743 = VECTOR('',#744,1.);
#744 = DIRECTION('',(0.,-1.));
#745 = ( GEOMETRIC_REPRESENTATION_CONTEXT(2) 
PARAMETRIC_REPRESENTATION_CONTEXT() REPRESENTATION_CONTEXT('2D SPACE',''
  ) );
#746 = ORIENTED_EDGE('',*,*,#747,.F.);
#747 = EDGE_CURVE('',#701,#725,#748,.T.);
#748 = SURFACE_CURVE('',#749,(#753,#760),.PCURVE_S1.);
#749 = LINE('',#750,#751);
#750 = CARTESIAN_POINT('',(37.,-9.075,0.));
#751 = VECTOR('',#752,1.);
#752 = DIRECTION('',(0.,0.,1.));
#753 = PCURVE('',#182,#754);
#754 = DEFINITIONAL_REPRESENTATION('',(#755),#759);
#755 = LINE('',#756,#757);
#756 = CARTESIAN_POINT('',(0.,0.));
#757 = VECTOR('',#758,1.);
#758 = DIRECTION('',(1.,0.));
#759 = ( GEOMETRIC_REPRESENTATION_CONTEXT(2) 
PARAMETRIC_REPRESENTATION_CONTEXT() REPRESENTATION_CONTEXT('2D SPACE',''
  ) );
#760 = PCURVE('',#761,#766);
#761 = PLANE('',#762);
#762 = AXIS2_PLACEMENT_3D('',#763,#764,#765);
#763 = CARTESIAN_POINT('',(37.,-9.446076360153,2.529699365813));
#764 = DIRECTION('',(1.,0.,0.));
#765 = DIRECTION('',(0.,1.,0.));
#766 = DEFINITIONAL_REPRESENTATION('',(#767),#771);
#767 = LINE('',#768,#769);
#768 = CARTESIAN_POINT('',(0.371076360153,-2.529699365813));
#769 = VECTOR('',#770,1.);
#770 = DIRECTION('',(0.,1.));
#771 = ( GEOMETRIC_REPRESENTATION_CONTEXT(2) 
PARAMETRIC_REPRESENTATION_CONTEXT() REPRESENTATION_CONTEXT('2D SPACE',''
  ) );
#772 = ADVANCED_FACE('',(#773),#761,.F.);
#773 = FACE_BOUND('',#774,.F.);
#774 = EDGE_LOOP('',(#775,#776,#799,#822,#850,#878));
#775 = ORIENTED_EDGE('',*,*,#747,.T.);
#776 = ORIENTED_EDGE('',*,*,#777,.T.);
#777 = EDGE_CURVE('',#725,#778,#780,.T.);
#778 = VERTEX_POINT('',#779);
#779 = CARTESIAN_POINT('',(37.,-8.65,4.35));
#780 = SURFACE_CURVE('',#781,(#785,#792),.PCURVE_S1.);
#781 = LINE('',#782,#783);
#782 = CARTESIAN_POINT('',(37.,-9.075,4.35));
#783 = VECTOR('',#784,1.);
#784 = DIRECTION('',(0.,1.,0.));
#785 = PCURVE('',#761,#786);
#786 = DEFINITIONAL_REPRESENTATION('',(#787),#791);
#787 = LINE('',#788,#789);
#788 = CARTESIAN_POINT('',(0.371076360153,1.820300634187));
#789 = VECTOR('',#790,1.);
#790 = DIRECTION('',(1.,0.));
#791 = ( GEOMETRIC_REPRESENTATION_CONTEXT(2) 
PARAMETRIC_REPRESENTATION_CONTEXT() REPRESENTATION_CONTEXT('2D SPACE',''
  ) );
#792 = PCURVE('',#210,#793);
#793 = DEFINITIONAL_REPRESENTATION('',(#794),#798);
#794 = LINE('',#795,#796);
#795 = CARTESIAN_POINT('',(0.,0.));
#796 = VECTOR('',#797,1.);
#797 = DIRECTION('',(1.,0.));
#798 = ( GEOMETRIC_REPRESENTATION_CONTEXT(2) 
PARAMETRIC_REPRESENTATION_CONTEXT() REPRESENTATION_CONTEXT('2D SPACE',''
  ) );
#799 = ORIENTED_EDGE('',*,*,#800,.T.);
#800 = EDGE_CURVE('',#778,#801,#803,.T.);
#801 = VERTEX_POINT('',#802);
#802 = CARTESIAN_POINT('',(37.,-9.575,4.95));
#803 = SURFACE_CURVE('',#804,(#808,#815),.PCURVE_S1.);
#804 = LINE('',#805,#806);
#805 = CARTESIAN_POINT('',(37.,-8.65,4.35));
#806 = VECTOR('',#807,1.);
#807 = DIRECTION('',(0.,-0.838961287028,0.544191105099));
#808 = PCURVE('',#761,#809);
#809 = DEFINITIONAL_REPRESENTATION('',(#810),#814);
#810 = LINE('',#811,#812);
#811 = CARTESIAN_POINT('',(0.796076360153,1.820300634187));
#812 = VECTOR('',#813,1.);
#813 = DIRECTION('',(-0.838961287028,0.544191105099));
#814 = ( GEOMETRIC_REPRESENTATION_CONTEXT(2) 
PARAMETRIC_REPRESENTATION_CONTEXT() REPRESENTATION_CONTEXT('2D SPACE',''
  ) );
#815 = PCURVE('',#238,#816);
#816 = DEFINITIONAL_REPRESENTATION('',(#817),#821);
#817 = LINE('',#818,#819);
#818 = CARTESIAN_POINT('',(0.,0.));
#819 = VECTOR('',#820,1.);
#820 = DIRECTION('',(1.,0.));
#821 = ( GEOMETRIC_REPRESENTATION_CONTEXT(2) 
PARAMETRIC_REPRESENTATION_CONTEXT() REPRESENTATION_CONTEXT('2D SPACE',''
  ) );
#822 = ORIENTED_EDGE('',*,*,#823,.T.);
#823 = EDGE_CURVE('',#801,#824,#826,.T.);
#824 = VERTEX_POINT('',#825);
#825 = CARTESIAN_POINT('',(37.,-9.875,4.95));
#826 = SURFACE_CURVE('',#827,(#831,#838),.PCURVE_S1.);
#827 = LINE('',#828,#829);
#828 = CARTESIAN_POINT('',(37.,-9.575,4.95));
#829 = VECTOR('',#830,1.);
#830 = DIRECTION('',(0.,-1.,0.));
#831 = PCURVE('',#761,#832);
#832 = DEFINITIONAL_REPRESENTATION('',(#833),#837);
#833 = LINE('',#834,#835);
#834 = CARTESIAN_POINT('',(-0.128923639847,2.420300634187));
#835 = VECTOR('',#836,1.);
#836 = DIRECTION('',(-1.,0.));
#837 = ( GEOMETRIC_REPRESENTATION_CONTEXT(2) 
PARAMETRIC_REPRESENTATION_CONTEXT() REPRESENTATION_CONTEXT('2D SPACE',''
  ) );
#838 = PCURVE('',#839,#844);
#839 = PLANE('',#840);
#840 = AXIS2_PLACEMENT_3D('',#841,#842,#843);
#841 = CARTESIAN_POINT('',(37.,-9.575,4.95));
#842 = DIRECTION('',(0.,0.,-1.));
#843 = DIRECTION('',(0.,-1.,0.));
#844 = DEFINITIONAL_REPRESENTATION('',(#845),#849);
#845 = LINE('',#846,#847);
#846 = CARTESIAN_POINT('',(0.,-0.));
#847 = VECTOR('',#848,1.);
#848 = DIRECTION('',(1.,0.));
#849 = ( GEOMETRIC_REPRESENTATION_CONTEXT(2) 
PARAMETRIC_REPRESENTATION_CONTEXT() REPRESENTATION_CONTEXT('2D SPACE',''
  ) );
#850 = ORIENTED_EDGE('',*,*,#851,.T.);
#851 = EDGE_CURVE('',#824,#852,#854,.T.);
#852 = VERTEX_POINT('',#853);
#853 = CARTESIAN_POINT('',(37.,-9.875,0.));
#854 = SURFACE_CURVE('',#855,(#859,#866),.PCURVE_S1.);
#855 = LINE('',#856,#857);
#856 = CARTESIAN_POINT('',(37.,-9.875,4.95));
#857 = VECTOR('',#858,1.);
#858 = DIRECTION('',(0.,0.,-1.));
#859 = PCURVE('',#761,#860);
#860 = DEFINITIONAL_REPRESENTATION('',(#861),#865);
#861 = LINE('',#862,#863);
#862 = CARTESIAN_POINT('',(-0.428923639847,2.420300634187));
#863 = VECTOR('',#864,1.);
#864 = DIRECTION('',(0.,-1.));
#865 = ( GEOMETRIC_REPRESENTATION_CONTEXT(2) 
PARAMETRIC_REPRESENTATION_CONTEXT() REPRESENTATION_CONTEXT('2D SPACE',''
  ) );
#866 = PCURVE('',#867,#872);
#867 = PLANE('',#868);
#868 = AXIS2_PLACEMENT_3D('',#869,#870,#871);
#869 = CARTESIAN_POINT('',(37.,-9.875,4.95));
#870 = DIRECTION('',(0.,1.,0.));
#871 = DIRECTION('',(0.,0.,-1.));
#872 = DEFINITIONAL_REPRESENTATION('',(#873),#877);
#873 = LINE('',#874,#875);
#874 = CARTESIAN_POINT('',(0.,0.));
#875 = VECTOR('',#876,1.);
#876 = DIRECTION('',(1.,0.));
#877 = ( GEOMETRIC_REPRESENTATION_CONTEXT(2) 
PARAMETRIC_REPRESENTATION_CONTEXT() REPRESENTATION_CONTEXT('2D SPACE',''
  ) );
#878 = ORIENTED_EDGE('',*,*,#879,.T.);
#879 = EDGE_CURVE('',#852,#701,#880,.T.);
#880 = SURFACE_CURVE('',#881,(#885,#892),.PCURVE_S1.);
#881 = LINE('',#882,#883);
#882 = CARTESIAN_POINT('',(37.,-9.875,0.));
#883 = VECTOR('',#884,1.);
#884 = DIRECTION('',(0.,1.,0.));
#885 = PCURVE('',#761,#886);
#886 = DEFINITIONAL_REPRESENTATION('',(#887),#891);
#887 = LINE('',#888,#889);
#888 = CARTESIAN_POINT('',(-0.428923639847,-2.529699365813));
#889 = VECTOR('',#890,1.);
#890 = DIRECTION('',(1.,0.));
#891 = ( GEOMETRIC_REPRESENTATION_CONTEXT(2) 
PARAMETRIC_REPRESENTATION_CONTEXT() REPRESENTATION_CONTEXT('2D SPACE',''
  ) );
#892 = PCURVE('',#44,#893);
#893 = DEFINITIONAL_REPRESENTATION('',(#894),#898);
#894 = LINE('',#895,#896);
#895 = CARTESIAN_POINT('',(17.5,-9.875));
#896 = VECTOR('',#897,1.);
#897 = DIRECTION('',(0.,1.));
#898 = ( GEOMETRIC_REPRESENTATION_CONTEXT(2) 
PARAMETRIC_REPRESENTATION_CONTEXT() REPRESENTATION_CONTEXT('2D SPACE',''
  ) );
#899 = ADVANCED_FACE('',(#900),#867,.F.);
#900 = FACE_BOUND('',#901,.F.);
#901 = EDGE_LOOP('',(#902,#903,#926,#947));
#902 = ORIENTED_EDGE('',*,*,#851,.F.);
#903 = ORIENTED_EDGE('',*,*,#904,.T.);
#904 = EDGE_CURVE('',#824,#905,#907,.T.);
#905 = VERTEX_POINT('',#906);
#906 = CARTESIAN_POINT('',(38.927024810887,-9.875,4.95));
#907 = SURFACE_CURVE('',#908,(#912,#919),.PCURVE_S1.);
#908 = LINE('',#909,#910);
#909 = CARTESIAN_POINT('',(37.,-9.875,4.95));
#910 = VECTOR('',#911,1.);
#911 = DIRECTION('',(1.,0.,0.));
#912 = PCURVE('',#867,#913);
#913 = DEFINITIONAL_REPRESENTATION('',(#914),#918);
#914 = LINE('',#915,#916);
#915 = CARTESIAN_POINT('',(0.,0.));
#916 = VECTOR('',#917,1.);
#917 = DIRECTION('',(0.,-1.));
#918 = ( GEOMETRIC_REPRESENTATION_CONTEXT(2) 
PARAMETRIC_REPRESENTATION_CONTEXT() REPRESENTATION_CONTEXT('2D SPACE',''
  ) );
#919 = PCURVE('',#839,#920);
#920 = DEFINITIONAL_REPRESENTATION('',(#921),#925);
#921 = LINE('',#922,#923);
#922 = CARTESIAN_POINT('',(0.3,0.));
#923 = VECTOR('',#924,1.);
#924 = DIRECTION('',(0.,-1.));
#925 = ( GEOMETRIC_REPRESENTATION_CONTEXT(2) 
PARAMETRIC_REPRESENTATION_CONTEXT() REPRESENTATION_CONTEXT('2D SPACE',''
  ) );
#926 = ORIENTED_EDGE('',*,*,#927,.T.);
#927 = EDGE_CURVE('',#905,#928,#930,.T.);
#928 = VERTEX_POINT('',#929);
#929 = CARTESIAN_POINT('',(38.927024810887,-9.875,0.));
#930 = SURFACE_CURVE('',#931,(#935,#941),.PCURVE_S1.);
#931 = LINE('',#932,#933);
#932 = CARTESIAN_POINT('',(38.927024810887,-9.875,0.));
#933 = VECTOR('',#934,1.);
#934 = DIRECTION('',(-0.,-0.,-1.));
#935 = PCURVE('',#867,#936);
#936 = DEFINITIONAL_REPRESENTATION('',(#937),#940);
#937 = B_SPLINE_CURVE_WITH_KNOTS('',1,(#938,#939),.UNSPECIFIED.,.F.,.F.,
  (2,2),(-5.445,6.E-07),.PIECEWISE_BEZIER_KNOTS.);
#938 = CARTESIAN_POINT('',(-0.495,-1.927024810887));
#939 = CARTESIAN_POINT('',(4.9500006,-1.927024810887));
#940 = ( GEOMETRIC_REPRESENTATION_CONTEXT(2) 
PARAMETRIC_REPRESENTATION_CONTEXT() REPRESENTATION_CONTEXT('2D SPACE',''
  ) );
#941 = PCURVE('',#266,#942);
#942 = DEFINITIONAL_REPRESENTATION('',(#943),#946);
#943 = B_SPLINE_CURVE_WITH_KNOTS('',1,(#944,#945),.UNSPECIFIED.,.F.,.F.,
  (2,2),(-5.445,6.E-07),.PIECEWISE_BEZIER_KNOTS.);
#944 = CARTESIAN_POINT('',(-5.898788532684,-5.445));
#945 = CARTESIAN_POINT('',(-5.898788532684,6.E-07));
#946 = ( GEOMETRIC_REPRESENTATION_CONTEXT(2) 
PARAMETRIC_REPRESENTATION_CONTEXT() REPRESENTATION_CONTEXT('2D SPACE',''
  ) );
#947 = ORIENTED_EDGE('',*,*,#948,.F.);
#948 = EDGE_CURVE('',#852,#928,#949,.T.);
#949 = SURFACE_CURVE('',#950,(#954,#961),.PCURVE_S1.);
#950 = LINE('',#951,#952);
#951 = CARTESIAN_POINT('',(37.,-9.875,0.));
#952 = VECTOR('',#953,1.);
#953 = DIRECTION('',(1.,0.,0.));
#954 = PCURVE('',#867,#955);
#955 = DEFINITIONAL_REPRESENTATION('',(#956),#960);
#956 = LINE('',#957,#958);
#957 = CARTESIAN_POINT('',(4.95,0.));
#958 = VECTOR('',#959,1.);
#959 = DIRECTION('',(0.,-1.));
#960 = ( GEOMETRIC_REPRESENTATION_CONTEXT(2) 
PARAMETRIC_REPRESENTATION_CONTEXT() REPRESENTATION_CONTEXT('2D SPACE',''
  ) );
#961 = PCURVE('',#44,#962);
#962 = DEFINITIONAL_REPRESENTATION('',(#963),#967);
#963 = LINE('',#964,#965);
#964 = CARTESIAN_POINT('',(17.5,-9.875));
#965 = VECTOR('',#966,1.);
#966 = DIRECTION('',(1.,0.));
#967 = ( GEOMETRIC_REPRESENTATION_CONTEXT(2) 
PARAMETRIC_REPRESENTATION_CONTEXT() REPRESENTATION_CONTEXT('2D SPACE',''
  ) );
#968 = ADVANCED_FACE('',(#969),#839,.F.);
#969 = FACE_BOUND('',#970,.F.);
#970 = EDGE_LOOP('',(#971,#972,#995,#1017));
#971 = ORIENTED_EDGE('',*,*,#823,.F.);
#972 = ORIENTED_EDGE('',*,*,#973,.T.);
#973 = EDGE_CURVE('',#801,#974,#976,.T.);
#974 = VERTEX_POINT('',#975);
#975 = CARTESIAN_POINT('',(38.997183533759,-9.575,4.95));
#976 = SURFACE_CURVE('',#977,(#981,#988),.PCURVE_S1.);
#977 = LINE('',#978,#979);
#978 = CARTESIAN_POINT('',(37.,-9.575,4.95));
#979 = VECTOR('',#980,1.);
#980 = DIRECTION('',(1.,0.,0.));
#981 = PCURVE('',#839,#982);
#982 = DEFINITIONAL_REPRESENTATION('',(#983),#987);
#983 = LINE('',#984,#985);
#984 = CARTESIAN_POINT('',(0.,-0.));
#985 = VECTOR('',#986,1.);
#986 = DIRECTION('',(0.,-1.));
#987 = ( GEOMETRIC_REPRESENTATION_CONTEXT(2) 
PARAMETRIC_REPRESENTATION_CONTEXT() REPRESENTATION_CONTEXT('2D SPACE',''
  ) );
#988 = PCURVE('',#238,#989);
#989 = DEFINITIONAL_REPRESENTATION('',(#990),#994);
#990 = LINE('',#991,#992);
#991 = CARTESIAN_POINT('',(1.10255385356,0.));
#992 = VECTOR('',#993,1.);
#993 = DIRECTION('',(0.,-1.));
#994 = ( GEOMETRIC_REPRESENTATION_CONTEXT(2) 
PARAMETRIC_REPRESENTATION_CONTEXT() REPRESENTATION_CONTEXT('2D SPACE',''
  ) );
#995 = ORIENTED_EDGE('',*,*,#996,.T.);
#996 = EDGE_CURVE('',#974,#905,#997,.T.);
#997 = SURFACE_CURVE('',#998,(#1003,#1010),.PCURVE_S1.);
#998 = CIRCLE('',#999,1.);
#999 = AXIS2_PLACEMENT_3D('',#1000,#1001,#1002);
#1000 = CARTESIAN_POINT('',(38.,-9.5,4.95));
#1001 = DIRECTION('',(0.,0.,-1.));
#1002 = DIRECTION('',(1.,0.,0.));
#1003 = PCURVE('',#839,#1004);
#1004 = DEFINITIONAL_REPRESENTATION('',(#1005),#1009);
#1005 = CIRCLE('',#1006,1.);
#1006 = AXIS2_PLACEMENT_2D('',#1007,#1008);
#1007 = CARTESIAN_POINT('',(-7.5E-02,-1.));
#1008 = DIRECTION('',(0.,-1.));
#1009 = ( GEOMETRIC_REPRESENTATION_CONTEXT(2) 
PARAMETRIC_REPRESENTATION_CONTEXT() REPRESENTATION_CONTEXT('2D SPACE',''
  ) );
#1010 = PCURVE('',#266,#1011);
#1011 = DEFINITIONAL_REPRESENTATION('',(#1012),#1016);
#1012 = LINE('',#1013,#1014);
#1013 = CARTESIAN_POINT('',(-6.28318530718,-4.95));
#1014 = VECTOR('',#1015,1.);
#1015 = DIRECTION('',(1.,-0.));
#1016 = ( GEOMETRIC_REPRESENTATION_CONTEXT(2) 
PARAMETRIC_REPRESENTATION_CONTEXT() REPRESENTATION_CONTEXT('2D SPACE',''
  ) );
#1017 = ORIENTED_EDGE('',*,*,#904,.F.);
#1018 = ADVANCED_FACE('',(#1019),#210,.F.);
#1019 = FACE_BOUND('',#1020,.F.);
#1020 = EDGE_LOOP('',(#1021,#1022,#1023,#1044));
#1021 = ORIENTED_EDGE('',*,*,#724,.T.);
#1022 = ORIENTED_EDGE('',*,*,#194,.T.);
#1023 = ORIENTED_EDGE('',*,*,#1024,.F.);
#1024 = EDGE_CURVE('',#778,#195,#1025,.T.);
#1025 = SURFACE_CURVE('',#1026,(#1030,#1037),.PCURVE_S1.);
#1026 = LINE('',#1027,#1028);
#1027 = CARTESIAN_POINT('',(37.,-8.65,4.35));
#1028 = VECTOR('',#1029,1.);
#1029 = DIRECTION('',(1.,0.,0.));
#1030 = PCURVE('',#210,#1031);
#1031 = DEFINITIONAL_REPRESENTATION('',(#1032),#1036);
#1032 = LINE('',#1033,#1034);
#1033 = CARTESIAN_POINT('',(0.425,0.));
#1034 = VECTOR('',#1035,1.);
#1035 = DIRECTION('',(0.,-1.));
#1036 = ( GEOMETRIC_REPRESENTATION_CONTEXT(2) 
PARAMETRIC_REPRESENTATION_CONTEXT() REPRESENTATION_CONTEXT('2D SPACE',''
  ) );
#1037 = PCURVE('',#238,#1038);
#1038 = DEFINITIONAL_REPRESENTATION('',(#1039),#1043);
#1039 = LINE('',#1040,#1041);
#1040 = CARTESIAN_POINT('',(0.,0.));
#1041 = VECTOR('',#1042,1.);
#1042 = DIRECTION('',(0.,-1.));
#1043 = ( GEOMETRIC_REPRESENTATION_CONTEXT(2) 
PARAMETRIC_REPRESENTATION_CONTEXT() REPRESENTATION_CONTEXT('2D SPACE',''
  ) );
#1044 = ORIENTED_EDGE('',*,*,#777,.F.);
#1045 = ADVANCED_FACE('',(#1046),#238,.F.);
#1046 = FACE_BOUND('',#1047,.F.);
#1047 = EDGE_LOOP('',(#1048,#1049,#1050,#1051,#1076));
#1048 = ORIENTED_EDGE('',*,*,#800,.F.);
#1049 = ORIENTED_EDGE('',*,*,#1024,.T.);
#1050 = ORIENTED_EDGE('',*,*,#222,.T.);
#1051 = ORIENTED_EDGE('',*,*,#1052,.T.);
#1052 = EDGE_CURVE('',#223,#974,#1053,.T.);
#1053 = SURFACE_CURVE('',#1054,(#1059,#1066),.PCURVE_S1.);
#1054 = ELLIPSE('',#1055,1.191950111957,1.);
#1055 = AXIS2_PLACEMENT_3D('',#1056,#1057,#1058);
#1056 = CARTESIAN_POINT('',(38.,-9.5,4.901351351351));
#1057 = DIRECTION('',(0.,-0.544191105099,-0.838961287028));
#1058 = DIRECTION('',(-0.,0.838961287028,-0.544191105099));
#1059 = PCURVE('',#238,#1060);
#1060 = DEFINITIONAL_REPRESENTATION('',(#1061),#1065);
#1061 = ELLIPSE('',#1062,1.191950111957,1.);
#1062 = AXIS2_PLACEMENT_2D('',#1063,#1064);
#1063 = CARTESIAN_POINT('',(1.013157595163,-1.));
#1064 = DIRECTION('',(-1.,0.));
#1065 = ( GEOMETRIC_REPRESENTATION_CONTEXT(2) 
PARAMETRIC_REPRESENTATION_CONTEXT() REPRESENTATION_CONTEXT('2D SPACE',''
  ) );
#1066 = PCURVE('',#266,#1067);
#1067 = DEFINITIONAL_REPRESENTATION('',(#1068),#1075);
#1068 = B_SPLINE_CURVE_WITH_KNOTS('',5,(#1069,#1070,#1071,#1072,#1073,
    #1074),.UNSPECIFIED.,.F.,.F.,(6,6),(1.570796326795,1.739089620747),
  .PIECEWISE_BEZIER_KNOTS.);
#1069 = CARTESIAN_POINT('',(-6.28318530718,-4.901351351351));
#1070 = CARTESIAN_POINT('',(-6.249526648389,-4.923183994891));
#1071 = CARTESIAN_POINT('',(-6.215867989599,-4.945016638464));
#1072 = CARTESIAN_POINT('',(-6.182209330808,-4.966797752036));
#1073 = CARTESIAN_POINT('',(-6.148550672018,-4.988475806392));
#1074 = CARTESIAN_POINT('',(-6.114892013228,-5.01));
#1075 = ( GEOMETRIC_REPRESENTATION_CONTEXT(2) 
PARAMETRIC_REPRESENTATION_CONTEXT() REPRESENTATION_CONTEXT('2D SPACE',''
  ) );
#1076 = ORIENTED_EDGE('',*,*,#973,.F.);
#1077 = ADVANCED_FACE('',(#1078),#266,.F.);
#1078 = FACE_BOUND('',#1079,.T.);
#1079 = EDGE_LOOP('',(#1080,#1104,#1132,#1154,#1155,#1156,#1157));
#1080 = ORIENTED_EDGE('',*,*,#1081,.F.);
#1081 = EDGE_CURVE('',#1082,#928,#1084,.T.);
#1082 = VERTEX_POINT('',#1083);
#1083 = CARTESIAN_POINT('',(38.,-10.5,0.));
#1084 = SURFACE_CURVE('',#1085,(#1090,#1097),.PCURVE_S1.);
#1085 = CIRCLE('',#1086,1.);
#1086 = AXIS2_PLACEMENT_3D('',#1087,#1088,#1089);
#1087 = CARTESIAN_POINT('',(38.,-9.5,0.));
#1088 = DIRECTION('',(0.,0.,1.));
#1089 = DIRECTION('',(1.,0.,0.));
#1090 = PCURVE('',#266,#1091);
#1091 = DEFINITIONAL_REPRESENTATION('',(#1092),#1096);
#1092 = LINE('',#1093,#1094);
#1093 = CARTESIAN_POINT('',(-0.,0.));
#1094 = VECTOR('',#1095,1.);
#1095 = DIRECTION('',(-1.,0.));
#1096 = ( GEOMETRIC_REPRESENTATION_CONTEXT(2) 
PARAMETRIC_REPRESENTATION_CONTEXT() REPRESENTATION_CONTEXT('2D SPACE',''
  ) );
#1097 = PCURVE('',#44,#1098);
#1098 = DEFINITIONAL_REPRESENTATION('',(#1099),#1103);
#1099 = CIRCLE('',#1100,1.);
#1100 = AXIS2_PLACEMENT_2D('',#1101,#1102);
#1101 = CARTESIAN_POINT('',(18.5,-9.5));
#1102 = DIRECTION('',(1.,0.));
#1103 = ( GEOMETRIC_REPRESENTATION_CONTEXT(2) 
PARAMETRIC_REPRESENTATION_CONTEXT() REPRESENTATION_CONTEXT('2D SPACE',''
  ) );
#1104 = ORIENTED_EDGE('',*,*,#1105,.T.);
#1105 = EDGE_CURVE('',#1082,#1106,#1108,.T.);
#1106 = VERTEX_POINT('',#1107);
#1107 = CARTESIAN_POINT('',(38.,-10.5,9.6));
#1108 = SURFACE_CURVE('',#1109,(#1113,#1120),.PCURVE_S1.);
#1109 = LINE('',#1110,#1111);
#1110 = CARTESIAN_POINT('',(38.,-10.5,0.));
#1111 = VECTOR('',#1112,1.);
#1112 = DIRECTION('',(0.,0.,1.));
#1113 = PCURVE('',#266,#1114);
#1114 = DEFINITIONAL_REPRESENTATION('',(#1115),#1119);
#1115 = LINE('',#1116,#1117);
#1116 = CARTESIAN_POINT('',(-4.712388980385,0.));
#1117 = VECTOR('',#1118,1.);
#1118 = DIRECTION('',(-0.,-1.));
#1119 = ( GEOMETRIC_REPRESENTATION_CONTEXT(2) 
PARAMETRIC_REPRESENTATION_CONTEXT() REPRESENTATION_CONTEXT('2D SPACE',''
  ) );
#1120 = PCURVE('',#1121,#1126);
#1121 = PLANE('',#1122);
#1122 = AXIS2_PLACEMENT_3D('',#1123,#1124,#1125);
#1123 = CARTESIAN_POINT('',(1.,-10.5,0.));
#1124 = DIRECTION('',(0.,1.,0.));
#1125 = DIRECTION('',(1.,0.,0.));
#1126 = DEFINITIONAL_REPRESENTATION('',(#1127),#1131);
#1127 = LINE('',#1128,#1129);
#1128 = CARTESIAN_POINT('',(37.,0.));
#1129 = VECTOR('',#1130,1.);
#1130 = DIRECTION('',(0.,-1.));
#1131 = ( GEOMETRIC_REPRESENTATION_CONTEXT(2) 
PARAMETRIC_REPRESENTATION_CONTEXT() REPRESENTATION_CONTEXT('2D SPACE',''
  ) );
#1132 = ORIENTED_EDGE('',*,*,#1133,.T.);
#1133 = EDGE_CURVE('',#1106,#251,#1134,.T.);
#1134 = SURFACE_CURVE('',#1135,(#1140,#1147),.PCURVE_S1.);
#1135 = CIRCLE('',#1136,1.);
#1136 = AXIS2_PLACEMENT_3D('',#1137,#1138,#1139);
#1137 = CARTESIAN_POINT('',(38.,-9.5,9.6));
#1138 = DIRECTION('',(0.,0.,1.));
#1139 = DIRECTION('',(1.,0.,0.));
#1140 = PCURVE('',#266,#1141);
#1141 = DEFINITIONAL_REPRESENTATION('',(#1142),#1146);
#1142 = LINE('',#1143,#1144);
#1143 = CARTESIAN_POINT('',(-0.,-9.6));
#1144 = VECTOR('',#1145,1.);
#1145 = DIRECTION('',(-1.,0.));
#1146 = ( GEOMETRIC_REPRESENTATION_CONTEXT(2) 
PARAMETRIC_REPRESENTATION_CONTEXT() REPRESENTATION_CONTEXT('2D SPACE',''
  ) );
#1147 = PCURVE('',#294,#1148);
#1148 = DEFINITIONAL_REPRESENTATION('',(#1149),#1153);
#1149 = CIRCLE('',#1150,1.);
#1150 = AXIS2_PLACEMENT_2D('',#1151,#1152);
#1151 = CARTESIAN_POINT('',(18.5,-9.5));
#1152 = DIRECTION('',(1.,0.));
#1153 = ( GEOMETRIC_REPRESENTATION_CONTEXT(2) 
PARAMETRIC_REPRESENTATION_CONTEXT() REPRESENTATION_CONTEXT('2D SPACE',''
  ) );
#1154 = ORIENTED_EDGE('',*,*,#250,.F.);
#1155 = ORIENTED_EDGE('',*,*,#1052,.T.);
#1156 = ORIENTED_EDGE('',*,*,#996,.T.);
#1157 = ORIENTED_EDGE('',*,*,#927,.T.);
#1158 = ADVANCED_FACE('',(#1159),#1121,.T.);
#1159 = FACE_BOUND('',#1160,.T.);
#1160 = EDGE_LOOP('',(#1161,#1184,#1210,#1231));
#1161 = ORIENTED_EDGE('',*,*,#1162,.F.);
#1162 = EDGE_CURVE('',#1163,#1082,#1165,.T.);
#1163 = VERTEX_POINT('',#1164);
#1164 = CARTESIAN_POINT('',(17.6,-10.5,0.));
#1165 = SURFACE_CURVE('',#1166,(#1170,#1177),.PCURVE_S1.);
#1166 = LINE('',#1167,#1168);
#1167 = CARTESIAN_POINT('',(19.5,-10.5,0.));
#1168 = VECTOR('',#1169,1.);
#1169 = DIRECTION('',(1.,0.,0.));
#1170 = PCURVE('',#1121,#1171);
#1171 = DEFINITIONAL_REPRESENTATION('',(#1172),#1176);
#1172 = LINE('',#1173,#1174);
#1173 = CARTESIAN_POINT('',(18.5,0.));
#1174 = VECTOR('',#1175,1.);
#1175 = DIRECTION('',(1.,0.));
#1176 = ( GEOMETRIC_REPRESENTATION_CONTEXT(2) 
PARAMETRIC_REPRESENTATION_CONTEXT() REPRESENTATION_CONTEXT('2D SPACE',''
  ) );
#1177 = PCURVE('',#44,#1178);
#1178 = DEFINITIONAL_REPRESENTATION('',(#1179),#1183);
#1179 = LINE('',#1180,#1181);
#1180 = CARTESIAN_POINT('',(-6.837247542882E-16,-10.5));
#1181 = VECTOR('',#1182,1.);
#1182 = DIRECTION('',(1.,0.));
#1183 = ( GEOMETRIC_REPRESENTATION_CONTEXT(2) 
PARAMETRIC_REPRESENTATION_CONTEXT() REPRESENTATION_CONTEXT('2D SPACE',''
  ) );
#1184 = ORIENTED_EDGE('',*,*,#1185,.F.);
#1185 = EDGE_CURVE('',#1186,#1163,#1188,.T.);
#1186 = VERTEX_POINT('',#1187);
#1187 = CARTESIAN_POINT('',(17.6,-10.5,9.6));
#1188 = SURFACE_CURVE('',#1189,(#1193,#1199),.PCURVE_S1.);
#1189 = LINE('',#1190,#1191);
#1190 = CARTESIAN_POINT('',(17.6,-10.5,0.));
#1191 = VECTOR('',#1192,1.);
#1192 = DIRECTION('',(0.,0.,-1.));
#1193 = PCURVE('',#1121,#1194);
#1194 = DEFINITIONAL_REPRESENTATION('',(#1195),#1198);
#1195 = B_SPLINE_CURVE_WITH_KNOTS('',1,(#1196,#1197),.UNSPECIFIED.,.F.,
  .F.,(2,2),(-9.6,0.),.PIECEWISE_BEZIER_KNOTS.);
#1196 = CARTESIAN_POINT('',(16.6,-9.6));
#1197 = CARTESIAN_POINT('',(16.6,0.));
#1198 = ( GEOMETRIC_REPRESENTATION_CONTEXT(2) 
PARAMETRIC_REPRESENTATION_CONTEXT() REPRESENTATION_CONTEXT('2D SPACE',''
  ) );
#1199 = PCURVE('',#1200,#1205);
#1200 = PLANE('',#1201);
#1201 = AXIS2_PLACEMENT_3D('',#1202,#1203,#1204);
#1202 = CARTESIAN_POINT('',(17.6,-11.1,0.));
#1203 = DIRECTION('',(1.,0.,0.));
#1204 = DIRECTION('',(0.,0.,1.));
#1205 = DEFINITIONAL_REPRESENTATION('',(#1206),#1209);
#1206 = B_SPLINE_CURVE_WITH_KNOTS('',1,(#1207,#1208),.UNSPECIFIED.,.F.,
  .F.,(2,2),(-9.6,0.),.PIECEWISE_BEZIER_KNOTS.);
#1207 = CARTESIAN_POINT('',(9.6,-0.6));
#1208 = CARTESIAN_POINT('',(0.,-0.6));
#1209 = ( GEOMETRIC_REPRESENTATION_CONTEXT(2) 
PARAMETRIC_REPRESENTATION_CONTEXT() REPRESENTATION_CONTEXT('2D SPACE',''
  ) );
#1210 = ORIENTED_EDGE('',*,*,#1211,.T.);
#1211 = EDGE_CURVE('',#1186,#1106,#1212,.T.);
#1212 = SURFACE_CURVE('',#1213,(#1217,#1224),.PCURVE_S1.);
#1213 = LINE('',#1214,#1215);
#1214 = CARTESIAN_POINT('',(19.5,-10.5,9.6));
#1215 = VECTOR('',#1216,1.);
#1216 = DIRECTION('',(1.,0.,0.));
#1217 = PCURVE('',#1121,#1218);
#1218 = DEFINITIONAL_REPRESENTATION('',(#1219),#1223);
#1219 = LINE('',#1220,#1221);
#1220 = CARTESIAN_POINT('',(18.5,-9.6));
#1221 = VECTOR('',#1222,1.);
#1222 = DIRECTION('',(1.,0.));
#1223 = ( GEOMETRIC_REPRESENTATION_CONTEXT(2) 
PARAMETRIC_REPRESENTATION_CONTEXT() REPRESENTATION_CONTEXT('2D SPACE',''
  ) );
#1224 = PCURVE('',#294,#1225);
#1225 = DEFINITIONAL_REPRESENTATION('',(#1226),#1230);
#1226 = LINE('',#1227,#1228);
#1227 = CARTESIAN_POINT('',(0.,-10.5));
#1228 = VECTOR('',#1229,1.);
#1229 = DIRECTION('',(1.,0.));
#1230 = ( GEOMETRIC_REPRESENTATION_CONTEXT(2) 
PARAMETRIC_REPRESENTATION_CONTEXT() REPRESENTATION_CONTEXT('2D SPACE',''
  ) );
#1231 = ORIENTED_EDGE('',*,*,#1105,.F.);
#1232 = ADVANCED_FACE('',(#1233),#1200,.T.);
#1233 = FACE_BOUND('',#1234,.T.);
#1234 = EDGE_LOOP('',(#1235,#1258,#1259,#1282));
#1235 = ORIENTED_EDGE('',*,*,#1236,.F.);
#1236 = EDGE_CURVE('',#1186,#1237,#1239,.T.);
#1237 = VERTEX_POINT('',#1238);
#1238 = CARTESIAN_POINT('',(17.6,-9.9,9.6));
#1239 = SURFACE_CURVE('',#1240,(#1244,#1251),.PCURVE_S1.);
#1240 = LINE('',#1241,#1242);
#1241 = CARTESIAN_POINT('',(17.6,-11.1,9.6));
#1242 = VECTOR('',#1243,1.);
#1243 = DIRECTION('',(0.,1.,0.));
#1244 = PCURVE('',#1200,#1245);
#1245 = DEFINITIONAL_REPRESENTATION('',(#1246),#1250);
#1246 = LINE('',#1247,#1248);
#1247 = CARTESIAN_POINT('',(9.6,0.));
#1248 = VECTOR('',#1249,1.);
#1249 = DIRECTION('',(0.,-1.));
#1250 = ( GEOMETRIC_REPRESENTATION_CONTEXT(2) 
PARAMETRIC_REPRESENTATION_CONTEXT() REPRESENTATION_CONTEXT('2D SPACE',''
  ) );
#1251 = PCURVE('',#294,#1252);
#1252 = DEFINITIONAL_REPRESENTATION('',(#1253),#1257);
#1253 = LINE('',#1254,#1255);
#1254 = CARTESIAN_POINT('',(-1.9,-11.1));
#1255 = VECTOR('',#1256,1.);
#1256 = DIRECTION('',(0.,1.));
#1257 = ( GEOMETRIC_REPRESENTATION_CONTEXT(2) 
PARAMETRIC_REPRESENTATION_CONTEXT() REPRESENTATION_CONTEXT('2D SPACE',''
  ) );
#1258 = ORIENTED_EDGE('',*,*,#1185,.T.);
#1259 = ORIENTED_EDGE('',*,*,#1260,.T.);
#1260 = EDGE_CURVE('',#1163,#1261,#1263,.T.);
#1261 = VERTEX_POINT('',#1262);
#1262 = CARTESIAN_POINT('',(17.6,-9.9,0.));
#1263 = SURFACE_CURVE('',#1264,(#1268,#1275),.PCURVE_S1.);
#1264 = LINE('',#1265,#1266);
#1265 = CARTESIAN_POINT('',(17.6,-11.1,0.));
#1266 = VECTOR('',#1267,1.);
#1267 = DIRECTION('',(0.,1.,0.));
#1268 = PCURVE('',#1200,#1269);
#1269 = DEFINITIONAL_REPRESENTATION('',(#1270),#1274);
#1270 = LINE('',#1271,#1272);
#1271 = CARTESIAN_POINT('',(0.,0.));
#1272 = VECTOR('',#1273,1.);
#1273 = DIRECTION('',(0.,-1.));
#1274 = ( GEOMETRIC_REPRESENTATION_CONTEXT(2) 
PARAMETRIC_REPRESENTATION_CONTEXT() REPRESENTATION_CONTEXT('2D SPACE',''
  ) );
#1275 = PCURVE('',#44,#1276);
#1276 = DEFINITIONAL_REPRESENTATION('',(#1277),#1281);
#1277 = LINE('',#1278,#1279);
#1278 = CARTESIAN_POINT('',(-1.9,-11.1));
#1279 = VECTOR('',#1280,1.);
#1280 = DIRECTION('',(0.,1.));
#1281 = ( GEOMETRIC_REPRESENTATION_CONTEXT(2) 
PARAMETRIC_REPRESENTATION_CONTEXT() REPRESENTATION_CONTEXT('2D SPACE',''
  ) );
#1282 = ORIENTED_EDGE('',*,*,#1283,.T.);
#1283 = EDGE_CURVE('',#1261,#1237,#1284,.T.);
#1284 = SURFACE_CURVE('',#1285,(#1289,#1296),.PCURVE_S1.);
#1285 = LINE('',#1286,#1287);
#1286 = CARTESIAN_POINT('',(17.6,-9.9,0.));
#1287 = VECTOR('',#1288,1.);
#1288 = DIRECTION('',(0.,0.,1.));
#1289 = PCURVE('',#1200,#1290);
#1290 = DEFINITIONAL_REPRESENTATION('',(#1291),#1295);
#1291 = LINE('',#1292,#1293);
#1292 = CARTESIAN_POINT('',(0.,-1.2));
#1293 = VECTOR('',#1294,1.);
#1294 = DIRECTION('',(1.,0.));
#1295 = ( GEOMETRIC_REPRESENTATION_CONTEXT(2) 
PARAMETRIC_REPRESENTATION_CONTEXT() REPRESENTATION_CONTEXT('2D SPACE',''
  ) );
#1296 = PCURVE('',#1297,#1302);
#1297 = CYLINDRICAL_SURFACE('',#1298,2.6);
#1298 = AXIS2_PLACEMENT_3D('',#1299,#1300,#1301);
#1299 = CARTESIAN_POINT('',(15.,-9.9,0.));
#1300 = DIRECTION('',(0.,0.,1.));
#1301 = DIRECTION('',(1.,0.,0.));
#1302 = DEFINITIONAL_REPRESENTATION('',(#1303),#1307);
#1303 = LINE('',#1304,#1305);
#1304 = CARTESIAN_POINT('',(0.,-0.));
#1305 = VECTOR('',#1306,1.);
#1306 = DIRECTION('',(0.,1.));
#1307 = ( GEOMETRIC_REPRESENTATION_CONTEXT(2) 
PARAMETRIC_REPRESENTATION_CONTEXT() REPRESENTATION_CONTEXT('2D SPACE',''
  ) );
#1308 = ADVANCED_FACE('',(#1309),#1297,.T.);
#1309 = FACE_BOUND('',#1310,.T.);
#1310 = EDGE_LOOP('',(#1311,#1335,#1336,#1360));
#1311 = ORIENTED_EDGE('',*,*,#1312,.F.);
#1312 = EDGE_CURVE('',#1237,#1313,#1315,.T.);
#1313 = VERTEX_POINT('',#1314);
#1314 = CARTESIAN_POINT('',(12.4,-9.9,9.6));
#1315 = SURFACE_CURVE('',#1316,(#1321,#1328),.PCURVE_S1.);
#1316 = CIRCLE('',#1317,2.6);
#1317 = AXIS2_PLACEMENT_3D('',#1318,#1319,#1320);
#1318 = CARTESIAN_POINT('',(15.,-9.9,9.6));
#1319 = DIRECTION('',(0.,0.,1.));
#1320 = DIRECTION('',(1.,0.,0.));
#1321 = PCURVE('',#1297,#1322);
#1322 = DEFINITIONAL_REPRESENTATION('',(#1323),#1327);
#1323 = LINE('',#1324,#1325);
#1324 = CARTESIAN_POINT('',(0.,9.6));
#1325 = VECTOR('',#1326,1.);
#1326 = DIRECTION('',(1.,0.));
#1327 = ( GEOMETRIC_REPRESENTATION_CONTEXT(2) 
PARAMETRIC_REPRESENTATION_CONTEXT() REPRESENTATION_CONTEXT('2D SPACE',''
  ) );
#1328 = PCURVE('',#294,#1329);
#1329 = DEFINITIONAL_REPRESENTATION('',(#1330),#1334);
#1330 = CIRCLE('',#1331,2.6);
#1331 = AXIS2_PLACEMENT_2D('',#1332,#1333);
#1332 = CARTESIAN_POINT('',(-4.5,-9.9));
#1333 = DIRECTION('',(1.,0.));
#1334 = ( GEOMETRIC_REPRESENTATION_CONTEXT(2) 
PARAMETRIC_REPRESENTATION_CONTEXT() REPRESENTATION_CONTEXT('2D SPACE',''
  ) );
#1335 = ORIENTED_EDGE('',*,*,#1283,.F.);
#1336 = ORIENTED_EDGE('',*,*,#1337,.T.);
#1337 = EDGE_CURVE('',#1261,#1338,#1340,.T.);
#1338 = VERTEX_POINT('',#1339);
#1339 = CARTESIAN_POINT('',(12.4,-9.9,0.));
#1340 = SURFACE_CURVE('',#1341,(#1346,#1353),.PCURVE_S1.);
#1341 = CIRCLE('',#1342,2.6);
#1342 = AXIS2_PLACEMENT_3D('',#1343,#1344,#1345);
#1343 = CARTESIAN_POINT('',(15.,-9.9,0.));
#1344 = DIRECTION('',(0.,0.,1.));
#1345 = DIRECTION('',(1.,0.,0.));
#1346 = PCURVE('',#1297,#1347);
#1347 = DEFINITIONAL_REPRESENTATION('',(#1348),#1352);
#1348 = LINE('',#1349,#1350);
#1349 = CARTESIAN_POINT('',(0.,0.));
#1350 = VECTOR('',#1351,1.);
#1351 = DIRECTION('',(1.,0.));
#1352 = ( GEOMETRIC_REPRESENTATION_CONTEXT(2) 
PARAMETRIC_REPRESENTATION_CONTEXT() REPRESENTATION_CONTEXT('2D SPACE',''
  ) );
#1353 = PCURVE('',#44,#1354);
#1354 = DEFINITIONAL_REPRESENTATION('',(#1355),#1359);
#1355 = CIRCLE('',#1356,2.6);
#1356 = AXIS2_PLACEMENT_2D('',#1357,#1358);
#1357 = CARTESIAN_POINT('',(-4.5,-9.9));
#1358 = DIRECTION('',(1.,0.));
#1359 = ( GEOMETRIC_REPRESENTATION_CONTEXT(2) 
PARAMETRIC_REPRESENTATION_CONTEXT() REPRESENTATION_CONTEXT('2D SPACE',''
  ) );
#1360 = ORIENTED_EDGE('',*,*,#1361,.T.);
#1361 = EDGE_CURVE('',#1338,#1313,#1362,.T.);
#1362 = SURFACE_CURVE('',#1363,(#1367,#1374),.PCURVE_S1.);
#1363 = LINE('',#1364,#1365);
#1364 = CARTESIAN_POINT('',(12.4,-9.9,0.));
#1365 = VECTOR('',#1366,1.);
#1366 = DIRECTION('',(0.,0.,1.));
#1367 = PCURVE('',#1297,#1368);
#1368 = DEFINITIONAL_REPRESENTATION('',(#1369),#1373);
#1369 = LINE('',#1370,#1371);
#1370 = CARTESIAN_POINT('',(3.14159265359,0.));
#1371 = VECTOR('',#1372,1.);
#1372 = DIRECTION('',(0.,1.));
#1373 = ( GEOMETRIC_REPRESENTATION_CONTEXT(2) 
PARAMETRIC_REPRESENTATION_CONTEXT() REPRESENTATION_CONTEXT('2D SPACE',''
  ) );
#1374 = PCURVE('',#1375,#1380);
#1375 = PLANE('',#1376);
#1376 = AXIS2_PLACEMENT_3D('',#1377,#1378,#1379);
#1377 = CARTESIAN_POINT('',(12.4,-11.1,0.));
#1378 = DIRECTION('',(1.,0.,0.));
#1379 = DIRECTION('',(0.,0.,1.));
#1380 = DEFINITIONAL_REPRESENTATION('',(#1381),#1385);
#1381 = LINE('',#1382,#1383);
#1382 = CARTESIAN_POINT('',(0.,-1.2));
#1383 = VECTOR('',#1384,1.);
#1384 = DIRECTION('',(1.,0.));
#1385 = ( GEOMETRIC_REPRESENTATION_CONTEXT(2) 
PARAMETRIC_REPRESENTATION_CONTEXT() REPRESENTATION_CONTEXT('2D SPACE',''
  ) );
#1386 = ADVANCED_FACE('',(#1387),#1375,.F.);
#1387 = FACE_BOUND('',#1388,.F.);
#1388 = EDGE_LOOP('',(#1389,#1412,#1438,#1459));
#1389 = ORIENTED_EDGE('',*,*,#1390,.F.);
#1390 = EDGE_CURVE('',#1391,#1313,#1393,.T.);
#1391 = VERTEX_POINT('',#1392);
#1392 = CARTESIAN_POINT('',(12.4,-10.5,9.6));
#1393 = SURFACE_CURVE('',#1394,(#1398,#1405),.PCURVE_S1.);
#1394 = LINE('',#1395,#1396);
#1395 = CARTESIAN_POINT('',(12.4,-11.1,9.6));
#1396 = VECTOR('',#1397,1.);
#1397 = DIRECTION('',(0.,1.,0.));
#1398 = PCURVE('',#1375,#1399);
#1399 = DEFINITIONAL_REPRESENTATION('',(#1400),#1404);
#1400 = LINE('',#1401,#1402);
#1401 = CARTESIAN_POINT('',(9.6,0.));
#1402 = VECTOR('',#1403,1.);
#1403 = DIRECTION('',(0.,-1.));
#1404 = ( GEOMETRIC_REPRESENTATION_CONTEXT(2) 
PARAMETRIC_REPRESENTATION_CONTEXT() REPRESENTATION_CONTEXT('2D SPACE',''
  ) );
#1405 = PCURVE('',#294,#1406);
#1406 = DEFINITIONAL_REPRESENTATION('',(#1407),#1411);
#1407 = LINE('',#1408,#1409);
#1408 = CARTESIAN_POINT('',(-7.1,-11.1));
#1409 = VECTOR('',#1410,1.);
#1410 = DIRECTION('',(0.,1.));
#1411 = ( GEOMETRIC_REPRESENTATION_CONTEXT(2) 
PARAMETRIC_REPRESENTATION_CONTEXT() REPRESENTATION_CONTEXT('2D SPACE',''
  ) );
#1412 = ORIENTED_EDGE('',*,*,#1413,.T.);
#1413 = EDGE_CURVE('',#1391,#1414,#1416,.T.);
#1414 = VERTEX_POINT('',#1415);
#1415 = CARTESIAN_POINT('',(12.4,-10.5,0.));
#1416 = SURFACE_CURVE('',#1417,(#1421,#1427),.PCURVE_S1.);
#1417 = LINE('',#1418,#1419);
#1418 = CARTESIAN_POINT('',(12.4,-10.5,0.));
#1419 = VECTOR('',#1420,1.);
#1420 = DIRECTION('',(0.,0.,-1.));
#1421 = PCURVE('',#1375,#1422);
#1422 = DEFINITIONAL_REPRESENTATION('',(#1423),#1426);
#1423 = B_SPLINE_CURVE_WITH_KNOTS('',1,(#1424,#1425),.UNSPECIFIED.,.F.,
  .F.,(2,2),(-9.6,0.),.PIECEWISE_BEZIER_KNOTS.);
#1424 = CARTESIAN_POINT('',(9.6,-0.6));
#1425 = CARTESIAN_POINT('',(0.,-0.6));
#1426 = ( GEOMETRIC_REPRESENTATION_CONTEXT(2) 
PARAMETRIC_REPRESENTATION_CONTEXT() REPRESENTATION_CONTEXT('2D SPACE',''
  ) );
#1427 = PCURVE('',#1428,#1433);
#1428 = PLANE('',#1429);
#1429 = AXIS2_PLACEMENT_3D('',#1430,#1431,#1432);
#1430 = CARTESIAN_POINT('',(1.,-10.5,0.));
#1431 = DIRECTION('',(0.,1.,0.));
#1432 = DIRECTION('',(1.,0.,0.));
#1433 = DEFINITIONAL_REPRESENTATION('',(#1434),#1437);
#1434 = B_SPLINE_CURVE_WITH_KNOTS('',1,(#1435,#1436),.UNSPECIFIED.,.F.,
  .F.,(2,2),(-9.6,0.),.PIECEWISE_BEZIER_KNOTS.);
#1435 = CARTESIAN_POINT('',(11.4,-9.6));
#1436 = CARTESIAN_POINT('',(11.4,0.));
#1437 = ( GEOMETRIC_REPRESENTATION_CONTEXT(2) 
PARAMETRIC_REPRESENTATION_CONTEXT() REPRESENTATION_CONTEXT('2D SPACE',''
  ) );
#1438 = ORIENTED_EDGE('',*,*,#1439,.T.);
#1439 = EDGE_CURVE('',#1414,#1338,#1440,.T.);
#1440 = SURFACE_CURVE('',#1441,(#1445,#1452),.PCURVE_S1.);
#1441 = LINE('',#1442,#1443);
#1442 = CARTESIAN_POINT('',(12.4,-11.1,0.));
#1443 = VECTOR('',#1444,1.);
#1444 = DIRECTION('',(0.,1.,0.));
#1445 = PCURVE('',#1375,#1446);
#1446 = DEFINITIONAL_REPRESENTATION('',(#1447),#1451);
#1447 = LINE('',#1448,#1449);
#1448 = CARTESIAN_POINT('',(0.,0.));
#1449 = VECTOR('',#1450,1.);
#1450 = DIRECTION('',(0.,-1.));
#1451 = ( GEOMETRIC_REPRESENTATION_CONTEXT(2) 
PARAMETRIC_REPRESENTATION_CONTEXT() REPRESENTATION_CONTEXT('2D SPACE',''
  ) );
#1452 = PCURVE('',#44,#1453);
#1453 = DEFINITIONAL_REPRESENTATION('',(#1454),#1458);
#1454 = LINE('',#1455,#1456);
#1455 = CARTESIAN_POINT('',(-7.1,-11.1));
#1456 = VECTOR('',#1457,1.);
#1457 = DIRECTION('',(0.,1.));
#1458 = ( GEOMETRIC_REPRESENTATION_CONTEXT(2) 
PARAMETRIC_REPRESENTATION_CONTEXT() REPRESENTATION_CONTEXT('2D SPACE',''
  ) );
#1459 = ORIENTED_EDGE('',*,*,#1361,.T.);
#1460 = ADVANCED_FACE('',(#1461),#1428,.T.);
#1461 = FACE_BOUND('',#1462,.T.);
#1462 = EDGE_LOOP('',(#1463,#1486,#1514,#1535));
#1463 = ORIENTED_EDGE('',*,*,#1464,.F.);
#1464 = EDGE_CURVE('',#1465,#1414,#1467,.T.);
#1465 = VERTEX_POINT('',#1466);
#1466 = CARTESIAN_POINT('',(1.,-10.5,0.));
#1467 = SURFACE_CURVE('',#1468,(#1472,#1479),.PCURVE_S1.);
#1468 = LINE('',#1469,#1470);
#1469 = CARTESIAN_POINT('',(19.5,-10.5,0.));
#1470 = VECTOR('',#1471,1.);
#1471 = DIRECTION('',(1.,0.,0.));
#1472 = PCURVE('',#1428,#1473);
#1473 = DEFINITIONAL_REPRESENTATION('',(#1474),#1478);
#1474 = LINE('',#1475,#1476);
#1475 = CARTESIAN_POINT('',(18.5,0.));
#1476 = VECTOR('',#1477,1.);
#1477 = DIRECTION('',(1.,0.));
#1478 = ( GEOMETRIC_REPRESENTATION_CONTEXT(2) 
PARAMETRIC_REPRESENTATION_CONTEXT() REPRESENTATION_CONTEXT('2D SPACE',''
  ) );
#1479 = PCURVE('',#44,#1480);
#1480 = DEFINITIONAL_REPRESENTATION('',(#1481),#1485);
#1481 = LINE('',#1482,#1483);
#1482 = CARTESIAN_POINT('',(-6.837247542882E-16,-10.5));
#1483 = VECTOR('',#1484,1.);
#1484 = DIRECTION('',(1.,0.));
#1485 = ( GEOMETRIC_REPRESENTATION_CONTEXT(2) 
PARAMETRIC_REPRESENTATION_CONTEXT() REPRESENTATION_CONTEXT('2D SPACE',''
  ) );
#1486 = ORIENTED_EDGE('',*,*,#1487,.T.);
#1487 = EDGE_CURVE('',#1465,#1488,#1490,.T.);
#1488 = VERTEX_POINT('',#1489);
#1489 = CARTESIAN_POINT('',(1.,-10.5,9.6));
#1490 = SURFACE_CURVE('',#1491,(#1495,#1502),.PCURVE_S1.);
#1491 = LINE('',#1492,#1493);
#1492 = CARTESIAN_POINT('',(1.,-10.5,0.));
#1493 = VECTOR('',#1494,1.);
#1494 = DIRECTION('',(0.,0.,1.));
#1495 = PCURVE('',#1428,#1496);
#1496 = DEFINITIONAL_REPRESENTATION('',(#1497),#1501);
#1497 = LINE('',#1498,#1499);
#1498 = CARTESIAN_POINT('',(0.,0.));
#1499 = VECTOR('',#1500,1.);
#1500 = DIRECTION('',(0.,-1.));
#1501 = ( GEOMETRIC_REPRESENTATION_CONTEXT(2) 
PARAMETRIC_REPRESENTATION_CONTEXT() REPRESENTATION_CONTEXT('2D SPACE',''
  ) );
#1502 = PCURVE('',#1503,#1508);
#1503 = CYLINDRICAL_SURFACE('',#1504,1.);
#1504 = AXIS2_PLACEMENT_3D('',#1505,#1506,#1507);
#1505 = CARTESIAN_POINT('',(1.,-9.5,0.));
#1506 = DIRECTION('',(-0.,-0.,-1.));
#1507 = DIRECTION('',(1.,0.,0.));
#1508 = DEFINITIONAL_REPRESENTATION('',(#1509),#1513);
#1509 = LINE('',#1510,#1511);
#1510 = CARTESIAN_POINT('',(-4.712388980385,0.));
#1511 = VECTOR('',#1512,1.);
#1512 = DIRECTION('',(-0.,-1.));
#1513 = ( GEOMETRIC_REPRESENTATION_CONTEXT(2) 
PARAMETRIC_REPRESENTATION_CONTEXT() REPRESENTATION_CONTEXT('2D SPACE',''
  ) );
#1514 = ORIENTED_EDGE('',*,*,#1515,.T.);
#1515 = EDGE_CURVE('',#1488,#1391,#1516,.T.);
#1516 = SURFACE_CURVE('',#1517,(#1521,#1528),.PCURVE_S1.);
#1517 = LINE('',#1518,#1519);
#1518 = CARTESIAN_POINT('',(19.5,-10.5,9.6));
#1519 = VECTOR('',#1520,1.);
#1520 = DIRECTION('',(1.,0.,0.));
#1521 = PCURVE('',#1428,#1522);
#1522 = DEFINITIONAL_REPRESENTATION('',(#1523),#1527);
#1523 = LINE('',#1524,#1525);
#1524 = CARTESIAN_POINT('',(18.5,-9.6));
#1525 = VECTOR('',#1526,1.);
#1526 = DIRECTION('',(1.,0.));
#1527 = ( GEOMETRIC_REPRESENTATION_CONTEXT(2) 
PARAMETRIC_REPRESENTATION_CONTEXT() REPRESENTATION_CONTEXT('2D SPACE',''
  ) );
#1528 = PCURVE('',#294,#1529);
#1529 = DEFINITIONAL_REPRESENTATION('',(#1530),#1534);
#1530 = LINE('',#1531,#1532);
#1531 = CARTESIAN_POINT('',(0.,-10.5));
#1532 = VECTOR('',#1533,1.);
#1533 = DIRECTION('',(1.,0.));
#1534 = ( GEOMETRIC_REPRESENTATION_CONTEXT(2) 
PARAMETRIC_REPRESENTATION_CONTEXT() REPRESENTATION_CONTEXT('2D SPACE',''
  ) );
#1535 = ORIENTED_EDGE('',*,*,#1413,.T.);
#1536 = ADVANCED_FACE('',(#1537),#1503,.F.);
#1537 = FACE_BOUND('',#1538,.T.);
#1538 = EDGE_LOOP('',(#1539,#1569,#1591,#1592));
#1539 = ORIENTED_EDGE('',*,*,#1540,.T.);
#1540 = EDGE_CURVE('',#1541,#1543,#1545,.T.);
#1541 = VERTEX_POINT('',#1542);
#1542 = CARTESIAN_POINT('',(0.,-9.5,0.));
#1543 = VERTEX_POINT('',#1544);
#1544 = CARTESIAN_POINT('',(0.,-9.5,9.6));
#1545 = SURFACE_CURVE('',#1546,(#1550,#1557),.PCURVE_S1.);
#1546 = LINE('',#1547,#1548);
#1547 = CARTESIAN_POINT('',(0.,-9.5,0.));
#1548 = VECTOR('',#1549,1.);
#1549 = DIRECTION('',(0.,0.,1.));
#1550 = PCURVE('',#1503,#1551);
#1551 = DEFINITIONAL_REPRESENTATION('',(#1552),#1556);
#1552 = LINE('',#1553,#1554);
#1553 = CARTESIAN_POINT('',(-3.14159265359,0.));
#1554 = VECTOR('',#1555,1.);
#1555 = DIRECTION('',(-0.,-1.));
#1556 = ( GEOMETRIC_REPRESENTATION_CONTEXT(2) 
PARAMETRIC_REPRESENTATION_CONTEXT() REPRESENTATION_CONTEXT('2D SPACE',''
  ) );
#1557 = PCURVE('',#1558,#1563);
#1558 = PLANE('',#1559);
#1559 = AXIS2_PLACEMENT_3D('',#1560,#1561,#1562);
#1560 = CARTESIAN_POINT('',(0.,-9.5,0.));
#1561 = DIRECTION('',(-1.,0.,0.));
#1562 = DIRECTION('',(0.,1.,0.));
#1563 = DEFINITIONAL_REPRESENTATION('',(#1564),#1568);
#1564 = LINE('',#1565,#1566);
#1565 = CARTESIAN_POINT('',(0.,0.));
#1566 = VECTOR('',#1567,1.);
#1567 = DIRECTION('',(0.,-1.));
#1568 = ( GEOMETRIC_REPRESENTATION_CONTEXT(2) 
PARAMETRIC_REPRESENTATION_CONTEXT() REPRESENTATION_CONTEXT('2D SPACE',''
  ) );
#1569 = ORIENTED_EDGE('',*,*,#1570,.T.);
#1570 = EDGE_CURVE('',#1543,#1488,#1571,.T.);
#1571 = SURFACE_CURVE('',#1572,(#1577,#1584),.PCURVE_S1.);
#1572 = CIRCLE('',#1573,1.);
#1573 = AXIS2_PLACEMENT_3D('',#1574,#1575,#1576);
#1574 = CARTESIAN_POINT('',(1.,-9.5,9.6));
#1575 = DIRECTION('',(0.,0.,1.));
#1576 = DIRECTION('',(1.,0.,0.));
#1577 = PCURVE('',#1503,#1578);
#1578 = DEFINITIONAL_REPRESENTATION('',(#1579),#1583);
#1579 = LINE('',#1580,#1581);
#1580 = CARTESIAN_POINT('',(-0.,-9.6));
#1581 = VECTOR('',#1582,1.);
#1582 = DIRECTION('',(-1.,0.));
#1583 = ( GEOMETRIC_REPRESENTATION_CONTEXT(2) 
PARAMETRIC_REPRESENTATION_CONTEXT() REPRESENTATION_CONTEXT('2D SPACE',''
  ) );
#1584 = PCURVE('',#294,#1585);
#1585 = DEFINITIONAL_REPRESENTATION('',(#1586),#1590);
#1586 = CIRCLE('',#1587,1.);
#1587 = AXIS2_PLACEMENT_2D('',#1588,#1589);
#1588 = CARTESIAN_POINT('',(-18.5,-9.5));
#1589 = DIRECTION('',(1.,0.));
#1590 = ( GEOMETRIC_REPRESENTATION_CONTEXT(2) 
PARAMETRIC_REPRESENTATION_CONTEXT() REPRESENTATION_CONTEXT('2D SPACE',''
  ) );
#1591 = ORIENTED_EDGE('',*,*,#1487,.F.);
#1592 = ORIENTED_EDGE('',*,*,#1593,.F.);
#1593 = EDGE_CURVE('',#1541,#1465,#1594,.T.);
#1594 = SURFACE_CURVE('',#1595,(#1600,#1607),.PCURVE_S1.);
#1595 = CIRCLE('',#1596,1.);
#1596 = AXIS2_PLACEMENT_3D('',#1597,#1598,#1599);
#1597 = CARTESIAN_POINT('',(1.,-9.5,0.));
#1598 = DIRECTION('',(0.,0.,1.));
#1599 = DIRECTION('',(1.,0.,0.));
#1600 = PCURVE('',#1503,#1601);
#1601 = DEFINITIONAL_REPRESENTATION('',(#1602),#1606);
#1602 = LINE('',#1603,#1604);
#1603 = CARTESIAN_POINT('',(-0.,0.));
#1604 = VECTOR('',#1605,1.);
#1605 = DIRECTION('',(-1.,0.));
#1606 = ( GEOMETRIC_REPRESENTATION_CONTEXT(2) 
PARAMETRIC_REPRESENTATION_CONTEXT() REPRESENTATION_CONTEXT('2D SPACE',''
  ) );
#1607 = PCURVE('',#44,#1608);
#1608 = DEFINITIONAL_REPRESENTATION('',(#1609),#1613);
#1609 = CIRCLE('',#1610,1.);
#1610 = AXIS2_PLACEMENT_2D('',#1611,#1612);
#1611 = CARTESIAN_POINT('',(-18.5,-9.5));
#1612 = DIRECTION('',(1.,0.));
#1613 = ( GEOMETRIC_REPRESENTATION_CONTEXT(2) 
PARAMETRIC_REPRESENTATION_CONTEXT() REPRESENTATION_CONTEXT('2D SPACE',''
  ) );
#1614 = ADVANCED_FACE('',(#1615),#1558,.F.);
#1615 = FACE_BOUND('',#1616,.F.);
#1616 = EDGE_LOOP('',(#1617,#1640,#1641,#1664));
#1617 = ORIENTED_EDGE('',*,*,#1618,.F.);
#1618 = EDGE_CURVE('',#1541,#1619,#1621,.T.);
#1619 = VERTEX_POINT('',#1620);
#1620 = CARTESIAN_POINT('',(0.,-1.224646799147E-15,5.551115123126E-17));
#1621 = SURFACE_CURVE('',#1622,(#1626,#1633),.PCURVE_S1.);
#1622 = LINE('',#1623,#1624);
#1623 = CARTESIAN_POINT('',(0.,0.,0.));
#1624 = VECTOR('',#1625,1.);
#1625 = DIRECTION('',(0.,1.,0.));
#1626 = PCURVE('',#1558,#1627);
#1627 = DEFINITIONAL_REPRESENTATION('',(#1628),#1632);
#1628 = LINE('',#1629,#1630);
#1629 = CARTESIAN_POINT('',(9.5,0.));
#1630 = VECTOR('',#1631,1.);
#1631 = DIRECTION('',(1.,0.));
#1632 = ( GEOMETRIC_REPRESENTATION_CONTEXT(2) 
PARAMETRIC_REPRESENTATION_CONTEXT() REPRESENTATION_CONTEXT('2D SPACE',''
  ) );
#1633 = PCURVE('',#44,#1634);
#1634 = DEFINITIONAL_REPRESENTATION('',(#1635),#1639);
#1635 = LINE('',#1636,#1637);
#1636 = CARTESIAN_POINT('',(-19.5,-1.878364709583E-17));
#1637 = VECTOR('',#1638,1.);
#1638 = DIRECTION('',(0.,1.));
#1639 = ( GEOMETRIC_REPRESENTATION_CONTEXT(2) 
PARAMETRIC_REPRESENTATION_CONTEXT() REPRESENTATION_CONTEXT('2D SPACE',''
  ) );
#1640 = ORIENTED_EDGE('',*,*,#1540,.T.);
#1641 = ORIENTED_EDGE('',*,*,#1642,.T.);
#1642 = EDGE_CURVE('',#1543,#1643,#1645,.T.);
#1643 = VERTEX_POINT('',#1644);
#1644 = CARTESIAN_POINT('',(0.,-1.959591794227,9.6));
#1645 = SURFACE_CURVE('',#1646,(#1650,#1657),.PCURVE_S1.);
#1646 = LINE('',#1647,#1648);
#1647 = CARTESIAN_POINT('',(0.,0.,9.6));
#1648 = VECTOR('',#1649,1.);
#1649 = DIRECTION('',(0.,1.,0.));
#1650 = PCURVE('',#1558,#1651);
#1651 = DEFINITIONAL_REPRESENTATION('',(#1652),#1656);
#1652 = LINE('',#1653,#1654);
#1653 = CARTESIAN_POINT('',(9.5,-9.6));
#1654 = VECTOR('',#1655,1.);
#1655 = DIRECTION('',(1.,0.));
#1656 = ( GEOMETRIC_REPRESENTATION_CONTEXT(2) 
PARAMETRIC_REPRESENTATION_CONTEXT() REPRESENTATION_CONTEXT('2D SPACE',''
  ) );
#1657 = PCURVE('',#294,#1658);
#1658 = DEFINITIONAL_REPRESENTATION('',(#1659),#1663);
#1659 = LINE('',#1660,#1661);
#1660 = CARTESIAN_POINT('',(-19.5,-2.175658566693E-16));
#1661 = VECTOR('',#1662,1.);
#1662 = DIRECTION('',(0.,1.));
#1663 = ( GEOMETRIC_REPRESENTATION_CONTEXT(2) 
PARAMETRIC_REPRESENTATION_CONTEXT() REPRESENTATION_CONTEXT('2D SPACE',''
  ) );
#1664 = ORIENTED_EDGE('',*,*,#1665,.T.);
#1665 = EDGE_CURVE('',#1643,#1619,#1666,.T.);
#1666 = SURFACE_CURVE('',#1667,(#1672,#1683),.PCURVE_S1.);
#1667 = CIRCLE('',#1668,5.);
#1668 = AXIS2_PLACEMENT_3D('',#1669,#1670,#1671);
#1669 = CARTESIAN_POINT('',(0.,0.,5.));
#1670 = DIRECTION('',(1.,0.,2.22044604925E-16));
#1671 = DIRECTION('',(2.22044604925E-16,0.,-1.));
#1672 = PCURVE('',#1558,#1673);
#1673 = DEFINITIONAL_REPRESENTATION('',(#1674),#1682);
#1674 = ( BOUNDED_CURVE() B_SPLINE_CURVE(2,(#1675,#1676,#1677,#1678,
#1679,#1680,#1681),.UNSPECIFIED.,.T.,.F.) B_SPLINE_CURVE_WITH_KNOTS((1,2
    ,2,2,2,1),(-2.094395102393,0.,2.094395102393,4.188790204786,
6.28318530718,8.377580409573),.UNSPECIFIED.) CURVE() 
GEOMETRIC_REPRESENTATION_ITEM() RATIONAL_B_SPLINE_CURVE((1.,0.5,1.,0.5,
1.,0.5,1.)) REPRESENTATION_ITEM('') );
#1675 = CARTESIAN_POINT('',(9.5,0.));
#1676 = CARTESIAN_POINT('',(18.160254037844,0.));
#1677 = CARTESIAN_POINT('',(13.830127018922,-7.5));
#1678 = CARTESIAN_POINT('',(9.5,-15.));
#1679 = CARTESIAN_POINT('',(5.169872981078,-7.5));
#1680 = CARTESIAN_POINT('',(0.839745962156,-7.993605777301E-15));
#1681 = CARTESIAN_POINT('',(9.5,0.));
#1682 = ( GEOMETRIC_REPRESENTATION_CONTEXT(2) 
PARAMETRIC_REPRESENTATION_CONTEXT() REPRESENTATION_CONTEXT('2D SPACE',''
  ) );
#1683 = PCURVE('',#1684,#1689);
#1684 = CYLINDRICAL_SURFACE('',#1685,5.);
#1685 = AXIS2_PLACEMENT_3D('',#1686,#1687,#1688);
#1686 = CARTESIAN_POINT('',(-0.5,0.,5.));
#1687 = DIRECTION('',(1.,0.,2.22044604925E-16));
#1688 = DIRECTION('',(2.22044604925E-16,0.,-1.));
#1689 = DEFINITIONAL_REPRESENTATION('',(#1690),#1693);
#1690 = B_SPLINE_CURVE_WITH_KNOTS('',1,(#1691,#1692),.UNSPECIFIED.,.F.,
  .F.,(2,2),(3.54430849517,6.28318530718),.PIECEWISE_BEZIER_KNOTS.);
#1691 = CARTESIAN_POINT('',(3.54430849517,0.5));
#1692 = CARTESIAN_POINT('',(6.28318530718,0.5));
#1693 = ( GEOMETRIC_REPRESENTATION_CONTEXT(2) 
PARAMETRIC_REPRESENTATION_CONTEXT() REPRESENTATION_CONTEXT('2D SPACE',''
  ) );
#1694 = ADVANCED_FACE('',(#1695),#1684,.F.);
#1695 = FACE_BOUND('',#1696,.F.);
#1696 = EDGE_LOOP('',(#1697,#1732,#1753,#1783,#1784));
#1697 = ORIENTED_EDGE('',*,*,#1698,.F.);
#1698 = EDGE_CURVE('',#1699,#1701,#1703,.T.);
#1699 = VERTEX_POINT('',#1700);
#1700 = CARTESIAN_POINT('',(-0.5,1.959591794227,9.6));
#1701 = VERTEX_POINT('',#1702);
#1702 = CARTESIAN_POINT('',(-0.5,-1.959591794227,9.6));
#1703 = SURFACE_CURVE('',#1704,(#1709,#1716),.PCURVE_S1.);
#1704 = CIRCLE('',#1705,5.);
#1705 = AXIS2_PLACEMENT_3D('',#1706,#1707,#1708);
#1706 = CARTESIAN_POINT('',(-0.5,0.,5.));
#1707 = DIRECTION('',(-1.,1.133116629592E-17,-2.22044604925E-16));
#1708 = DIRECTION('',(-1.998401444325E-16,0.391918358845,0.92));
#1709 = PCURVE('',#1684,#1710);
#1710 = DEFINITIONAL_REPRESENTATION('',(#1711),#1715);
#1711 = LINE('',#1712,#1713);
#1712 = CARTESIAN_POINT('',(9.022062119189,0.));
#1713 = VECTOR('',#1714,1.);
#1714 = DIRECTION('',(-1.,-0.));
#1715 = ( GEOMETRIC_REPRESENTATION_CONTEXT(2) 
PARAMETRIC_REPRESENTATION_CONTEXT() REPRESENTATION_CONTEXT('2D SPACE',''
  ) );
#1716 = PCURVE('',#1717,#1722);
#1717 = PLANE('',#1718);
#1718 = AXIS2_PLACEMENT_3D('',#1719,#1720,#1721);
#1719 = CARTESIAN_POINT('',(-0.5,0.,5.));
#1720 = DIRECTION('',(1.,0.,2.22044604925E-16));
#1721 = DIRECTION('',(2.22044604925E-16,0.,-1.));
#1722 = DEFINITIONAL_REPRESENTATION('',(#1723),#1731);
#1723 = ( BOUNDED_CURVE() B_SPLINE_CURVE(2,(#1724,#1725,#1726,#1727,
#1728,#1729,#1730),.UNSPECIFIED.,.T.,.F.) B_SPLINE_CURVE_WITH_KNOTS((1,2
    ,2,2,2,1),(-2.094395102393,0.,2.094395102393,4.188790204786,
6.28318530718,8.377580409573),.UNSPECIFIED.) CURVE() 
GEOMETRIC_REPRESENTATION_ITEM() RATIONAL_B_SPLINE_CURVE((1.,0.5,1.,0.5,
1.,0.5,1.)) REPRESENTATION_ITEM('') );
#1724 = CARTESIAN_POINT('',(-4.6,1.959591794227));
#1725 = CARTESIAN_POINT('',(-1.205887450305,9.927025509043));
#1726 = CARTESIAN_POINT('',(3.997056274848,3.003920960295));
#1727 = CARTESIAN_POINT('',(9.2,-3.919183588453));
#1728 = CARTESIAN_POINT('',(0.602943725152,-4.963512754522));
#1729 = CARTESIAN_POINT('',(-7.994112549695,-6.00784192059));
#1730 = CARTESIAN_POINT('',(-4.6,1.959591794227));
#1731 = ( GEOMETRIC_REPRESENTATION_CONTEXT(2) 
PARAMETRIC_REPRESENTATION_CONTEXT() REPRESENTATION_CONTEXT('2D SPACE',''
  ) );
#1732 = ORIENTED_EDGE('',*,*,#1733,.T.);
#1733 = EDGE_CURVE('',#1699,#1734,#1736,.T.);
#1734 = VERTEX_POINT('',#1735);
#1735 = CARTESIAN_POINT('',(0.,1.959591794227,9.6));
#1736 = SURFACE_CURVE('',#1737,(#1741,#1747),.PCURVE_S1.);
#1737 = LINE('',#1738,#1739);
#1738 = CARTESIAN_POINT('',(-0.5,1.959591794227,9.6));
#1739 = VECTOR('',#1740,1.);
#1740 = DIRECTION('',(1.,0.,2.22044604925E-16));
#1741 = PCURVE('',#1684,#1742);
#1742 = DEFINITIONAL_REPRESENTATION('',(#1743),#1746);
#1743 = B_SPLINE_CURVE_WITH_KNOTS('',1,(#1744,#1745),.UNSPECIFIED.,.F.,
  .F.,(2,2),(-9.992007221626E-16,0.5),.PIECEWISE_BEZIER_KNOTS.);
#1744 = CARTESIAN_POINT('',(9.022062119189,2.22044604925E-17));
#1745 = CARTESIAN_POINT('',(9.022062119189,0.5));
#1746 = ( GEOMETRIC_REPRESENTATION_CONTEXT(2) 
PARAMETRIC_REPRESENTATION_CONTEXT() REPRESENTATION_CONTEXT('2D SPACE',''
  ) );
#1747 = PCURVE('',#294,#1748);
#1748 = DEFINITIONAL_REPRESENTATION('',(#1749),#1752);
#1749 = B_SPLINE_CURVE_WITH_KNOTS('',1,(#1750,#1751),.UNSPECIFIED.,.F.,
  .F.,(2,2),(-6.000000010165E-07,1.0000006),.PIECEWISE_BEZIER_KNOTS.);
#1750 = CARTESIAN_POINT('',(-20.0000006,1.959591794227));
#1751 = CARTESIAN_POINT('',(-18.9999994,1.959591794227));
#1752 = ( GEOMETRIC_REPRESENTATION_CONTEXT(2) 
PARAMETRIC_REPRESENTATION_CONTEXT() REPRESENTATION_CONTEXT('2D SPACE',''
  ) );
#1753 = ORIENTED_EDGE('',*,*,#1754,.F.);
#1754 = EDGE_CURVE('',#1619,#1734,#1755,.T.);
#1755 = SURFACE_CURVE('',#1756,(#1761,#1767),.PCURVE_S1.);
#1756 = CIRCLE('',#1757,5.);
#1757 = AXIS2_PLACEMENT_3D('',#1758,#1759,#1760);
#1758 = CARTESIAN_POINT('',(0.,0.,5.));
#1759 = DIRECTION('',(1.,0.,2.22044604925E-16));
#1760 = DIRECTION('',(2.22044604925E-16,0.,-1.));
#1761 = PCURVE('',#1684,#1762);
#1762 = DEFINITIONAL_REPRESENTATION('',(#1763),#1766);
#1763 = B_SPLINE_CURVE_WITH_KNOTS('',1,(#1764,#1765),.UNSPECIFIED.,.F.,
  .F.,(2,2),(0.,2.738876812009),.PIECEWISE_BEZIER_KNOTS.);
#1764 = CARTESIAN_POINT('',(6.28318530718,0.5));
#1765 = CARTESIAN_POINT('',(9.022062119189,0.5));
#1766 = ( GEOMETRIC_REPRESENTATION_CONTEXT(2) 
PARAMETRIC_REPRESENTATION_CONTEXT() REPRESENTATION_CONTEXT('2D SPACE',''
  ) );
#1767 = PCURVE('',#1768,#1773);
#1768 = PLANE('',#1769);
#1769 = AXIS2_PLACEMENT_3D('',#1770,#1771,#1772);
#1770 = CARTESIAN_POINT('',(0.,-9.5,0.));
#1771 = DIRECTION('',(-1.,0.,0.));
#1772 = DIRECTION('',(0.,1.,0.));
#1773 = DEFINITIONAL_REPRESENTATION('',(#1774),#1782);
#1774 = ( BOUNDED_CURVE() B_SPLINE_CURVE(2,(#1775,#1776,#1777,#1778,
#1779,#1780,#1781),.UNSPECIFIED.,.T.,.F.) B_SPLINE_CURVE_WITH_KNOTS((1,2
    ,2,2,2,1),(-2.094395102393,0.,2.094395102393,4.188790204786,
6.28318530718,8.377580409573),.UNSPECIFIED.) CURVE() 
GEOMETRIC_REPRESENTATION_ITEM() RATIONAL_B_SPLINE_CURVE((1.,0.5,1.,0.5,
1.,0.5,1.)) REPRESENTATION_ITEM('') );
#1775 = CARTESIAN_POINT('',(9.5,0.));
#1776 = CARTESIAN_POINT('',(18.160254037844,0.));
#1777 = CARTESIAN_POINT('',(13.830127018922,-7.5));
#1778 = CARTESIAN_POINT('',(9.5,-15.));
#1779 = CARTESIAN_POINT('',(5.169872981078,-7.5));
#1780 = CARTESIAN_POINT('',(0.839745962156,-7.993605777301E-15));
#1781 = CARTESIAN_POINT('',(9.5,0.));
#1782 = ( GEOMETRIC_REPRESENTATION_CONTEXT(2) 
PARAMETRIC_REPRESENTATION_CONTEXT() REPRESENTATION_CONTEXT('2D SPACE',''
  ) );
#1783 = ORIENTED_EDGE('',*,*,#1665,.F.);
#1784 = ORIENTED_EDGE('',*,*,#1785,.F.);
#1785 = EDGE_CURVE('',#1701,#1643,#1786,.T.);
#1786 = SURFACE_CURVE('',#1787,(#1791,#1797),.PCURVE_S1.);
#1787 = LINE('',#1788,#1789);
#1788 = CARTESIAN_POINT('',(-0.5,-1.959591794227,9.6));
#1789 = VECTOR('',#1790,1.);
#1790 = DIRECTION('',(1.,0.,2.22044604925E-16));
#1791 = PCURVE('',#1684,#1792);
#1792 = DEFINITIONAL_REPRESENTATION('',(#1793),#1796);
#1793 = B_SPLINE_CURVE_WITH_KNOTS('',1,(#1794,#1795),.UNSPECIFIED.,.F.,
  .F.,(2,2),(-9.992007221626E-16,0.5),.PIECEWISE_BEZIER_KNOTS.);
#1794 = CARTESIAN_POINT('',(3.54430849517,2.22044604925E-17));
#1795 = CARTESIAN_POINT('',(3.54430849517,0.5));
#1796 = ( GEOMETRIC_REPRESENTATION_CONTEXT(2) 
PARAMETRIC_REPRESENTATION_CONTEXT() REPRESENTATION_CONTEXT('2D SPACE',''
  ) );
#1797 = PCURVE('',#294,#1798);
#1798 = DEFINITIONAL_REPRESENTATION('',(#1799),#1802);
#1799 = B_SPLINE_CURVE_WITH_KNOTS('',1,(#1800,#1801),.UNSPECIFIED.,.F.,
  .F.,(2,2),(-6.000000010165E-07,1.0000006),.PIECEWISE_BEZIER_KNOTS.);
#1800 = CARTESIAN_POINT('',(-20.0000006,-1.959591794227));
#1801 = CARTESIAN_POINT('',(-18.9999994,-1.959591794227));
#1802 = ( GEOMETRIC_REPRESENTATION_CONTEXT(2) 
PARAMETRIC_REPRESENTATION_CONTEXT() REPRESENTATION_CONTEXT('2D SPACE',''
  ) );
#1803 = ADVANCED_FACE('',(#1804),#1768,.F.);
#1804 = FACE_BOUND('',#1805,.F.);
#1805 = EDGE_LOOP('',(#1806,#1829,#1830,#1853));
#1806 = ORIENTED_EDGE('',*,*,#1807,.F.);
#1807 = EDGE_CURVE('',#1619,#1808,#1810,.T.);
#1808 = VERTEX_POINT('',#1809);
#1809 = CARTESIAN_POINT('',(0.,9.5,0.));
#1810 = SURFACE_CURVE('',#1811,(#1815,#1822),.PCURVE_S1.);
#1811 = LINE('',#1812,#1813);
#1812 = CARTESIAN_POINT('',(0.,0.,0.));
#1813 = VECTOR('',#1814,1.);
#1814 = DIRECTION('',(0.,1.,0.));
#1815 = PCURVE('',#1768,#1816);
#1816 = DEFINITIONAL_REPRESENTATION('',(#1817),#1821);
#1817 = LINE('',#1818,#1819);
#1818 = CARTESIAN_POINT('',(9.5,0.));
#1819 = VECTOR('',#1820,1.);
#1820 = DIRECTION('',(1.,0.));
#1821 = ( GEOMETRIC_REPRESENTATION_CONTEXT(2) 
PARAMETRIC_REPRESENTATION_CONTEXT() REPRESENTATION_CONTEXT('2D SPACE',''
  ) );
#1822 = PCURVE('',#44,#1823);
#1823 = DEFINITIONAL_REPRESENTATION('',(#1824),#1828);
#1824 = LINE('',#1825,#1826);
#1825 = CARTESIAN_POINT('',(-19.5,-1.878364709583E-17));
#1826 = VECTOR('',#1827,1.);
#1827 = DIRECTION('',(0.,1.));
#1828 = ( GEOMETRIC_REPRESENTATION_CONTEXT(2) 
PARAMETRIC_REPRESENTATION_CONTEXT() REPRESENTATION_CONTEXT('2D SPACE',''
  ) );
#1829 = ORIENTED_EDGE('',*,*,#1754,.T.);
#1830 = ORIENTED_EDGE('',*,*,#1831,.T.);
#1831 = EDGE_CURVE('',#1734,#1832,#1834,.T.);
#1832 = VERTEX_POINT('',#1833);
#1833 = CARTESIAN_POINT('',(0.,9.5,9.6));
#1834 = SURFACE_CURVE('',#1835,(#1839,#1846),.PCURVE_S1.);
#1835 = LINE('',#1836,#1837);
#1836 = CARTESIAN_POINT('',(0.,0.,9.6));
#1837 = VECTOR('',#1838,1.);
#1838 = DIRECTION('',(0.,1.,0.));
#1839 = PCURVE('',#1768,#1840);
#1840 = DEFINITIONAL_REPRESENTATION('',(#1841),#1845);
#1841 = LINE('',#1842,#1843);
#1842 = CARTESIAN_POINT('',(9.5,-9.6));
#1843 = VECTOR('',#1844,1.);
#1844 = DIRECTION('',(1.,0.));
#1845 = ( GEOMETRIC_REPRESENTATION_CONTEXT(2) 
PARAMETRIC_REPRESENTATION_CONTEXT() REPRESENTATION_CONTEXT('2D SPACE',''
  ) );
#1846 = PCURVE('',#294,#1847);
#1847 = DEFINITIONAL_REPRESENTATION('',(#1848),#1852);
#1848 = LINE('',#1849,#1850);
#1849 = CARTESIAN_POINT('',(-19.5,-2.175658566693E-16));
#1850 = VECTOR('',#1851,1.);
#1851 = DIRECTION('',(0.,1.));
#1852 = ( GEOMETRIC_REPRESENTATION_CONTEXT(2) 
PARAMETRIC_REPRESENTATION_CONTEXT() REPRESENTATION_CONTEXT('2D SPACE',''
  ) );
#1853 = ORIENTED_EDGE('',*,*,#1854,.F.);
#1854 = EDGE_CURVE('',#1808,#1832,#1855,.T.);
#1855 = SURFACE_CURVE('',#1856,(#1860,#1867),.PCURVE_S1.);
#1856 = LINE('',#1857,#1858);
#1857 = CARTESIAN_POINT('',(0.,9.5,0.));
#1858 = VECTOR('',#1859,1.);
#1859 = DIRECTION('',(0.,0.,1.));
#1860 = PCURVE('',#1768,#1861);
#1861 = DEFINITIONAL_REPRESENTATION('',(#1862),#1866);
#1862 = LINE('',#1863,#1864);
#1863 = CARTESIAN_POINT('',(19.,0.));
#1864 = VECTOR('',#1865,1.);
#1865 = DIRECTION('',(0.,-1.));
#1866 = ( GEOMETRIC_REPRESENTATION_CONTEXT(2) 
PARAMETRIC_REPRESENTATION_CONTEXT() REPRESENTATION_CONTEXT('2D SPACE',''
  ) );
#1867 = PCURVE('',#1868,#1873);
#1868 = CYLINDRICAL_SURFACE('',#1869,1.);
#1869 = AXIS2_PLACEMENT_3D('',#1870,#1871,#1872);
#1870 = CARTESIAN_POINT('',(1.,9.5,0.));
#1871 = DIRECTION('',(-0.,-0.,-1.));
#1872 = DIRECTION('',(1.,0.,0.));
#1873 = DEFINITIONAL_REPRESENTATION('',(#1874),#1878);
#1874 = LINE('',#1875,#1876);
#1875 = CARTESIAN_POINT('',(-3.14159265359,0.));
#1876 = VECTOR('',#1877,1.);
#1877 = DIRECTION('',(-0.,-1.));
#1878 = ( GEOMETRIC_REPRESENTATION_CONTEXT(2) 
PARAMETRIC_REPRESENTATION_CONTEXT() REPRESENTATION_CONTEXT('2D SPACE',''
  ) );
#1879 = ADVANCED_FACE('',(#1880),#1868,.F.);
#1880 = FACE_BOUND('',#1881,.T.);
#1881 = EDGE_LOOP('',(#1882,#1912,#1934,#1935));
#1882 = ORIENTED_EDGE('',*,*,#1883,.T.);
#1883 = EDGE_CURVE('',#1884,#1886,#1888,.T.);
#1884 = VERTEX_POINT('',#1885);
#1885 = CARTESIAN_POINT('',(1.,10.5,0.));
#1886 = VERTEX_POINT('',#1887);
#1887 = CARTESIAN_POINT('',(1.,10.5,9.6));
#1888 = SURFACE_CURVE('',#1889,(#1893,#1900),.PCURVE_S1.);
#1889 = LINE('',#1890,#1891);
#1890 = CARTESIAN_POINT('',(1.,10.5,0.));
#1891 = VECTOR('',#1892,1.);
#1892 = DIRECTION('',(0.,0.,1.));
#1893 = PCURVE('',#1868,#1894);
#1894 = DEFINITIONAL_REPRESENTATION('',(#1895),#1899);
#1895 = LINE('',#1896,#1897);
#1896 = CARTESIAN_POINT('',(-1.570796326795,0.));
#1897 = VECTOR('',#1898,1.);
#1898 = DIRECTION('',(-0.,-1.));
#1899 = ( GEOMETRIC_REPRESENTATION_CONTEXT(2) 
PARAMETRIC_REPRESENTATION_CONTEXT() REPRESENTATION_CONTEXT('2D SPACE',''
  ) );
#1900 = PCURVE('',#1901,#1906);
#1901 = PLANE('',#1902);
#1902 = AXIS2_PLACEMENT_3D('',#1903,#1904,#1905);
#1903 = CARTESIAN_POINT('',(1.,10.5,0.));
#1904 = DIRECTION('',(0.,1.,0.));
#1905 = DIRECTION('',(1.,0.,0.));
#1906 = DEFINITIONAL_REPRESENTATION('',(#1907),#1911);
#1907 = LINE('',#1908,#1909);
#1908 = CARTESIAN_POINT('',(0.,0.));
#1909 = VECTOR('',#1910,1.);
#1910 = DIRECTION('',(0.,-1.));
#1911 = ( GEOMETRIC_REPRESENTATION_CONTEXT(2) 
PARAMETRIC_REPRESENTATION_CONTEXT() REPRESENTATION_CONTEXT('2D SPACE',''
  ) );
#1912 = ORIENTED_EDGE('',*,*,#1913,.T.);
#1913 = EDGE_CURVE('',#1886,#1832,#1914,.T.);
#1914 = SURFACE_CURVE('',#1915,(#1920,#1927),.PCURVE_S1.);
#1915 = CIRCLE('',#1916,1.);
#1916 = AXIS2_PLACEMENT_3D('',#1917,#1918,#1919);
#1917 = CARTESIAN_POINT('',(1.,9.5,9.6));
#1918 = DIRECTION('',(0.,0.,1.));
#1919 = DIRECTION('',(1.,0.,0.));
#1920 = PCURVE('',#1868,#1921);
#1921 = DEFINITIONAL_REPRESENTATION('',(#1922),#1926);
#1922 = LINE('',#1923,#1924);
#1923 = CARTESIAN_POINT('',(-0.,-9.6));
#1924 = VECTOR('',#1925,1.);
#1925 = DIRECTION('',(-1.,0.));
#1926 = ( GEOMETRIC_REPRESENTATION_CONTEXT(2) 
PARAMETRIC_REPRESENTATION_CONTEXT() REPRESENTATION_CONTEXT('2D SPACE',''
  ) );
#1927 = PCURVE('',#294,#1928);
#1928 = DEFINITIONAL_REPRESENTATION('',(#1929),#1933);
#1929 = CIRCLE('',#1930,1.);
#1930 = AXIS2_PLACEMENT_2D('',#1931,#1932);
#1931 = CARTESIAN_POINT('',(-18.5,9.5));
#1932 = DIRECTION('',(1.,0.));
#1933 = ( GEOMETRIC_REPRESENTATION_CONTEXT(2) 
PARAMETRIC_REPRESENTATION_CONTEXT() REPRESENTATION_CONTEXT('2D SPACE',''
  ) );
#1934 = ORIENTED_EDGE('',*,*,#1854,.F.);
#1935 = ORIENTED_EDGE('',*,*,#1936,.F.);
#1936 = EDGE_CURVE('',#1884,#1808,#1937,.T.);
#1937 = SURFACE_CURVE('',#1938,(#1943,#1950),.PCURVE_S1.);
#1938 = CIRCLE('',#1939,1.);
#1939 = AXIS2_PLACEMENT_3D('',#1940,#1941,#1942);
#1940 = CARTESIAN_POINT('',(1.,9.5,0.));
#1941 = DIRECTION('',(0.,0.,1.));
#1942 = DIRECTION('',(1.,0.,0.));
#1943 = PCURVE('',#1868,#1944);
#1944 = DEFINITIONAL_REPRESENTATION('',(#1945),#1949);
#1945 = LINE('',#1946,#1947);
#1946 = CARTESIAN_POINT('',(-0.,0.));
#1947 = VECTOR('',#1948,1.);
#1948 = DIRECTION('',(-1.,0.));
#1949 = ( GEOMETRIC_REPRESENTATION_CONTEXT(2) 
PARAMETRIC_REPRESENTATION_CONTEXT() REPRESENTATION_CONTEXT('2D SPACE',''
  ) );
#1950 = PCURVE('',#44,#1951);
#1951 = DEFINITIONAL_REPRESENTATION('',(#1952),#1956);
#1952 = CIRCLE('',#1953,1.);
#1953 = AXIS2_PLACEMENT_2D('',#1954,#1955);
#1954 = CARTESIAN_POINT('',(-18.5,9.5));
#1955 = DIRECTION('',(1.,0.));
#1956 = ( GEOMETRIC_REPRESENTATION_CONTEXT(2) 
PARAMETRIC_REPRESENTATION_CONTEXT() REPRESENTATION_CONTEXT('2D SPACE',''
  ) );
#1957 = ADVANCED_FACE('',(#1958),#1901,.F.);
#1958 = FACE_BOUND('',#1959,.F.);
#1959 = EDGE_LOOP('',(#1960,#1983,#1984,#2007));
#1960 = ORIENTED_EDGE('',*,*,#1961,.F.);
#1961 = EDGE_CURVE('',#1884,#1962,#1964,.T.);
#1962 = VERTEX_POINT('',#1963);
#1963 = CARTESIAN_POINT('',(12.4,10.5,0.));
#1964 = SURFACE_CURVE('',#1965,(#1969,#1976),.PCURVE_S1.);
#1965 = LINE('',#1966,#1967);
#1966 = CARTESIAN_POINT('',(19.5,10.5,0.));
#1967 = VECTOR('',#1968,1.);
#1968 = DIRECTION('',(1.,0.,0.));
#1969 = PCURVE('',#1901,#1970);
#1970 = DEFINITIONAL_REPRESENTATION('',(#1971),#1975);
#1971 = LINE('',#1972,#1973);
#1972 = CARTESIAN_POINT('',(18.5,0.));
#1973 = VECTOR('',#1974,1.);
#1974 = DIRECTION('',(1.,0.));
#1975 = ( GEOMETRIC_REPRESENTATION_CONTEXT(2) 
PARAMETRIC_REPRESENTATION_CONTEXT() REPRESENTATION_CONTEXT('2D SPACE',''
  ) );
#1976 = PCURVE('',#44,#1977);
#1977 = DEFINITIONAL_REPRESENTATION('',(#1978),#1982);
#1978 = LINE('',#1979,#1980);
#1979 = CARTESIAN_POINT('',(-6.837247542882E-16,10.5));
#1980 = VECTOR('',#1981,1.);
#1981 = DIRECTION('',(1.,0.));
#1982 = ( GEOMETRIC_REPRESENTATION_CONTEXT(2) 
PARAMETRIC_REPRESENTATION_CONTEXT() REPRESENTATION_CONTEXT('2D SPACE',''
  ) );
#1983 = ORIENTED_EDGE('',*,*,#1883,.T.);
#1984 = ORIENTED_EDGE('',*,*,#1985,.T.);
#1985 = EDGE_CURVE('',#1886,#1986,#1988,.T.);
#1986 = VERTEX_POINT('',#1987);
#1987 = CARTESIAN_POINT('',(12.4,10.5,9.6));
#1988 = SURFACE_CURVE('',#1989,(#1993,#2000),.PCURVE_S1.);
#1989 = LINE('',#1990,#1991);
#1990 = CARTESIAN_POINT('',(19.5,10.5,9.6));
#1991 = VECTOR('',#1992,1.);
#1992 = DIRECTION('',(1.,0.,0.));
#1993 = PCURVE('',#1901,#1994);
#1994 = DEFINITIONAL_REPRESENTATION('',(#1995),#1999);
#1995 = LINE('',#1996,#1997);
#1996 = CARTESIAN_POINT('',(18.5,-9.6));
#1997 = VECTOR('',#1998,1.);
#1998 = DIRECTION('',(1.,0.));
#1999 = ( GEOMETRIC_REPRESENTATION_CONTEXT(2) 
PARAMETRIC_REPRESENTATION_CONTEXT() REPRESENTATION_CONTEXT('2D SPACE',''
  ) );
#2000 = PCURVE('',#294,#2001);
#2001 = DEFINITIONAL_REPRESENTATION('',(#2002),#2006);
#2002 = LINE('',#2003,#2004);
#2003 = CARTESIAN_POINT('',(0.,10.5));
#2004 = VECTOR('',#2005,1.);
#2005 = DIRECTION('',(1.,0.));
#2006 = ( GEOMETRIC_REPRESENTATION_CONTEXT(2) 
PARAMETRIC_REPRESENTATION_CONTEXT() REPRESENTATION_CONTEXT('2D SPACE',''
  ) );
#2007 = ORIENTED_EDGE('',*,*,#2008,.T.);
#2008 = EDGE_CURVE('',#1986,#1962,#2009,.T.);
#2009 = SURFACE_CURVE('',#2010,(#2014,#2020),.PCURVE_S1.);
#2010 = LINE('',#2011,#2012);
#2011 = CARTESIAN_POINT('',(12.4,10.5,0.));
#2012 = VECTOR('',#2013,1.);
#2013 = DIRECTION('',(0.,0.,-1.));
#2014 = PCURVE('',#1901,#2015);
#2015 = DEFINITIONAL_REPRESENTATION('',(#2016),#2019);
#2016 = B_SPLINE_CURVE_WITH_KNOTS('',1,(#2017,#2018),.UNSPECIFIED.,.F.,
  .F.,(2,2),(-9.6,0.),.PIECEWISE_BEZIER_KNOTS.);
#2017 = CARTESIAN_POINT('',(11.4,-9.6));
#2018 = CARTESIAN_POINT('',(11.4,0.));
#2019 = ( GEOMETRIC_REPRESENTATION_CONTEXT(2) 
PARAMETRIC_REPRESENTATION_CONTEXT() REPRESENTATION_CONTEXT('2D SPACE',''
  ) );
#2020 = PCURVE('',#2021,#2026);
#2021 = PLANE('',#2022);
#2022 = AXIS2_PLACEMENT_3D('',#2023,#2024,#2025);
#2023 = CARTESIAN_POINT('',(12.4,9.9,0.));
#2024 = DIRECTION('',(1.,0.,0.));
#2025 = DIRECTION('',(0.,0.,1.));
#2026 = DEFINITIONAL_REPRESENTATION('',(#2027),#2030);
#2027 = B_SPLINE_CURVE_WITH_KNOTS('',1,(#2028,#2029),.UNSPECIFIED.,.F.,
  .F.,(2,2),(-9.6,0.),.PIECEWISE_BEZIER_KNOTS.);
#2028 = CARTESIAN_POINT('',(9.6,-0.6));
#2029 = CARTESIAN_POINT('',(0.,-0.6));
#2030 = ( GEOMETRIC_REPRESENTATION_CONTEXT(2) 
PARAMETRIC_REPRESENTATION_CONTEXT() REPRESENTATION_CONTEXT('2D SPACE',''
  ) );
#2031 = ADVANCED_FACE('',(#2032),#2021,.F.);
#2032 = FACE_BOUND('',#2033,.F.);
#2033 = EDGE_LOOP('',(#2034,#2057,#2085,#2106));
#2034 = ORIENTED_EDGE('',*,*,#2035,.F.);
#2035 = EDGE_CURVE('',#2036,#1986,#2038,.T.);
#2036 = VERTEX_POINT('',#2037);
#2037 = CARTESIAN_POINT('',(12.4,9.9,9.6));
#2038 = SURFACE_CURVE('',#2039,(#2043,#2050),.PCURVE_S1.);
#2039 = LINE('',#2040,#2041);
#2040 = CARTESIAN_POINT('',(12.4,9.9,9.6));
#2041 = VECTOR('',#2042,1.);
#2042 = DIRECTION('',(0.,1.,0.));
#2043 = PCURVE('',#2021,#2044);
#2044 = DEFINITIONAL_REPRESENTATION('',(#2045),#2049);
#2045 = LINE('',#2046,#2047);
#2046 = CARTESIAN_POINT('',(9.6,0.));
#2047 = VECTOR('',#2048,1.);
#2048 = DIRECTION('',(0.,-1.));
#2049 = ( GEOMETRIC_REPRESENTATION_CONTEXT(2) 
PARAMETRIC_REPRESENTATION_CONTEXT() REPRESENTATION_CONTEXT('2D SPACE',''
  ) );
#2050 = PCURVE('',#294,#2051);
#2051 = DEFINITIONAL_REPRESENTATION('',(#2052),#2056);
#2052 = LINE('',#2053,#2054);
#2053 = CARTESIAN_POINT('',(-7.1,9.9));
#2054 = VECTOR('',#2055,1.);
#2055 = DIRECTION('',(0.,1.));
#2056 = ( GEOMETRIC_REPRESENTATION_CONTEXT(2) 
PARAMETRIC_REPRESENTATION_CONTEXT() REPRESENTATION_CONTEXT('2D SPACE',''
  ) );
#2057 = ORIENTED_EDGE('',*,*,#2058,.F.);
#2058 = EDGE_CURVE('',#2059,#2036,#2061,.T.);
#2059 = VERTEX_POINT('',#2060);
#2060 = CARTESIAN_POINT('',(12.4,9.9,0.));
#2061 = SURFACE_CURVE('',#2062,(#2066,#2073),.PCURVE_S1.);
#2062 = LINE('',#2063,#2064);
#2063 = CARTESIAN_POINT('',(12.4,9.9,0.));
#2064 = VECTOR('',#2065,1.);
#2065 = DIRECTION('',(0.,0.,1.));
#2066 = PCURVE('',#2021,#2067);
#2067 = DEFINITIONAL_REPRESENTATION('',(#2068),#2072);
#2068 = LINE('',#2069,#2070);
#2069 = CARTESIAN_POINT('',(0.,0.));
#2070 = VECTOR('',#2071,1.);
#2071 = DIRECTION('',(1.,0.));
#2072 = ( GEOMETRIC_REPRESENTATION_CONTEXT(2) 
PARAMETRIC_REPRESENTATION_CONTEXT() REPRESENTATION_CONTEXT('2D SPACE',''
  ) );
#2073 = PCURVE('',#2074,#2079);
#2074 = CYLINDRICAL_SURFACE('',#2075,2.6);
#2075 = AXIS2_PLACEMENT_3D('',#2076,#2077,#2078);
#2076 = CARTESIAN_POINT('',(15.,9.9,0.));
#2077 = DIRECTION('',(0.,0.,1.));
#2078 = DIRECTION('',(1.,0.,0.));
#2079 = DEFINITIONAL_REPRESENTATION('',(#2080),#2084);
#2080 = LINE('',#2081,#2082);
#2081 = CARTESIAN_POINT('',(3.14159265359,0.));
#2082 = VECTOR('',#2083,1.);
#2083 = DIRECTION('',(0.,1.));
#2084 = ( GEOMETRIC_REPRESENTATION_CONTEXT(2) 
PARAMETRIC_REPRESENTATION_CONTEXT() REPRESENTATION_CONTEXT('2D SPACE',''
  ) );
#2085 = ORIENTED_EDGE('',*,*,#2086,.T.);
#2086 = EDGE_CURVE('',#2059,#1962,#2087,.T.);
#2087 = SURFACE_CURVE('',#2088,(#2092,#2099),.PCURVE_S1.);
#2088 = LINE('',#2089,#2090);
#2089 = CARTESIAN_POINT('',(12.4,9.9,0.));
#2090 = VECTOR('',#2091,1.);
#2091 = DIRECTION('',(0.,1.,0.));
#2092 = PCURVE('',#2021,#2093);
#2093 = DEFINITIONAL_REPRESENTATION('',(#2094),#2098);
#2094 = LINE('',#2095,#2096);
#2095 = CARTESIAN_POINT('',(0.,0.));
#2096 = VECTOR('',#2097,1.);
#2097 = DIRECTION('',(0.,-1.));
#2098 = ( GEOMETRIC_REPRESENTATION_CONTEXT(2) 
PARAMETRIC_REPRESENTATION_CONTEXT() REPRESENTATION_CONTEXT('2D SPACE',''
  ) );
#2099 = PCURVE('',#44,#2100);
#2100 = DEFINITIONAL_REPRESENTATION('',(#2101),#2105);
#2101 = LINE('',#2102,#2103);
#2102 = CARTESIAN_POINT('',(-7.1,9.9));
#2103 = VECTOR('',#2104,1.);
#2104 = DIRECTION('',(0.,1.));
#2105 = ( GEOMETRIC_REPRESENTATION_CONTEXT(2) 
PARAMETRIC_REPRESENTATION_CONTEXT() REPRESENTATION_CONTEXT('2D SPACE',''
  ) );
#2106 = ORIENTED_EDGE('',*,*,#2008,.F.);
#2107 = ADVANCED_FACE('',(#2108),#2074,.T.);
#2108 = FACE_BOUND('',#2109,.T.);
#2109 = EDGE_LOOP('',(#2110,#2134,#2135,#2159));
#2110 = ORIENTED_EDGE('',*,*,#2111,.F.);
#2111 = EDGE_CURVE('',#2036,#2112,#2114,.T.);
#2112 = VERTEX_POINT('',#2113);
#2113 = CARTESIAN_POINT('',(17.6,9.9,9.6));
#2114 = SURFACE_CURVE('',#2115,(#2120,#2127),.PCURVE_S1.);
#2115 = CIRCLE('',#2116,2.6);
#2116 = AXIS2_PLACEMENT_3D('',#2117,#2118,#2119);
#2117 = CARTESIAN_POINT('',(15.,9.9,9.6));
#2118 = DIRECTION('',(0.,0.,1.));
#2119 = DIRECTION('',(1.,0.,0.));
#2120 = PCURVE('',#2074,#2121);
#2121 = DEFINITIONAL_REPRESENTATION('',(#2122),#2126);
#2122 = LINE('',#2123,#2124);
#2123 = CARTESIAN_POINT('',(0.,9.6));
#2124 = VECTOR('',#2125,1.);
#2125 = DIRECTION('',(1.,0.));
#2126 = ( GEOMETRIC_REPRESENTATION_CONTEXT(2) 
PARAMETRIC_REPRESENTATION_CONTEXT() REPRESENTATION_CONTEXT('2D SPACE',''
  ) );
#2127 = PCURVE('',#294,#2128);
#2128 = DEFINITIONAL_REPRESENTATION('',(#2129),#2133);
#2129 = CIRCLE('',#2130,2.6);
#2130 = AXIS2_PLACEMENT_2D('',#2131,#2132);
#2131 = CARTESIAN_POINT('',(-4.5,9.9));
#2132 = DIRECTION('',(1.,0.));
#2133 = ( GEOMETRIC_REPRESENTATION_CONTEXT(2) 
PARAMETRIC_REPRESENTATION_CONTEXT() REPRESENTATION_CONTEXT('2D SPACE',''
  ) );
#2134 = ORIENTED_EDGE('',*,*,#2058,.F.);
#2135 = ORIENTED_EDGE('',*,*,#2136,.T.);
#2136 = EDGE_CURVE('',#2059,#2137,#2139,.T.);
#2137 = VERTEX_POINT('',#2138);
#2138 = CARTESIAN_POINT('',(17.6,9.9,0.));
#2139 = SURFACE_CURVE('',#2140,(#2145,#2152),.PCURVE_S1.);
#2140 = CIRCLE('',#2141,2.6);
#2141 = AXIS2_PLACEMENT_3D('',#2142,#2143,#2144);
#2142 = CARTESIAN_POINT('',(15.,9.9,0.));
#2143 = DIRECTION('',(0.,0.,1.));
#2144 = DIRECTION('',(1.,0.,0.));
#2145 = PCURVE('',#2074,#2146);
#2146 = DEFINITIONAL_REPRESENTATION('',(#2147),#2151);
#2147 = LINE('',#2148,#2149);
#2148 = CARTESIAN_POINT('',(0.,0.));
#2149 = VECTOR('',#2150,1.);
#2150 = DIRECTION('',(1.,0.));
#2151 = ( GEOMETRIC_REPRESENTATION_CONTEXT(2) 
PARAMETRIC_REPRESENTATION_CONTEXT() REPRESENTATION_CONTEXT('2D SPACE',''
  ) );
#2152 = PCURVE('',#44,#2153);
#2153 = DEFINITIONAL_REPRESENTATION('',(#2154),#2158);
#2154 = CIRCLE('',#2155,2.6);
#2155 = AXIS2_PLACEMENT_2D('',#2156,#2157);
#2156 = CARTESIAN_POINT('',(-4.5,9.9));
#2157 = DIRECTION('',(1.,0.));
#2158 = ( GEOMETRIC_REPRESENTATION_CONTEXT(2) 
PARAMETRIC_REPRESENTATION_CONTEXT() REPRESENTATION_CONTEXT('2D SPACE',''
  ) );
#2159 = ORIENTED_EDGE('',*,*,#2160,.T.);
#2160 = EDGE_CURVE('',#2137,#2112,#2161,.T.);
#2161 = SURFACE_CURVE('',#2162,(#2166,#2173),.PCURVE_S1.);
#2162 = LINE('',#2163,#2164);
#2163 = CARTESIAN_POINT('',(17.6,9.9,0.));
#2164 = VECTOR('',#2165,1.);
#2165 = DIRECTION('',(0.,0.,1.));
#2166 = PCURVE('',#2074,#2167);
#2167 = DEFINITIONAL_REPRESENTATION('',(#2168),#2172);
#2168 = LINE('',#2169,#2170);
#2169 = CARTESIAN_POINT('',(6.28318530718,-0.));
#2170 = VECTOR('',#2171,1.);
#2171 = DIRECTION('',(0.,1.));
#2172 = ( GEOMETRIC_REPRESENTATION_CONTEXT(2) 
PARAMETRIC_REPRESENTATION_CONTEXT() REPRESENTATION_CONTEXT('2D SPACE',''
  ) );
#2173 = PCURVE('',#2174,#2179);
#2174 = PLANE('',#2175);
#2175 = AXIS2_PLACEMENT_3D('',#2176,#2177,#2178);
#2176 = CARTESIAN_POINT('',(17.6,9.9,0.));
#2177 = DIRECTION('',(1.,0.,0.));
#2178 = DIRECTION('',(0.,0.,1.));
#2179 = DEFINITIONAL_REPRESENTATION('',(#2180),#2184);
#2180 = LINE('',#2181,#2182);
#2181 = CARTESIAN_POINT('',(0.,6.368163355566E-16));
#2182 = VECTOR('',#2183,1.);
#2183 = DIRECTION('',(1.,0.));
#2184 = ( GEOMETRIC_REPRESENTATION_CONTEXT(2) 
PARAMETRIC_REPRESENTATION_CONTEXT() REPRESENTATION_CONTEXT('2D SPACE',''
  ) );
#2185 = ADVANCED_FACE('',(#2186),#2174,.T.);
#2186 = FACE_BOUND('',#2187,.T.);
#2187 = EDGE_LOOP('',(#2188,#2189,#2212,#2238));
#2188 = ORIENTED_EDGE('',*,*,#2160,.F.);
#2189 = ORIENTED_EDGE('',*,*,#2190,.T.);
#2190 = EDGE_CURVE('',#2137,#2191,#2193,.T.);
#2191 = VERTEX_POINT('',#2192);
#2192 = CARTESIAN_POINT('',(17.6,10.5,0.));
#2193 = SURFACE_CURVE('',#2194,(#2198,#2205),.PCURVE_S1.);
#2194 = LINE('',#2195,#2196);
#2195 = CARTESIAN_POINT('',(17.6,9.9,0.));
#2196 = VECTOR('',#2197,1.);
#2197 = DIRECTION('',(0.,1.,0.));
#2198 = PCURVE('',#2174,#2199);
#2199 = DEFINITIONAL_REPRESENTATION('',(#2200),#2204);
#2200 = LINE('',#2201,#2202);
#2201 = CARTESIAN_POINT('',(0.,0.));
#2202 = VECTOR('',#2203,1.);
#2203 = DIRECTION('',(0.,-1.));
#2204 = ( GEOMETRIC_REPRESENTATION_CONTEXT(2) 
PARAMETRIC_REPRESENTATION_CONTEXT() REPRESENTATION_CONTEXT('2D SPACE',''
  ) );
#2205 = PCURVE('',#44,#2206);
#2206 = DEFINITIONAL_REPRESENTATION('',(#2207),#2211);
#2207 = LINE('',#2208,#2209);
#2208 = CARTESIAN_POINT('',(-1.9,9.9));
#2209 = VECTOR('',#2210,1.);
#2210 = DIRECTION('',(0.,1.));
#2211 = ( GEOMETRIC_REPRESENTATION_CONTEXT(2) 
PARAMETRIC_REPRESENTATION_CONTEXT() REPRESENTATION_CONTEXT('2D SPACE',''
  ) );
#2212 = ORIENTED_EDGE('',*,*,#2213,.F.);
#2213 = EDGE_CURVE('',#2214,#2191,#2216,.T.);
#2214 = VERTEX_POINT('',#2215);
#2215 = CARTESIAN_POINT('',(17.6,10.5,9.6));
#2216 = SURFACE_CURVE('',#2217,(#2221,#2227),.PCURVE_S1.);
#2217 = LINE('',#2218,#2219);
#2218 = CARTESIAN_POINT('',(17.6,10.5,0.));
#2219 = VECTOR('',#2220,1.);
#2220 = DIRECTION('',(0.,0.,-1.));
#2221 = PCURVE('',#2174,#2222);
#2222 = DEFINITIONAL_REPRESENTATION('',(#2223),#2226);
#2223 = B_SPLINE_CURVE_WITH_KNOTS('',1,(#2224,#2225),.UNSPECIFIED.,.F.,
  .F.,(2,2),(-9.6,0.),.PIECEWISE_BEZIER_KNOTS.);
#2224 = CARTESIAN_POINT('',(9.6,-0.6));
#2225 = CARTESIAN_POINT('',(0.,-0.6));
#2226 = ( GEOMETRIC_REPRESENTATION_CONTEXT(2) 
PARAMETRIC_REPRESENTATION_CONTEXT() REPRESENTATION_CONTEXT('2D SPACE',''
  ) );
#2227 = PCURVE('',#2228,#2233);
#2228 = PLANE('',#2229);
#2229 = AXIS2_PLACEMENT_3D('',#2230,#2231,#2232);
#2230 = CARTESIAN_POINT('',(1.,10.5,0.));
#2231 = DIRECTION('',(0.,1.,0.));
#2232 = DIRECTION('',(1.,0.,0.));
#2233 = DEFINITIONAL_REPRESENTATION('',(#2234),#2237);
#2234 = B_SPLINE_CURVE_WITH_KNOTS('',1,(#2235,#2236),.UNSPECIFIED.,.F.,
  .F.,(2,2),(-9.6,0.),.PIECEWISE_BEZIER_KNOTS.);
#2235 = CARTESIAN_POINT('',(16.6,-9.6));
#2236 = CARTESIAN_POINT('',(16.6,0.));
#2237 = ( GEOMETRIC_REPRESENTATION_CONTEXT(2) 
PARAMETRIC_REPRESENTATION_CONTEXT() REPRESENTATION_CONTEXT('2D SPACE',''
  ) );
#2238 = ORIENTED_EDGE('',*,*,#2239,.F.);
#2239 = EDGE_CURVE('',#2112,#2214,#2240,.T.);
#2240 = SURFACE_CURVE('',#2241,(#2245,#2252),.PCURVE_S1.);
#2241 = LINE('',#2242,#2243);
#2242 = CARTESIAN_POINT('',(17.6,9.9,9.6));
#2243 = VECTOR('',#2244,1.);
#2244 = DIRECTION('',(0.,1.,0.));
#2245 = PCURVE('',#2174,#2246);
#2246 = DEFINITIONAL_REPRESENTATION('',(#2247),#2251);
#2247 = LINE('',#2248,#2249);
#2248 = CARTESIAN_POINT('',(9.6,0.));
#2249 = VECTOR('',#2250,1.);
#2250 = DIRECTION('',(0.,-1.));
#2251 = ( GEOMETRIC_REPRESENTATION_CONTEXT(2) 
PARAMETRIC_REPRESENTATION_CONTEXT() REPRESENTATION_CONTEXT('2D SPACE',''
  ) );
#2252 = PCURVE('',#294,#2253);
#2253 = DEFINITIONAL_REPRESENTATION('',(#2254),#2258);
#2254 = LINE('',#2255,#2256);
#2255 = CARTESIAN_POINT('',(-1.9,9.9));
#2256 = VECTOR('',#2257,1.);
#2257 = DIRECTION('',(0.,1.));
#2258 = ( GEOMETRIC_REPRESENTATION_CONTEXT(2) 
PARAMETRIC_REPRESENTATION_CONTEXT() REPRESENTATION_CONTEXT('2D SPACE',''
  ) );
#2259 = ADVANCED_FACE('',(#2260),#2228,.F.);
#2260 = FACE_BOUND('',#2261,.F.);
#2261 = EDGE_LOOP('',(#2262,#2285,#2286,#2309));
#2262 = ORIENTED_EDGE('',*,*,#2263,.F.);
#2263 = EDGE_CURVE('',#2191,#2264,#2266,.T.);
#2264 = VERTEX_POINT('',#2265);
#2265 = CARTESIAN_POINT('',(38.,10.5,0.));
#2266 = SURFACE_CURVE('',#2267,(#2271,#2278),.PCURVE_S1.);
#2267 = LINE('',#2268,#2269);
#2268 = CARTESIAN_POINT('',(19.5,10.5,0.));
#2269 = VECTOR('',#2270,1.);
#2270 = DIRECTION('',(1.,0.,0.));
#2271 = PCURVE('',#2228,#2272);
#2272 = DEFINITIONAL_REPRESENTATION('',(#2273),#2277);
#2273 = LINE('',#2274,#2275);
#2274 = CARTESIAN_POINT('',(18.5,0.));
#2275 = VECTOR('',#2276,1.);
#2276 = DIRECTION('',(1.,0.));
#2277 = ( GEOMETRIC_REPRESENTATION_CONTEXT(2) 
PARAMETRIC_REPRESENTATION_CONTEXT() REPRESENTATION_CONTEXT('2D SPACE',''
  ) );
#2278 = PCURVE('',#44,#2279);
#2279 = DEFINITIONAL_REPRESENTATION('',(#2280),#2284);
#2280 = LINE('',#2281,#2282);
#2281 = CARTESIAN_POINT('',(-6.837247542882E-16,10.5));
#2282 = VECTOR('',#2283,1.);
#2283 = DIRECTION('',(1.,0.));
#2284 = ( GEOMETRIC_REPRESENTATION_CONTEXT(2) 
PARAMETRIC_REPRESENTATION_CONTEXT() REPRESENTATION_CONTEXT('2D SPACE',''
  ) );
#2285 = ORIENTED_EDGE('',*,*,#2213,.F.);
#2286 = ORIENTED_EDGE('',*,*,#2287,.T.);
#2287 = EDGE_CURVE('',#2214,#2288,#2290,.T.);
#2288 = VERTEX_POINT('',#2289);
#2289 = CARTESIAN_POINT('',(38.,10.5,9.6));
#2290 = SURFACE_CURVE('',#2291,(#2295,#2302),.PCURVE_S1.);
#2291 = LINE('',#2292,#2293);
#2292 = CARTESIAN_POINT('',(19.5,10.5,9.6));
#2293 = VECTOR('',#2294,1.);
#2294 = DIRECTION('',(1.,0.,0.));
#2295 = PCURVE('',#2228,#2296);
#2296 = DEFINITIONAL_REPRESENTATION('',(#2297),#2301);
#2297 = LINE('',#2298,#2299);
#2298 = CARTESIAN_POINT('',(18.5,-9.6));
#2299 = VECTOR('',#2300,1.);
#2300 = DIRECTION('',(1.,0.));
#2301 = ( GEOMETRIC_REPRESENTATION_CONTEXT(2) 
PARAMETRIC_REPRESENTATION_CONTEXT() REPRESENTATION_CONTEXT('2D SPACE',''
  ) );
#2302 = PCURVE('',#294,#2303);
#2303 = DEFINITIONAL_REPRESENTATION('',(#2304),#2308);
#2304 = LINE('',#2305,#2306);
#2305 = CARTESIAN_POINT('',(0.,10.5));
#2306 = VECTOR('',#2307,1.);
#2307 = DIRECTION('',(1.,0.));
#2308 = ( GEOMETRIC_REPRESENTATION_CONTEXT(2) 
PARAMETRIC_REPRESENTATION_CONTEXT() REPRESENTATION_CONTEXT('2D SPACE',''
  ) );
#2309 = ORIENTED_EDGE('',*,*,#2310,.F.);
#2310 = EDGE_CURVE('',#2264,#2288,#2311,.T.);
#2311 = SURFACE_CURVE('',#2312,(#2316,#2323),.PCURVE_S1.);
#2312 = LINE('',#2313,#2314);
#2313 = CARTESIAN_POINT('',(38.,10.5,0.));
#2314 = VECTOR('',#2315,1.);
#2315 = DIRECTION('',(0.,0.,1.));
#2316 = PCURVE('',#2228,#2317);
#2317 = DEFINITIONAL_REPRESENTATION('',(#2318),#2322);
#2318 = LINE('',#2319,#2320);
#2319 = CARTESIAN_POINT('',(37.,0.));
#2320 = VECTOR('',#2321,1.);
#2321 = DIRECTION('',(0.,-1.));
#2322 = ( GEOMETRIC_REPRESENTATION_CONTEXT(2) 
PARAMETRIC_REPRESENTATION_CONTEXT() REPRESENTATION_CONTEXT('2D SPACE',''
  ) );
#2323 = PCURVE('',#423,#2324);
#2324 = DEFINITIONAL_REPRESENTATION('',(#2325),#2329);
#2325 = LINE('',#2326,#2327);
#2326 = CARTESIAN_POINT('',(-1.570796326795,0.));
#2327 = VECTOR('',#2328,1.);
#2328 = DIRECTION('',(-0.,-1.));
#2329 = ( GEOMETRIC_REPRESENTATION_CONTEXT(2) 
PARAMETRIC_REPRESENTATION_CONTEXT() REPRESENTATION_CONTEXT('2D SPACE',''
  ) );
#2330 = ADVANCED_FACE('',(#2331,#2353),#1717,.T.);
#2331 = FACE_BOUND('',#2332,.T.);
#2332 = EDGE_LOOP('',(#2333,#2352));
#2333 = ORIENTED_EDGE('',*,*,#2334,.F.);
#2334 = EDGE_CURVE('',#1701,#1699,#2335,.T.);
#2335 = SURFACE_CURVE('',#2336,(#2340,#2346),.PCURVE_S1.);
#2336 = LINE('',#2337,#2338);
#2337 = CARTESIAN_POINT('',(-0.5,1.087829283346E-16,9.6));
#2338 = VECTOR('',#2339,1.);
#2339 = DIRECTION('',(0.,1.,0.));
#2340 = PCURVE('',#1717,#2341);
#2341 = DEFINITIONAL_REPRESENTATION('',(#2342),#2345);
#2342 = B_SPLINE_CURVE_WITH_KNOTS('',1,(#2343,#2344),.UNSPECIFIED.,.F.,
  .F.,(2,2),(-5.,5.),.PIECEWISE_BEZIER_KNOTS.);
#2343 = CARTESIAN_POINT('',(-4.6,-5.));
#2344 = CARTESIAN_POINT('',(-4.6,5.));
#2345 = ( GEOMETRIC_REPRESENTATION_CONTEXT(2) 
PARAMETRIC_REPRESENTATION_CONTEXT() REPRESENTATION_CONTEXT('2D SPACE',''
  ) );
#2346 = PCURVE('',#294,#2347);
#2347 = DEFINITIONAL_REPRESENTATION('',(#2348),#2351);
#2348 = B_SPLINE_CURVE_WITH_KNOTS('',1,(#2349,#2350),.UNSPECIFIED.,.F.,
  .F.,(2,2),(-5.,5.),.PIECEWISE_BEZIER_KNOTS.);
#2349 = CARTESIAN_POINT('',(-20.,-5.));
#2350 = CARTESIAN_POINT('',(-20.,5.));
#2351 = ( GEOMETRIC_REPRESENTATION_CONTEXT(2) 
PARAMETRIC_REPRESENTATION_CONTEXT() REPRESENTATION_CONTEXT('2D SPACE',''
  ) );
#2352 = ORIENTED_EDGE('',*,*,#1698,.F.);
#2353 = FACE_BOUND('',#2354,.T.);
#2354 = EDGE_LOOP('',(#2355));
#2355 = ORIENTED_EDGE('',*,*,#2356,.F.);
#2356 = EDGE_CURVE('',#2357,#2357,#2359,.T.);
#2357 = VERTEX_POINT('',#2358);
#2358 = CARTESIAN_POINT('',(-0.5,-7.960204194458E-16,1.75));
#2359 = SURFACE_CURVE('',#2360,(#2365,#2372),.PCURVE_S1.);
#2360 = CIRCLE('',#2361,3.25);
#2361 = AXIS2_PLACEMENT_3D('',#2362,#2363,#2364);
#2362 = CARTESIAN_POINT('',(-0.5,0.,5.));
#2363 = DIRECTION('',(1.,0.,2.22044604925E-16));
#2364 = DIRECTION('',(2.22044604925E-16,0.,-1.));
#2365 = PCURVE('',#1717,#2366);
#2366 = DEFINITIONAL_REPRESENTATION('',(#2367),#2371);
#2367 = CIRCLE('',#2368,3.25);
#2368 = AXIS2_PLACEMENT_2D('',#2369,#2370);
#2369 = CARTESIAN_POINT('',(-8.881784197001E-16,0.));
#2370 = DIRECTION('',(1.,0.));
#2371 = ( GEOMETRIC_REPRESENTATION_CONTEXT(2) 
PARAMETRIC_REPRESENTATION_CONTEXT() REPRESENTATION_CONTEXT('2D SPACE',''
  ) );
#2372 = PCURVE('',#2373,#2378);
#2373 = CYLINDRICAL_SURFACE('',#2374,3.25);
#2374 = AXIS2_PLACEMENT_3D('',#2375,#2376,#2377);
#2375 = CARTESIAN_POINT('',(-3.,0.,5.));
#2376 = DIRECTION('',(1.,0.,2.22044604925E-16));
#2377 = DIRECTION('',(2.22044604925E-16,0.,-1.));
#2378 = DEFINITIONAL_REPRESENTATION('',(#2379),#2383);
#2379 = LINE('',#2380,#2381);
#2380 = CARTESIAN_POINT('',(0.,2.5));
#2381 = VECTOR('',#2382,1.);
#2382 = DIRECTION('',(1.,0.));
#2383 = ( GEOMETRIC_REPRESENTATION_CONTEXT(2) 
PARAMETRIC_REPRESENTATION_CONTEXT() REPRESENTATION_CONTEXT('2D SPACE',''
  ) );
#2384 = ADVANCED_FACE('',(#2385),#2373,.F.);
#2385 = FACE_BOUND('',#2386,.F.);
#2386 = EDGE_LOOP('',(#2387,#2388,#2411,#2442));
#2387 = ORIENTED_EDGE('',*,*,#2356,.F.);
#2388 = ORIENTED_EDGE('',*,*,#2389,.F.);
#2389 = EDGE_CURVE('',#2390,#2357,#2392,.T.);
#2390 = VERTEX_POINT('',#2391);
#2391 = CARTESIAN_POINT('',(-2.,-7.960204194458E-16,1.75));
#2392 = SEAM_CURVE('',#2393,(#2397,#2404),.PCURVE_S1.);
#2393 = LINE('',#2394,#2395);
#2394 = CARTESIAN_POINT('',(-3.,-7.960204194458E-16,1.75));
#2395 = VECTOR('',#2396,1.);
#2396 = DIRECTION('',(1.,0.,2.22044604925E-16));
#2397 = PCURVE('',#2373,#2398);
#2398 = DEFINITIONAL_REPRESENTATION('',(#2399),#2403);
#2399 = LINE('',#2400,#2401);
#2400 = CARTESIAN_POINT('',(6.28318530718,-0.));
#2401 = VECTOR('',#2402,1.);
#2402 = DIRECTION('',(0.,1.));
#2403 = ( GEOMETRIC_REPRESENTATION_CONTEXT(2) 
PARAMETRIC_REPRESENTATION_CONTEXT() REPRESENTATION_CONTEXT('2D SPACE',''
  ) );
#2404 = PCURVE('',#2373,#2405);
#2405 = DEFINITIONAL_REPRESENTATION('',(#2406),#2410);
#2406 = LINE('',#2407,#2408);
#2407 = CARTESIAN_POINT('',(0.,-0.));
#2408 = VECTOR('',#2409,1.);
#2409 = DIRECTION('',(0.,1.));
#2410 = ( GEOMETRIC_REPRESENTATION_CONTEXT(2) 
PARAMETRIC_REPRESENTATION_CONTEXT() REPRESENTATION_CONTEXT('2D SPACE',''
  ) );
#2411 = ORIENTED_EDGE('',*,*,#2412,.T.);
#2412 = EDGE_CURVE('',#2390,#2390,#2413,.T.);
#2413 = SURFACE_CURVE('',#2414,(#2419,#2426),.PCURVE_S1.);
#2414 = CIRCLE('',#2415,3.25);
#2415 = AXIS2_PLACEMENT_3D('',#2416,#2417,#2418);
#2416 = CARTESIAN_POINT('',(-2.,0.,5.));
#2417 = DIRECTION('',(1.,0.,2.22044604925E-16));
#2418 = DIRECTION('',(2.22044604925E-16,0.,-1.));
#2419 = PCURVE('',#2373,#2420);
#2420 = DEFINITIONAL_REPRESENTATION('',(#2421),#2425);
#2421 = LINE('',#2422,#2423);
#2422 = CARTESIAN_POINT('',(0.,1.));
#2423 = VECTOR('',#2424,1.);
#2424 = DIRECTION('',(1.,0.));
#2425 = ( GEOMETRIC_REPRESENTATION_CONTEXT(2) 
PARAMETRIC_REPRESENTATION_CONTEXT() REPRESENTATION_CONTEXT('2D SPACE',''
  ) );
#2426 = PCURVE('',#2427,#2432);
#2427 = PLANE('',#2428);
#2428 = AXIS2_PLACEMENT_3D('',#2429,#2430,#2431);
#2429 = CARTESIAN_POINT('',(-2.,-9.5,-2.));
#2430 = DIRECTION('',(-1.,0.,0.));
#2431 = DIRECTION('',(0.,1.,0.));
#2432 = DEFINITIONAL_REPRESENTATION('',(#2433),#2441);
#2433 = ( BOUNDED_CURVE() B_SPLINE_CURVE(2,(#2434,#2435,#2436,#2437,
#2438,#2439,#2440),.UNSPECIFIED.,.T.,.F.) B_SPLINE_CURVE_WITH_KNOTS((1,2
    ,2,2,2,1),(-2.094395102393,0.,2.094395102393,4.188790204786,
6.28318530718,8.377580409573),.UNSPECIFIED.) CURVE() 
GEOMETRIC_REPRESENTATION_ITEM() RATIONAL_B_SPLINE_CURVE((1.,0.5,1.,0.5,
1.,0.5,1.)) REPRESENTATION_ITEM('') );
#2434 = CARTESIAN_POINT('',(9.5,-3.75));
#2435 = CARTESIAN_POINT('',(15.129165124599,-3.75));
#2436 = CARTESIAN_POINT('',(12.314582562299,-8.625));
#2437 = CARTESIAN_POINT('',(9.5,-13.5));
#2438 = CARTESIAN_POINT('',(6.685417437701,-8.625));
#2439 = CARTESIAN_POINT('',(3.870834875401,-3.75));
#2440 = CARTESIAN_POINT('',(9.5,-3.75));
#2441 = ( GEOMETRIC_REPRESENTATION_CONTEXT(2) 
PARAMETRIC_REPRESENTATION_CONTEXT() REPRESENTATION_CONTEXT('2D SPACE',''
  ) );
#2442 = ORIENTED_EDGE('',*,*,#2389,.T.);
#2443 = ADVANCED_FACE('',(#2444,#2553),#2427,.T.);
#2444 = FACE_BOUND('',#2445,.T.);
#2445 = EDGE_LOOP('',(#2446,#2476,#2499,#2527));
#2446 = ORIENTED_EDGE('',*,*,#2447,.T.);
#2447 = EDGE_CURVE('',#2448,#2450,#2452,.T.);
#2448 = VERTEX_POINT('',#2449);
#2449 = CARTESIAN_POINT('',(-2.,-9.5,-2.));
#2450 = VERTEX_POINT('',#2451);
#2451 = CARTESIAN_POINT('',(-2.,-9.5,9.6));
#2452 = SURFACE_CURVE('',#2453,(#2457,#2464),.PCURVE_S1.);
#2453 = LINE('',#2454,#2455);
#2454 = CARTESIAN_POINT('',(-2.,-9.5,-2.));
#2455 = VECTOR('',#2456,1.);
#2456 = DIRECTION('',(0.,0.,1.));
#2457 = PCURVE('',#2427,#2458);
#2458 = DEFINITIONAL_REPRESENTATION('',(#2459),#2463);
#2459 = LINE('',#2460,#2461);
#2460 = CARTESIAN_POINT('',(0.,0.));
#2461 = VECTOR('',#2462,1.);
#2462 = DIRECTION('',(0.,-1.));
#2463 = ( GEOMETRIC_REPRESENTATION_CONTEXT(2) 
PARAMETRIC_REPRESENTATION_CONTEXT() REPRESENTATION_CONTEXT('2D SPACE',''
  ) );
#2464 = PCURVE('',#2465,#2470);
#2465 = CYLINDRICAL_SURFACE('',#2466,3.);
#2466 = AXIS2_PLACEMENT_3D('',#2467,#2468,#2469);
#2467 = CARTESIAN_POINT('',(1.,-9.5,-2.));
#2468 = DIRECTION('',(0.,0.,-1.));
#2469 = DIRECTION('',(-1.,0.,0.));
#2470 = DEFINITIONAL_REPRESENTATION('',(#2471),#2475);
#2471 = LINE('',#2472,#2473);
#2472 = CARTESIAN_POINT('',(6.28318530718,0.));
#2473 = VECTOR('',#2474,1.);
#2474 = DIRECTION('',(0.,-1.));
#2475 = ( GEOMETRIC_REPRESENTATION_CONTEXT(2) 
PARAMETRIC_REPRESENTATION_CONTEXT() REPRESENTATION_CONTEXT('2D SPACE',''
  ) );
#2476 = ORIENTED_EDGE('',*,*,#2477,.T.);
#2477 = EDGE_CURVE('',#2450,#2478,#2480,.T.);
#2478 = VERTEX_POINT('',#2479);
#2479 = CARTESIAN_POINT('',(-2.,9.5,9.6));
#2480 = SURFACE_CURVE('',#2481,(#2485,#2492),.PCURVE_S1.);
#2481 = LINE('',#2482,#2483);
#2482 = CARTESIAN_POINT('',(-2.,0.,9.6));
#2483 = VECTOR('',#2484,1.);
#2484 = DIRECTION('',(0.,1.,0.));
#2485 = PCURVE('',#2427,#2486);
#2486 = DEFINITIONAL_REPRESENTATION('',(#2487),#2491);
#2487 = LINE('',#2488,#2489);
#2488 = CARTESIAN_POINT('',(9.5,-11.6));
#2489 = VECTOR('',#2490,1.);
#2490 = DIRECTION('',(1.,0.));
#2491 = ( GEOMETRIC_REPRESENTATION_CONTEXT(2) 
PARAMETRIC_REPRESENTATION_CONTEXT() REPRESENTATION_CONTEXT('2D SPACE',''
  ) );
#2492 = PCURVE('',#294,#2493);
#2493 = DEFINITIONAL_REPRESENTATION('',(#2494),#2498);
#2494 = LINE('',#2495,#2496);
#2495 = CARTESIAN_POINT('',(-21.5,-2.175658566693E-16));
#2496 = VECTOR('',#2497,1.);
#2497 = DIRECTION('',(0.,1.));
#2498 = ( GEOMETRIC_REPRESENTATION_CONTEXT(2) 
PARAMETRIC_REPRESENTATION_CONTEXT() REPRESENTATION_CONTEXT('2D SPACE',''
  ) );
#2499 = ORIENTED_EDGE('',*,*,#2500,.F.);
#2500 = EDGE_CURVE('',#2501,#2478,#2503,.T.);
#2501 = VERTEX_POINT('',#2502);
#2502 = CARTESIAN_POINT('',(-2.,9.5,-2.));
#2503 = SURFACE_CURVE('',#2504,(#2508,#2515),.PCURVE_S1.);
#2504 = LINE('',#2505,#2506);
#2505 = CARTESIAN_POINT('',(-2.,9.5,-2.));
#2506 = VECTOR('',#2507,1.);
#2507 = DIRECTION('',(0.,0.,1.));
#2508 = PCURVE('',#2427,#2509);
#2509 = DEFINITIONAL_REPRESENTATION('',(#2510),#2514);
#2510 = LINE('',#2511,#2512);
#2511 = CARTESIAN_POINT('',(19.,0.));
#2512 = VECTOR('',#2513,1.);
#2513 = DIRECTION('',(0.,-1.));
#2514 = ( GEOMETRIC_REPRESENTATION_CONTEXT(2) 
PARAMETRIC_REPRESENTATION_CONTEXT() REPRESENTATION_CONTEXT('2D SPACE',''
  ) );
#2515 = PCURVE('',#2516,#2521);
#2516 = CYLINDRICAL_SURFACE('',#2517,3.);
#2517 = AXIS2_PLACEMENT_3D('',#2518,#2519,#2520);
#2518 = CARTESIAN_POINT('',(1.,9.5,-2.));
#2519 = DIRECTION('',(0.,0.,-1.));
#2520 = DIRECTION('',(-1.,0.,0.));
#2521 = DEFINITIONAL_REPRESENTATION('',(#2522),#2526);
#2522 = LINE('',#2523,#2524);
#2523 = CARTESIAN_POINT('',(0.,0.));
#2524 = VECTOR('',#2525,1.);
#2525 = DIRECTION('',(0.,-1.));
#2526 = ( GEOMETRIC_REPRESENTATION_CONTEXT(2) 
PARAMETRIC_REPRESENTATION_CONTEXT() REPRESENTATION_CONTEXT('2D SPACE',''
  ) );
#2527 = ORIENTED_EDGE('',*,*,#2528,.F.);
#2528 = EDGE_CURVE('',#2448,#2501,#2529,.T.);
#2529 = SURFACE_CURVE('',#2530,(#2534,#2541),.PCURVE_S1.);
#2530 = LINE('',#2531,#2532);
#2531 = CARTESIAN_POINT('',(-2.,0.,-2.));
#2532 = VECTOR('',#2533,1.);
#2533 = DIRECTION('',(0.,1.,0.));
#2534 = PCURVE('',#2427,#2535);
#2535 = DEFINITIONAL_REPRESENTATION('',(#2536),#2540);
#2536 = LINE('',#2537,#2538);
#2537 = CARTESIAN_POINT('',(9.5,0.));
#2538 = VECTOR('',#2539,1.);
#2539 = DIRECTION('',(1.,0.));
#2540 = ( GEOMETRIC_REPRESENTATION_CONTEXT(2) 
PARAMETRIC_REPRESENTATION_CONTEXT() REPRESENTATION_CONTEXT('2D SPACE',''
  ) );
#2541 = PCURVE('',#2542,#2547);
#2542 = PLANE('',#2543);
#2543 = AXIS2_PLACEMENT_3D('',#2544,#2545,#2546);
#2544 = CARTESIAN_POINT('',(19.5,2.175658566693E-16,-2.));
#2545 = DIRECTION('',(0.,0.,1.));
#2546 = DIRECTION('',(1.,0.,-0.));
#2547 = DEFINITIONAL_REPRESENTATION('',(#2548),#2552);
#2548 = LINE('',#2549,#2550);
#2549 = CARTESIAN_POINT('',(-21.5,-2.175658566693E-16));
#2550 = VECTOR('',#2551,1.);
#2551 = DIRECTION('',(0.,1.));
#2552 = ( GEOMETRIC_REPRESENTATION_CONTEXT(2) 
PARAMETRIC_REPRESENTATION_CONTEXT() REPRESENTATION_CONTEXT('2D SPACE',''
  ) );
#2553 = FACE_BOUND('',#2554,.T.);
#2554 = EDGE_LOOP('',(#2555));
#2555 = ORIENTED_EDGE('',*,*,#2412,.T.);
#2556 = ADVANCED_FACE('',(#2557),#2516,.T.);
#2557 = FACE_BOUND('',#2558,.T.);
#2558 = EDGE_LOOP('',(#2559,#2560,#2588,#2616));
#2559 = ORIENTED_EDGE('',*,*,#2500,.T.);
#2560 = ORIENTED_EDGE('',*,*,#2561,.T.);
#2561 = EDGE_CURVE('',#2478,#2562,#2564,.T.);
#2562 = VERTEX_POINT('',#2563);
#2563 = CARTESIAN_POINT('',(1.,12.5,9.6));
#2564 = SURFACE_CURVE('',#2565,(#2570,#2577),.PCURVE_S1.);
#2565 = CIRCLE('',#2566,3.);
#2566 = AXIS2_PLACEMENT_3D('',#2567,#2568,#2569);
#2567 = CARTESIAN_POINT('',(1.,9.5,9.6));
#2568 = DIRECTION('',(0.,0.,-1.));
#2569 = DIRECTION('',(-1.,0.,0.));
#2570 = PCURVE('',#2516,#2571);
#2571 = DEFINITIONAL_REPRESENTATION('',(#2572),#2576);
#2572 = LINE('',#2573,#2574);
#2573 = CARTESIAN_POINT('',(0.,-11.6));
#2574 = VECTOR('',#2575,1.);
#2575 = DIRECTION('',(1.,0.));
#2576 = ( GEOMETRIC_REPRESENTATION_CONTEXT(2) 
PARAMETRIC_REPRESENTATION_CONTEXT() REPRESENTATION_CONTEXT('2D SPACE',''
  ) );
#2577 = PCURVE('',#294,#2578);
#2578 = DEFINITIONAL_REPRESENTATION('',(#2579),#2587);
#2579 = ( BOUNDED_CURVE() B_SPLINE_CURVE(2,(#2580,#2581,#2582,#2583,
#2584,#2585,#2586),.UNSPECIFIED.,.T.,.F.) B_SPLINE_CURVE_WITH_KNOTS((1,2
    ,2,2,2,1),(-2.094395102393,0.,2.094395102393,4.188790204786,
6.28318530718,8.377580409573),.UNSPECIFIED.) CURVE() 
GEOMETRIC_REPRESENTATION_ITEM() RATIONAL_B_SPLINE_CURVE((1.,0.5,1.,0.5,
1.,0.5,1.)) REPRESENTATION_ITEM('') );
#2580 = CARTESIAN_POINT('',(-21.5,9.5));
#2581 = CARTESIAN_POINT('',(-21.5,14.696152422707));
#2582 = CARTESIAN_POINT('',(-17.,12.098076211353));
#2583 = CARTESIAN_POINT('',(-12.5,9.5));
#2584 = CARTESIAN_POINT('',(-17.,6.901923788647));
#2585 = CARTESIAN_POINT('',(-21.5,4.303847577293));
#2586 = CARTESIAN_POINT('',(-21.5,9.5));
#2587 = ( GEOMETRIC_REPRESENTATION_CONTEXT(2) 
PARAMETRIC_REPRESENTATION_CONTEXT() REPRESENTATION_CONTEXT('2D SPACE',''
  ) );
#2588 = ORIENTED_EDGE('',*,*,#2589,.F.);
#2589 = EDGE_CURVE('',#2590,#2562,#2592,.T.);
#2590 = VERTEX_POINT('',#2591);
#2591 = CARTESIAN_POINT('',(1.,12.5,-2.));
#2592 = SURFACE_CURVE('',#2593,(#2597,#2604),.PCURVE_S1.);
#2593 = LINE('',#2594,#2595);
#2594 = CARTESIAN_POINT('',(1.,12.5,-2.));
#2595 = VECTOR('',#2596,1.);
#2596 = DIRECTION('',(0.,0.,1.));
#2597 = PCURVE('',#2516,#2598);
#2598 = DEFINITIONAL_REPRESENTATION('',(#2599),#2603);
#2599 = LINE('',#2600,#2601);
#2600 = CARTESIAN_POINT('',(1.570796326795,0.));
#2601 = VECTOR('',#2602,1.);
#2602 = DIRECTION('',(0.,-1.));
#2603 = ( GEOMETRIC_REPRESENTATION_CONTEXT(2) 
PARAMETRIC_REPRESENTATION_CONTEXT() REPRESENTATION_CONTEXT('2D SPACE',''
  ) );
#2604 = PCURVE('',#2605,#2610);
#2605 = PLANE('',#2606);
#2606 = AXIS2_PLACEMENT_3D('',#2607,#2608,#2609);
#2607 = CARTESIAN_POINT('',(1.,12.5,-2.));
#2608 = DIRECTION('',(0.,1.,0.));
#2609 = DIRECTION('',(1.,0.,0.));
#2610 = DEFINITIONAL_REPRESENTATION('',(#2611),#2615);
#2611 = LINE('',#2612,#2613);
#2612 = CARTESIAN_POINT('',(0.,0.));
#2613 = VECTOR('',#2614,1.);
#2614 = DIRECTION('',(0.,-1.));
#2615 = ( GEOMETRIC_REPRESENTATION_CONTEXT(2) 
PARAMETRIC_REPRESENTATION_CONTEXT() REPRESENTATION_CONTEXT('2D SPACE',''
  ) );
#2616 = ORIENTED_EDGE('',*,*,#2617,.F.);
#2617 = EDGE_CURVE('',#2501,#2590,#2618,.T.);
#2618 = SURFACE_CURVE('',#2619,(#2624,#2631),.PCURVE_S1.);
#2619 = CIRCLE('',#2620,3.);
#2620 = AXIS2_PLACEMENT_3D('',#2621,#2622,#2623);
#2621 = CARTESIAN_POINT('',(1.,9.5,-2.));
#2622 = DIRECTION('',(0.,0.,-1.));
#2623 = DIRECTION('',(-1.,0.,0.));
#2624 = PCURVE('',#2516,#2625);
#2625 = DEFINITIONAL_REPRESENTATION('',(#2626),#2630);
#2626 = LINE('',#2627,#2628);
#2627 = CARTESIAN_POINT('',(0.,0.));
#2628 = VECTOR('',#2629,1.);
#2629 = DIRECTION('',(1.,0.));
#2630 = ( GEOMETRIC_REPRESENTATION_CONTEXT(2) 
PARAMETRIC_REPRESENTATION_CONTEXT() REPRESENTATION_CONTEXT('2D SPACE',''
  ) );
#2631 = PCURVE('',#2542,#2632);
#2632 = DEFINITIONAL_REPRESENTATION('',(#2633),#2641);
#2633 = ( BOUNDED_CURVE() B_SPLINE_CURVE(2,(#2634,#2635,#2636,#2637,
#2638,#2639,#2640),.UNSPECIFIED.,.T.,.F.) B_SPLINE_CURVE_WITH_KNOTS((1,2
    ,2,2,2,1),(-2.094395102393,0.,2.094395102393,4.188790204786,
6.28318530718,8.377580409573),.UNSPECIFIED.) CURVE() 
GEOMETRIC_REPRESENTATION_ITEM() RATIONAL_B_SPLINE_CURVE((1.,0.5,1.,0.5,
1.,0.5,1.)) REPRESENTATION_ITEM('') );
#2634 = CARTESIAN_POINT('',(-21.5,9.5));
#2635 = CARTESIAN_POINT('',(-21.5,14.696152422707));
#2636 = CARTESIAN_POINT('',(-17.,12.098076211353));
#2637 = CARTESIAN_POINT('',(-12.5,9.5));
#2638 = CARTESIAN_POINT('',(-17.,6.901923788647));
#2639 = CARTESIAN_POINT('',(-21.5,4.303847577293));
#2640 = CARTESIAN_POINT('',(-21.5,9.5));
#2641 = ( GEOMETRIC_REPRESENTATION_CONTEXT(2) 
PARAMETRIC_REPRESENTATION_CONTEXT() REPRESENTATION_CONTEXT('2D SPACE',''
  ) );
#2642 = ADVANCED_FACE('',(#2643),#2605,.T.);
#2643 = FACE_BOUND('',#2644,.T.);
#2644 = EDGE_LOOP('',(#2645,#2646,#2669,#2692,#2720));
#2645 = ORIENTED_EDGE('',*,*,#2589,.T.);
#2646 = ORIENTED_EDGE('',*,*,#2647,.T.);
#2647 = EDGE_CURVE('',#2562,#2648,#2650,.T.);
#2648 = VERTEX_POINT('',#2649);
#2649 = CARTESIAN_POINT('',(15.,12.5,9.6));
#2650 = SURFACE_CURVE('',#2651,(#2655,#2662),.PCURVE_S1.);
#2651 = LINE('',#2652,#2653);
#2652 = CARTESIAN_POINT('',(19.5,12.5,9.6));
#2653 = VECTOR('',#2654,1.);
#2654 = DIRECTION('',(1.,0.,0.));
#2655 = PCURVE('',#2605,#2656);
#2656 = DEFINITIONAL_REPRESENTATION('',(#2657),#2661);
#2657 = LINE('',#2658,#2659);
#2658 = CARTESIAN_POINT('',(18.5,-11.6));
#2659 = VECTOR('',#2660,1.);
#2660 = DIRECTION('',(1.,0.));
#2661 = ( GEOMETRIC_REPRESENTATION_CONTEXT(2) 
PARAMETRIC_REPRESENTATION_CONTEXT() REPRESENTATION_CONTEXT('2D SPACE',''
  ) );
#2662 = PCURVE('',#294,#2663);
#2663 = DEFINITIONAL_REPRESENTATION('',(#2664),#2668);
#2664 = LINE('',#2665,#2666);
#2665 = CARTESIAN_POINT('',(0.,12.5));
#2666 = VECTOR('',#2667,1.);
#2667 = DIRECTION('',(1.,0.));
#2668 = ( GEOMETRIC_REPRESENTATION_CONTEXT(2) 
PARAMETRIC_REPRESENTATION_CONTEXT() REPRESENTATION_CONTEXT('2D SPACE',''
  ) );
#2669 = ORIENTED_EDGE('',*,*,#2670,.T.);
#2670 = EDGE_CURVE('',#2648,#2671,#2673,.T.);
#2671 = VERTEX_POINT('',#2672);
#2672 = CARTESIAN_POINT('',(38.,12.5,9.6));
#2673 = SURFACE_CURVE('',#2674,(#2678,#2685),.PCURVE_S1.);
#2674 = LINE('',#2675,#2676);
#2675 = CARTESIAN_POINT('',(19.5,12.5,9.6));
#2676 = VECTOR('',#2677,1.);
#2677 = DIRECTION('',(1.,0.,0.));
#2678 = PCURVE('',#2605,#2679);
#2679 = DEFINITIONAL_REPRESENTATION('',(#2680),#2684);
#2680 = LINE('',#2681,#2682);
#2681 = CARTESIAN_POINT('',(18.5,-11.6));
#2682 = VECTOR('',#2683,1.);
#2683 = DIRECTION('',(1.,0.));
#2684 = ( GEOMETRIC_REPRESENTATION_CONTEXT(2) 
PARAMETRIC_REPRESENTATION_CONTEXT() REPRESENTATION_CONTEXT('2D SPACE',''
  ) );
#2685 = PCURVE('',#294,#2686);
#2686 = DEFINITIONAL_REPRESENTATION('',(#2687),#2691);
#2687 = LINE('',#2688,#2689);
#2688 = CARTESIAN_POINT('',(0.,12.5));
#2689 = VECTOR('',#2690,1.);
#2690 = DIRECTION('',(1.,0.));
#2691 = ( GEOMETRIC_REPRESENTATION_CONTEXT(2) 
PARAMETRIC_REPRESENTATION_CONTEXT() REPRESENTATION_CONTEXT('2D SPACE',''
  ) );
#2692 = ORIENTED_EDGE('',*,*,#2693,.F.);
#2693 = EDGE_CURVE('',#2694,#2671,#2696,.T.);
#2694 = VERTEX_POINT('',#2695);
#2695 = CARTESIAN_POINT('',(38.,12.5,-2.));
#2696 = SURFACE_CURVE('',#2697,(#2701,#2708),.PCURVE_S1.);
#2697 = LINE('',#2698,#2699);
#2698 = CARTESIAN_POINT('',(38.,12.5,-2.));
#2699 = VECTOR('',#2700,1.);
#2700 = DIRECTION('',(0.,0.,1.));
#2701 = PCURVE('',#2605,#2702);
#2702 = DEFINITIONAL_REPRESENTATION('',(#2703),#2707);
#2703 = LINE('',#2704,#2705);
#2704 = CARTESIAN_POINT('',(37.,0.));
#2705 = VECTOR('',#2706,1.);
#2706 = DIRECTION('',(0.,-1.));
#2707 = ( GEOMETRIC_REPRESENTATION_CONTEXT(2) 
PARAMETRIC_REPRESENTATION_CONTEXT() REPRESENTATION_CONTEXT('2D SPACE',''
  ) );
#2708 = PCURVE('',#2709,#2714);
#2709 = CYLINDRICAL_SURFACE('',#2710,3.);
#2710 = AXIS2_PLACEMENT_3D('',#2711,#2712,#2713);
#2711 = CARTESIAN_POINT('',(38.,9.5,-2.));
#2712 = DIRECTION('',(0.,0.,-1.));
#2713 = DIRECTION('',(-1.,0.,0.));
#2714 = DEFINITIONAL_REPRESENTATION('',(#2715),#2719);
#2715 = LINE('',#2716,#2717);
#2716 = CARTESIAN_POINT('',(1.570796326795,0.));
#2717 = VECTOR('',#2718,1.);
#2718 = DIRECTION('',(0.,-1.));
#2719 = ( GEOMETRIC_REPRESENTATION_CONTEXT(2) 
PARAMETRIC_REPRESENTATION_CONTEXT() REPRESENTATION_CONTEXT('2D SPACE',''
  ) );
#2720 = ORIENTED_EDGE('',*,*,#2721,.F.);
#2721 = EDGE_CURVE('',#2590,#2694,#2722,.T.);
#2722 = SURFACE_CURVE('',#2723,(#2727,#2734),.PCURVE_S1.);
#2723 = LINE('',#2724,#2725);
#2724 = CARTESIAN_POINT('',(19.5,12.5,-2.));
#2725 = VECTOR('',#2726,1.);
#2726 = DIRECTION('',(1.,0.,0.));
#2727 = PCURVE('',#2605,#2728);
#2728 = DEFINITIONAL_REPRESENTATION('',(#2729),#2733);
#2729 = LINE('',#2730,#2731);
#2730 = CARTESIAN_POINT('',(18.5,0.));
#2731 = VECTOR('',#2732,1.);
#2732 = DIRECTION('',(1.,0.));
#2733 = ( GEOMETRIC_REPRESENTATION_CONTEXT(2) 
PARAMETRIC_REPRESENTATION_CONTEXT() REPRESENTATION_CONTEXT('2D SPACE',''
  ) );
#2734 = PCURVE('',#2542,#2735);
#2735 = DEFINITIONAL_REPRESENTATION('',(#2736),#2740);
#2736 = LINE('',#2737,#2738);
#2737 = CARTESIAN_POINT('',(8.83861292719E-16,12.5));
#2738 = VECTOR('',#2739,1.);
#2739 = DIRECTION('',(1.,0.));
#2740 = ( GEOMETRIC_REPRESENTATION_CONTEXT(2) 
PARAMETRIC_REPRESENTATION_CONTEXT() REPRESENTATION_CONTEXT('2D SPACE',''
  ) );
#2741 = ADVANCED_FACE('',(#2742),#2709,.T.);
#2742 = FACE_BOUND('',#2743,.T.);
#2743 = EDGE_LOOP('',(#2744,#2745,#2773,#2801));
#2744 = ORIENTED_EDGE('',*,*,#2693,.T.);
#2745 = ORIENTED_EDGE('',*,*,#2746,.T.);
#2746 = EDGE_CURVE('',#2671,#2747,#2749,.T.);
#2747 = VERTEX_POINT('',#2748);
#2748 = CARTESIAN_POINT('',(41.,9.5,9.6));
#2749 = SURFACE_CURVE('',#2750,(#2755,#2762),.PCURVE_S1.);
#2750 = CIRCLE('',#2751,3.);
#2751 = AXIS2_PLACEMENT_3D('',#2752,#2753,#2754);
#2752 = CARTESIAN_POINT('',(38.,9.5,9.6));
#2753 = DIRECTION('',(0.,0.,-1.));
#2754 = DIRECTION('',(-1.,0.,0.));
#2755 = PCURVE('',#2709,#2756);
#2756 = DEFINITIONAL_REPRESENTATION('',(#2757),#2761);
#2757 = LINE('',#2758,#2759);
#2758 = CARTESIAN_POINT('',(0.,-11.6));
#2759 = VECTOR('',#2760,1.);
#2760 = DIRECTION('',(1.,0.));
#2761 = ( GEOMETRIC_REPRESENTATION_CONTEXT(2) 
PARAMETRIC_REPRESENTATION_CONTEXT() REPRESENTATION_CONTEXT('2D SPACE',''
  ) );
#2762 = PCURVE('',#294,#2763);
#2763 = DEFINITIONAL_REPRESENTATION('',(#2764),#2772);
#2764 = ( BOUNDED_CURVE() B_SPLINE_CURVE(2,(#2765,#2766,#2767,#2768,
#2769,#2770,#2771),.UNSPECIFIED.,.T.,.F.) B_SPLINE_CURVE_WITH_KNOTS((1,2
    ,2,2,2,1),(-2.094395102393,0.,2.094395102393,4.188790204786,
6.28318530718,8.377580409573),.UNSPECIFIED.) CURVE() 
GEOMETRIC_REPRESENTATION_ITEM() RATIONAL_B_SPLINE_CURVE((1.,0.5,1.,0.5,
1.,0.5,1.)) REPRESENTATION_ITEM('') );
#2765 = CARTESIAN_POINT('',(15.5,9.5));
#2766 = CARTESIAN_POINT('',(15.5,14.696152422707));
#2767 = CARTESIAN_POINT('',(20.,12.098076211353));
#2768 = CARTESIAN_POINT('',(24.5,9.5));
#2769 = CARTESIAN_POINT('',(20.,6.901923788647));
#2770 = CARTESIAN_POINT('',(15.5,4.303847577293));
#2771 = CARTESIAN_POINT('',(15.5,9.5));
#2772 = ( GEOMETRIC_REPRESENTATION_CONTEXT(2) 
PARAMETRIC_REPRESENTATION_CONTEXT() REPRESENTATION_CONTEXT('2D SPACE',''
  ) );
#2773 = ORIENTED_EDGE('',*,*,#2774,.F.);
#2774 = EDGE_CURVE('',#2775,#2747,#2777,.T.);
#2775 = VERTEX_POINT('',#2776);
#2776 = CARTESIAN_POINT('',(41.,9.5,-2.));
#2777 = SURFACE_CURVE('',#2778,(#2782,#2789),.PCURVE_S1.);
#2778 = LINE('',#2779,#2780);
#2779 = CARTESIAN_POINT('',(41.,9.5,-2.));
#2780 = VECTOR('',#2781,1.);
#2781 = DIRECTION('',(0.,0.,1.));
#2782 = PCURVE('',#2709,#2783);
#2783 = DEFINITIONAL_REPRESENTATION('',(#2784),#2788);
#2784 = LINE('',#2785,#2786);
#2785 = CARTESIAN_POINT('',(3.14159265359,0.));
#2786 = VECTOR('',#2787,1.);
#2787 = DIRECTION('',(0.,-1.));
#2788 = ( GEOMETRIC_REPRESENTATION_CONTEXT(2) 
PARAMETRIC_REPRESENTATION_CONTEXT() REPRESENTATION_CONTEXT('2D SPACE',''
  ) );
#2789 = PCURVE('',#2790,#2795);
#2790 = PLANE('',#2791);
#2791 = AXIS2_PLACEMENT_3D('',#2792,#2793,#2794);
#2792 = CARTESIAN_POINT('',(41.,-9.5,-2.));
#2793 = DIRECTION('',(-1.,0.,0.));
#2794 = DIRECTION('',(0.,1.,0.));
#2795 = DEFINITIONAL_REPRESENTATION('',(#2796),#2800);
#2796 = LINE('',#2797,#2798);
#2797 = CARTESIAN_POINT('',(19.,0.));
#2798 = VECTOR('',#2799,1.);
#2799 = DIRECTION('',(0.,-1.));
#2800 = ( GEOMETRIC_REPRESENTATION_CONTEXT(2) 
PARAMETRIC_REPRESENTATION_CONTEXT() REPRESENTATION_CONTEXT('2D SPACE',''
  ) );
#2801 = ORIENTED_EDGE('',*,*,#2802,.F.);
#2802 = EDGE_CURVE('',#2694,#2775,#2803,.T.);
#2803 = SURFACE_CURVE('',#2804,(#2809,#2816),.PCURVE_S1.);
#2804 = CIRCLE('',#2805,3.);
#2805 = AXIS2_PLACEMENT_3D('',#2806,#2807,#2808);
#2806 = CARTESIAN_POINT('',(38.,9.5,-2.));
#2807 = DIRECTION('',(0.,0.,-1.));
#2808 = DIRECTION('',(-1.,0.,0.));
#2809 = PCURVE('',#2709,#2810);
#2810 = DEFINITIONAL_REPRESENTATION('',(#2811),#2815);
#2811 = LINE('',#2812,#2813);
#2812 = CARTESIAN_POINT('',(0.,0.));
#2813 = VECTOR('',#2814,1.);
#2814 = DIRECTION('',(1.,0.));
#2815 = ( GEOMETRIC_REPRESENTATION_CONTEXT(2) 
PARAMETRIC_REPRESENTATION_CONTEXT() REPRESENTATION_CONTEXT('2D SPACE',''
  ) );
#2816 = PCURVE('',#2542,#2817);
#2817 = DEFINITIONAL_REPRESENTATION('',(#2818),#2826);
#2818 = ( BOUNDED_CURVE() B_SPLINE_CURVE(2,(#2819,#2820,#2821,#2822,
#2823,#2824,#2825),.UNSPECIFIED.,.T.,.F.) B_SPLINE_CURVE_WITH_KNOTS((1,2
    ,2,2,2,1),(-2.094395102393,0.,2.094395102393,4.188790204786,
6.28318530718,8.377580409573),.UNSPECIFIED.) CURVE() 
GEOMETRIC_REPRESENTATION_ITEM() RATIONAL_B_SPLINE_CURVE((1.,0.5,1.,0.5,
1.,0.5,1.)) REPRESENTATION_ITEM('') );
#2819 = CARTESIAN_POINT('',(15.5,9.5));
#2820 = CARTESIAN_POINT('',(15.5,14.696152422707));
#2821 = CARTESIAN_POINT('',(20.,12.098076211353));
#2822 = CARTESIAN_POINT('',(24.5,9.5));
#2823 = CARTESIAN_POINT('',(20.,6.901923788647));
#2824 = CARTESIAN_POINT('',(15.5,4.303847577293));
#2825 = CARTESIAN_POINT('',(15.5,9.5));
#2826 = ( GEOMETRIC_REPRESENTATION_CONTEXT(2) 
PARAMETRIC_REPRESENTATION_CONTEXT() REPRESENTATION_CONTEXT('2D SPACE',''
  ) );
#2827 = ADVANCED_FACE('',(#2828),#2790,.F.);
#2828 = FACE_BOUND('',#2829,.F.);
#2829 = EDGE_LOOP('',(#2830,#2853,#2881,#2904,#2925,#2951,#2977,#3003,
    #3029,#3055,#3076,#3097));
#2830 = ORIENTED_EDGE('',*,*,#2831,.F.);
#2831 = EDGE_CURVE('',#2832,#2775,#2834,.T.);
#2832 = VERTEX_POINT('',#2833);
#2833 = CARTESIAN_POINT('',(41.,-9.5,-2.));
#2834 = SURFACE_CURVE('',#2835,(#2839,#2846),.PCURVE_S1.);
#2835 = LINE('',#2836,#2837);
#2836 = CARTESIAN_POINT('',(41.,0.,-2.));
#2837 = VECTOR('',#2838,1.);
#2838 = DIRECTION('',(0.,1.,0.));
#2839 = PCURVE('',#2790,#2840);
#2840 = DEFINITIONAL_REPRESENTATION('',(#2841),#2845);
#2841 = LINE('',#2842,#2843);
#2842 = CARTESIAN_POINT('',(9.5,0.));
#2843 = VECTOR('',#2844,1.);
#2844 = DIRECTION('',(1.,0.));
#2845 = ( GEOMETRIC_REPRESENTATION_CONTEXT(2) 
PARAMETRIC_REPRESENTATION_CONTEXT() REPRESENTATION_CONTEXT('2D SPACE',''
  ) );
#2846 = PCURVE('',#2542,#2847);
#2847 = DEFINITIONAL_REPRESENTATION('',(#2848),#2852);
#2848 = LINE('',#2849,#2850);
#2849 = CARTESIAN_POINT('',(21.5,-2.175658566693E-16));
#2850 = VECTOR('',#2851,1.);
#2851 = DIRECTION('',(0.,1.));
#2852 = ( GEOMETRIC_REPRESENTATION_CONTEXT(2) 
PARAMETRIC_REPRESENTATION_CONTEXT() REPRESENTATION_CONTEXT('2D SPACE',''
  ) );
#2853 = ORIENTED_EDGE('',*,*,#2854,.T.);
#2854 = EDGE_CURVE('',#2832,#2855,#2857,.T.);
#2855 = VERTEX_POINT('',#2856);
#2856 = CARTESIAN_POINT('',(41.,-9.5,9.6));
#2857 = SURFACE_CURVE('',#2858,(#2862,#2869),.PCURVE_S1.);
#2858 = LINE('',#2859,#2860);
#2859 = CARTESIAN_POINT('',(41.,-9.5,-2.));
#2860 = VECTOR('',#2861,1.);
#2861 = DIRECTION('',(0.,0.,1.));
#2862 = PCURVE('',#2790,#2863);
#2863 = DEFINITIONAL_REPRESENTATION('',(#2864),#2868);
#2864 = LINE('',#2865,#2866);
#2865 = CARTESIAN_POINT('',(0.,0.));
#2866 = VECTOR('',#2867,1.);
#2867 = DIRECTION('',(0.,-1.));
#2868 = ( GEOMETRIC_REPRESENTATION_CONTEXT(2) 
PARAMETRIC_REPRESENTATION_CONTEXT() REPRESENTATION_CONTEXT('2D SPACE',''
  ) );
#2869 = PCURVE('',#2870,#2875);
#2870 = CYLINDRICAL_SURFACE('',#2871,3.);
#2871 = AXIS2_PLACEMENT_3D('',#2872,#2873,#2874);
#2872 = CARTESIAN_POINT('',(38.,-9.5,-2.));
#2873 = DIRECTION('',(0.,0.,-1.));
#2874 = DIRECTION('',(-1.,0.,0.));
#2875 = DEFINITIONAL_REPRESENTATION('',(#2876),#2880);
#2876 = LINE('',#2877,#2878);
#2877 = CARTESIAN_POINT('',(3.14159265359,0.));
#2878 = VECTOR('',#2879,1.);
#2879 = DIRECTION('',(0.,-1.));
#2880 = ( GEOMETRIC_REPRESENTATION_CONTEXT(2) 
PARAMETRIC_REPRESENTATION_CONTEXT() REPRESENTATION_CONTEXT('2D SPACE',''
  ) );
#2881 = ORIENTED_EDGE('',*,*,#2882,.T.);
#2882 = EDGE_CURVE('',#2855,#2883,#2885,.T.);
#2883 = VERTEX_POINT('',#2884);
#2884 = CARTESIAN_POINT('',(41.,-4.82,9.6));
#2885 = SURFACE_CURVE('',#2886,(#2890,#2897),.PCURVE_S1.);
#2886 = LINE('',#2887,#2888);
#2887 = CARTESIAN_POINT('',(41.,0.,9.6));
#2888 = VECTOR('',#2889,1.);
#2889 = DIRECTION('',(0.,1.,0.));
#2890 = PCURVE('',#2790,#2891);
#2891 = DEFINITIONAL_REPRESENTATION('',(#2892),#2896);
#2892 = LINE('',#2893,#2894);
#2893 = CARTESIAN_POINT('',(9.5,-11.6));
#2894 = VECTOR('',#2895,1.);
#2895 = DIRECTION('',(1.,0.));
#2896 = ( GEOMETRIC_REPRESENTATION_CONTEXT(2) 
PARAMETRIC_REPRESENTATION_CONTEXT() REPRESENTATION_CONTEXT('2D SPACE',''
  ) );
#2897 = PCURVE('',#294,#2898);
#2898 = DEFINITIONAL_REPRESENTATION('',(#2899),#2903);
#2899 = LINE('',#2900,#2901);
#2900 = CARTESIAN_POINT('',(21.5,-2.175658566693E-16));
#2901 = VECTOR('',#2902,1.);
#2902 = DIRECTION('',(0.,1.));
#2903 = ( GEOMETRIC_REPRESENTATION_CONTEXT(2) 
PARAMETRIC_REPRESENTATION_CONTEXT() REPRESENTATION_CONTEXT('2D SPACE',''
  ) );
#2904 = ORIENTED_EDGE('',*,*,#2905,.T.);
#2905 = EDGE_CURVE('',#2883,#2906,#2908,.T.);
#2906 = VERTEX_POINT('',#2907);
#2907 = CARTESIAN_POINT('',(41.,-4.82,8.86));
#2908 = SURFACE_CURVE('',#2909,(#2913,#2919),.PCURVE_S1.);
#2909 = LINE('',#2910,#2911);
#2910 = CARTESIAN_POINT('',(41.,-4.82,0.455));
#2911 = VECTOR('',#2912,1.);
#2912 = DIRECTION('',(0.,0.,-1.));
#2913 = PCURVE('',#2790,#2914);
#2914 = DEFINITIONAL_REPRESENTATION('',(#2915),#2918);
#2915 = B_SPLINE_CURVE_WITH_KNOTS('',1,(#2916,#2917),.UNSPECIFIED.,.F.,
  .F.,(2,2),(-9.145,-2.455),.PIECEWISE_BEZIER_KNOTS.);
#2916 = CARTESIAN_POINT('',(4.68,-11.6));
#2917 = CARTESIAN_POINT('',(4.68,-4.91));
#2918 = ( GEOMETRIC_REPRESENTATION_CONTEXT(2) 
PARAMETRIC_REPRESENTATION_CONTEXT() REPRESENTATION_CONTEXT('2D SPACE',''
  ) );
#2919 = PCURVE('',#321,#2920);
#2920 = DEFINITIONAL_REPRESENTATION('',(#2921),#2924);
#2921 = B_SPLINE_CURVE_WITH_KNOTS('',1,(#2922,#2923),.UNSPECIFIED.,.F.,
  .F.,(2,2),(-9.145,-2.455),.PIECEWISE_BEZIER_KNOTS.);
#2922 = CARTESIAN_POINT('',(6.69,3.));
#2923 = CARTESIAN_POINT('',(0.,3.));
#2924 = ( GEOMETRIC_REPRESENTATION_CONTEXT(2) 
PARAMETRIC_REPRESENTATION_CONTEXT() REPRESENTATION_CONTEXT('2D SPACE',''
  ) );
#2925 = ORIENTED_EDGE('',*,*,#2926,.F.);
#2926 = EDGE_CURVE('',#2927,#2906,#2929,.T.);
#2927 = VERTEX_POINT('',#2928);
#2928 = CARTESIAN_POINT('',(41.,-6.2,8.86));
#2929 = SURFACE_CURVE('',#2930,(#2934,#2940),.PCURVE_S1.);
#2930 = LINE('',#2931,#2932);
#2931 = CARTESIAN_POINT('',(41.,-7.85,8.86));
#2932 = VECTOR('',#2933,1.);
#2933 = DIRECTION('',(0.,1.,-0.));
#2934 = PCURVE('',#2790,#2935);
#2935 = DEFINITIONAL_REPRESENTATION('',(#2936),#2939);
#2936 = B_SPLINE_CURVE_WITH_KNOTS('',1,(#2937,#2938),.UNSPECIFIED.,.F.,
  .F.,(2,2),(1.65,14.05),.PIECEWISE_BEZIER_KNOTS.);
#2937 = CARTESIAN_POINT('',(3.3,-10.86));
#2938 = CARTESIAN_POINT('',(15.7,-10.86));
#2939 = ( GEOMETRIC_REPRESENTATION_CONTEXT(2) 
PARAMETRIC_REPRESENTATION_CONTEXT() REPRESENTATION_CONTEXT('2D SPACE',''
  ) );
#2940 = PCURVE('',#2941,#2946);
#2941 = PLANE('',#2942);
#2942 = AXIS2_PLACEMENT_3D('',#2943,#2944,#2945);
#2943 = CARTESIAN_POINT('',(40.5,-6.2,8.86));
#2944 = DIRECTION('',(0.,0.,1.));
#2945 = DIRECTION('',(1.,0.,-0.));
#2946 = DEFINITIONAL_REPRESENTATION('',(#2947),#2950);
#2947 = B_SPLINE_CURVE_WITH_KNOTS('',1,(#2948,#2949),.UNSPECIFIED.,.F.,
  .F.,(2,2),(1.65,14.05),.PIECEWISE_BEZIER_KNOTS.);
#2948 = CARTESIAN_POINT('',(0.5,0.));
#2949 = CARTESIAN_POINT('',(0.5,12.4));
#2950 = ( GEOMETRIC_REPRESENTATION_CONTEXT(2) 
PARAMETRIC_REPRESENTATION_CONTEXT() REPRESENTATION_CONTEXT('2D SPACE',''
  ) );
#2951 = ORIENTED_EDGE('',*,*,#2952,.T.);
#2952 = EDGE_CURVE('',#2927,#2953,#2955,.T.);
#2953 = VERTEX_POINT('',#2954);
#2954 = CARTESIAN_POINT('',(41.,-6.2,1.86));
#2955 = SURFACE_CURVE('',#2956,(#2960,#2966),.PCURVE_S1.);
#2956 = LINE('',#2957,#2958);
#2957 = CARTESIAN_POINT('',(41.,-6.2,-7.E-02));
#2958 = VECTOR('',#2959,1.);
#2959 = DIRECTION('',(0.,0.,-1.));
#2960 = PCURVE('',#2790,#2961);
#2961 = DEFINITIONAL_REPRESENTATION('',(#2962),#2965);
#2962 = B_SPLINE_CURVE_WITH_KNOTS('',1,(#2963,#2964),.UNSPECIFIED.,.F.,
  .F.,(2,2),(-8.93,-1.93),.PIECEWISE_BEZIER_KNOTS.);
#2963 = CARTESIAN_POINT('',(3.3,-10.86));
#2964 = CARTESIAN_POINT('',(3.3,-3.86));
#2965 = ( GEOMETRIC_REPRESENTATION_CONTEXT(2) 
PARAMETRIC_REPRESENTATION_CONTEXT() REPRESENTATION_CONTEXT('2D SPACE',''
  ) );
#2966 = PCURVE('',#2967,#2972);
#2967 = PLANE('',#2968);
#2968 = AXIS2_PLACEMENT_3D('',#2969,#2970,#2971);
#2969 = CARTESIAN_POINT('',(40.5,-6.2,1.86));
#2970 = DIRECTION('',(-0.,1.,0.));
#2971 = DIRECTION('',(0.,0.,1.));
#2972 = DEFINITIONAL_REPRESENTATION('',(#2973),#2976);
#2973 = B_SPLINE_CURVE_WITH_KNOTS('',1,(#2974,#2975),.UNSPECIFIED.,.F.,
  .F.,(2,2),(-8.93,-1.93),.PIECEWISE_BEZIER_KNOTS.);
#2974 = CARTESIAN_POINT('',(7.,0.5));
#2975 = CARTESIAN_POINT('',(0.,0.5));
#2976 = ( GEOMETRIC_REPRESENTATION_CONTEXT(2) 
PARAMETRIC_REPRESENTATION_CONTEXT() REPRESENTATION_CONTEXT('2D SPACE',''
  ) );
#2977 = ORIENTED_EDGE('',*,*,#2978,.T.);
#2978 = EDGE_CURVE('',#2953,#2979,#2981,.T.);
#2979 = VERTEX_POINT('',#2980);
#2980 = CARTESIAN_POINT('',(41.,6.2,1.86));
#2981 = SURFACE_CURVE('',#2982,(#2986,#2992),.PCURVE_S1.);
#2982 = LINE('',#2983,#2984);
#2983 = CARTESIAN_POINT('',(41.,-7.85,1.86));
#2984 = VECTOR('',#2985,1.);
#2985 = DIRECTION('',(0.,1.,-0.));
#2986 = PCURVE('',#2790,#2987);
#2987 = DEFINITIONAL_REPRESENTATION('',(#2988),#2991);
#2988 = B_SPLINE_CURVE_WITH_KNOTS('',1,(#2989,#2990),.UNSPECIFIED.,.F.,
  .F.,(2,2),(1.65,14.05),.PIECEWISE_BEZIER_KNOTS.);
#2989 = CARTESIAN_POINT('',(3.3,-3.86));
#2990 = CARTESIAN_POINT('',(15.7,-3.86));
#2991 = ( GEOMETRIC_REPRESENTATION_CONTEXT(2) 
PARAMETRIC_REPRESENTATION_CONTEXT() REPRESENTATION_CONTEXT('2D SPACE',''
  ) );
#2992 = PCURVE('',#2993,#2998);
#2993 = PLANE('',#2994);
#2994 = AXIS2_PLACEMENT_3D('',#2995,#2996,#2997);
#2995 = CARTESIAN_POINT('',(40.5,-6.2,1.86));
#2996 = DIRECTION('',(0.,0.,1.));
#2997 = DIRECTION('',(1.,0.,-0.));
#2998 = DEFINITIONAL_REPRESENTATION('',(#2999),#3002);
#2999 = B_SPLINE_CURVE_WITH_KNOTS('',1,(#3000,#3001),.UNSPECIFIED.,.F.,
  .F.,(2,2),(1.65,14.05),.PIECEWISE_BEZIER_KNOTS.);
#3000 = CARTESIAN_POINT('',(0.5,0.));
#3001 = CARTESIAN_POINT('',(0.5,12.4));
#3002 = ( GEOMETRIC_REPRESENTATION_CONTEXT(2) 
PARAMETRIC_REPRESENTATION_CONTEXT() REPRESENTATION_CONTEXT('2D SPACE',''
  ) );
#3003 = ORIENTED_EDGE('',*,*,#3004,.F.);
#3004 = EDGE_CURVE('',#3005,#2979,#3007,.T.);
#3005 = VERTEX_POINT('',#3006);
#3006 = CARTESIAN_POINT('',(41.,6.2,8.86));
#3007 = SURFACE_CURVE('',#3008,(#3012,#3018),.PCURVE_S1.);
#3008 = LINE('',#3009,#3010);
#3009 = CARTESIAN_POINT('',(41.,6.2,-7.E-02));
#3010 = VECTOR('',#3011,1.);
#3011 = DIRECTION('',(0.,0.,-1.));
#3012 = PCURVE('',#2790,#3013);
#3013 = DEFINITIONAL_REPRESENTATION('',(#3014),#3017);
#3014 = B_SPLINE_CURVE_WITH_KNOTS('',1,(#3015,#3016),.UNSPECIFIED.,.F.,
  .F.,(2,2),(-8.93,-1.93),.PIECEWISE_BEZIER_KNOTS.);
#3015 = CARTESIAN_POINT('',(15.7,-10.86));
#3016 = CARTESIAN_POINT('',(15.7,-3.86));
#3017 = ( GEOMETRIC_REPRESENTATION_CONTEXT(2) 
PARAMETRIC_REPRESENTATION_CONTEXT() REPRESENTATION_CONTEXT('2D SPACE',''
  ) );
#3018 = PCURVE('',#3019,#3024);
#3019 = PLANE('',#3020);
#3020 = AXIS2_PLACEMENT_3D('',#3021,#3022,#3023);
#3021 = CARTESIAN_POINT('',(40.5,6.2,1.86));
#3022 = DIRECTION('',(-0.,1.,0.));
#3023 = DIRECTION('',(0.,0.,1.));
#3024 = DEFINITIONAL_REPRESENTATION('',(#3025),#3028);
#3025 = B_SPLINE_CURVE_WITH_KNOTS('',1,(#3026,#3027),.UNSPECIFIED.,.F.,
  .F.,(2,2),(-8.93,-1.93),.PIECEWISE_BEZIER_KNOTS.);
#3026 = CARTESIAN_POINT('',(7.,0.5));
#3027 = CARTESIAN_POINT('',(0.,0.5));
#3028 = ( GEOMETRIC_REPRESENTATION_CONTEXT(2) 
PARAMETRIC_REPRESENTATION_CONTEXT() REPRESENTATION_CONTEXT('2D SPACE',''
  ) );
#3029 = ORIENTED_EDGE('',*,*,#3030,.F.);
#3030 = EDGE_CURVE('',#3031,#3005,#3033,.T.);
#3031 = VERTEX_POINT('',#3032);
#3032 = CARTESIAN_POINT('',(41.,4.82,8.86));
#3033 = SURFACE_CURVE('',#3034,(#3038,#3044),.PCURVE_S1.);
#3034 = LINE('',#3035,#3036);
#3035 = CARTESIAN_POINT('',(41.,-7.85,8.86));
#3036 = VECTOR('',#3037,1.);
#3037 = DIRECTION('',(0.,1.,-0.));
#3038 = PCURVE('',#2790,#3039);
#3039 = DEFINITIONAL_REPRESENTATION('',(#3040),#3043);
#3040 = B_SPLINE_CURVE_WITH_KNOTS('',1,(#3041,#3042),.UNSPECIFIED.,.F.,
  .F.,(2,2),(1.65,14.05),.PIECEWISE_BEZIER_KNOTS.);
#3041 = CARTESIAN_POINT('',(3.3,-10.86));
#3042 = CARTESIAN_POINT('',(15.7,-10.86));
#3043 = ( GEOMETRIC_REPRESENTATION_CONTEXT(2) 
PARAMETRIC_REPRESENTATION_CONTEXT() REPRESENTATION_CONTEXT('2D SPACE',''
  ) );
#3044 = PCURVE('',#3045,#3050);
#3045 = PLANE('',#3046);
#3046 = AXIS2_PLACEMENT_3D('',#3047,#3048,#3049);
#3047 = CARTESIAN_POINT('',(40.5,-6.2,8.86));
#3048 = DIRECTION('',(0.,0.,1.));
#3049 = DIRECTION('',(1.,0.,-0.));
#3050 = DEFINITIONAL_REPRESENTATION('',(#3051),#3054);
#3051 = B_SPLINE_CURVE_WITH_KNOTS('',1,(#3052,#3053),.UNSPECIFIED.,.F.,
  .F.,(2,2),(1.65,14.05),.PIECEWISE_BEZIER_KNOTS.);
#3052 = CARTESIAN_POINT('',(0.5,0.));
#3053 = CARTESIAN_POINT('',(0.5,12.4));
#3054 = ( GEOMETRIC_REPRESENTATION_CONTEXT(2) 
PARAMETRIC_REPRESENTATION_CONTEXT() REPRESENTATION_CONTEXT('2D SPACE',''
  ) );
#3055 = ORIENTED_EDGE('',*,*,#3056,.F.);
#3056 = EDGE_CURVE('',#3057,#3031,#3059,.T.);
#3057 = VERTEX_POINT('',#3058);
#3058 = CARTESIAN_POINT('',(41.,4.82,9.6));
#3059 = SURFACE_CURVE('',#3060,(#3064,#3070),.PCURVE_S1.);
#3060 = LINE('',#3061,#3062);
#3061 = CARTESIAN_POINT('',(41.,4.82,0.455));
#3062 = VECTOR('',#3063,1.);
#3063 = DIRECTION('',(0.,0.,-1.));
#3064 = PCURVE('',#2790,#3065);
#3065 = DEFINITIONAL_REPRESENTATION('',(#3066),#3069);
#3066 = B_SPLINE_CURVE_WITH_KNOTS('',1,(#3067,#3068),.UNSPECIFIED.,.F.,
  .F.,(2,2),(-9.145,-2.455),.PIECEWISE_BEZIER_KNOTS.);
#3067 = CARTESIAN_POINT('',(14.32,-11.6));
#3068 = CARTESIAN_POINT('',(14.32,-4.91));
#3069 = ( GEOMETRIC_REPRESENTATION_CONTEXT(2) 
PARAMETRIC_REPRESENTATION_CONTEXT() REPRESENTATION_CONTEXT('2D SPACE',''
  ) );
#3070 = PCURVE('',#373,#3071);
#3071 = DEFINITIONAL_REPRESENTATION('',(#3072),#3075);
#3072 = B_SPLINE_CURVE_WITH_KNOTS('',1,(#3073,#3074),.UNSPECIFIED.,.F.,
  .F.,(2,2),(-9.145,-2.455),.PIECEWISE_BEZIER_KNOTS.);
#3073 = CARTESIAN_POINT('',(6.69,3.));
#3074 = CARTESIAN_POINT('',(0.,3.));
#3075 = ( GEOMETRIC_REPRESENTATION_CONTEXT(2) 
PARAMETRIC_REPRESENTATION_CONTEXT() REPRESENTATION_CONTEXT('2D SPACE',''
  ) );
#3076 = ORIENTED_EDGE('',*,*,#3077,.T.);
#3077 = EDGE_CURVE('',#3057,#2747,#3078,.T.);
#3078 = SURFACE_CURVE('',#3079,(#3083,#3090),.PCURVE_S1.);
#3079 = LINE('',#3080,#3081);
#3080 = CARTESIAN_POINT('',(41.,0.,9.6));
#3081 = VECTOR('',#3082,1.);
#3082 = DIRECTION('',(0.,1.,0.));
#3083 = PCURVE('',#2790,#3084);
#3084 = DEFINITIONAL_REPRESENTATION('',(#3085),#3089);
#3085 = LINE('',#3086,#3087);
#3086 = CARTESIAN_POINT('',(9.5,-11.6));
#3087 = VECTOR('',#3088,1.);
#3088 = DIRECTION('',(1.,0.));
#3089 = ( GEOMETRIC_REPRESENTATION_CONTEXT(2) 
PARAMETRIC_REPRESENTATION_CONTEXT() REPRESENTATION_CONTEXT('2D SPACE',''
  ) );
#3090 = PCURVE('',#294,#3091);
#3091 = DEFINITIONAL_REPRESENTATION('',(#3092),#3096);
#3092 = LINE('',#3093,#3094);
#3093 = CARTESIAN_POINT('',(21.5,-2.175658566693E-16));
#3094 = VECTOR('',#3095,1.);
#3095 = DIRECTION('',(0.,1.));
#3096 = ( GEOMETRIC_REPRESENTATION_CONTEXT(2) 
PARAMETRIC_REPRESENTATION_CONTEXT() REPRESENTATION_CONTEXT('2D SPACE',''
  ) );
#3097 = ORIENTED_EDGE('',*,*,#2774,.F.);
#3098 = ADVANCED_FACE('',(#3099),#2870,.T.);
#3099 = FACE_BOUND('',#3100,.T.);
#3100 = EDGE_LOOP('',(#3101,#3102,#3130,#3158));
#3101 = ORIENTED_EDGE('',*,*,#2854,.T.);
#3102 = ORIENTED_EDGE('',*,*,#3103,.T.);
#3103 = EDGE_CURVE('',#2855,#3104,#3106,.T.);
#3104 = VERTEX_POINT('',#3105);
#3105 = CARTESIAN_POINT('',(38.,-12.5,9.6));
#3106 = SURFACE_CURVE('',#3107,(#3112,#3119),.PCURVE_S1.);
#3107 = CIRCLE('',#3108,3.);
#3108 = AXIS2_PLACEMENT_3D('',#3109,#3110,#3111);
#3109 = CARTESIAN_POINT('',(38.,-9.5,9.6));
#3110 = DIRECTION('',(0.,0.,-1.));
#3111 = DIRECTION('',(-1.,0.,0.));
#3112 = PCURVE('',#2870,#3113);
#3113 = DEFINITIONAL_REPRESENTATION('',(#3114),#3118);
#3114 = LINE('',#3115,#3116);
#3115 = CARTESIAN_POINT('',(0.,-11.6));
#3116 = VECTOR('',#3117,1.);
#3117 = DIRECTION('',(1.,0.));
#3118 = ( GEOMETRIC_REPRESENTATION_CONTEXT(2) 
PARAMETRIC_REPRESENTATION_CONTEXT() REPRESENTATION_CONTEXT('2D SPACE',''
  ) );
#3119 = PCURVE('',#294,#3120);
#3120 = DEFINITIONAL_REPRESENTATION('',(#3121),#3129);
#3121 = ( BOUNDED_CURVE() B_SPLINE_CURVE(2,(#3122,#3123,#3124,#3125,
#3126,#3127,#3128),.UNSPECIFIED.,.T.,.F.) B_SPLINE_CURVE_WITH_KNOTS((1,2
    ,2,2,2,1),(-2.094395102393,0.,2.094395102393,4.188790204786,
6.28318530718,8.377580409573),.UNSPECIFIED.) CURVE() 
GEOMETRIC_REPRESENTATION_ITEM() RATIONAL_B_SPLINE_CURVE((1.,0.5,1.,0.5,
1.,0.5,1.)) REPRESENTATION_ITEM('') );
#3122 = CARTESIAN_POINT('',(15.5,-9.5));
#3123 = CARTESIAN_POINT('',(15.5,-4.303847577293));
#3124 = CARTESIAN_POINT('',(20.,-6.901923788647));
#3125 = CARTESIAN_POINT('',(24.5,-9.5));
#3126 = CARTESIAN_POINT('',(20.,-12.09807621135));
#3127 = CARTESIAN_POINT('',(15.5,-14.6961524227));
#3128 = CARTESIAN_POINT('',(15.5,-9.5));
#3129 = ( GEOMETRIC_REPRESENTATION_CONTEXT(2) 
PARAMETRIC_REPRESENTATION_CONTEXT() REPRESENTATION_CONTEXT('2D SPACE',''
  ) );
#3130 = ORIENTED_EDGE('',*,*,#3131,.F.);
#3131 = EDGE_CURVE('',#3132,#3104,#3134,.T.);
#3132 = VERTEX_POINT('',#3133);
#3133 = CARTESIAN_POINT('',(38.,-12.5,-2.));
#3134 = SURFACE_CURVE('',#3135,(#3139,#3146),.PCURVE_S1.);
#3135 = LINE('',#3136,#3137);
#3136 = CARTESIAN_POINT('',(38.,-12.5,-2.));
#3137 = VECTOR('',#3138,1.);
#3138 = DIRECTION('',(0.,0.,1.));
#3139 = PCURVE('',#2870,#3140);
#3140 = DEFINITIONAL_REPRESENTATION('',(#3141),#3145);
#3141 = LINE('',#3142,#3143);
#3142 = CARTESIAN_POINT('',(4.712388980385,0.));
#3143 = VECTOR('',#3144,1.);
#3144 = DIRECTION('',(0.,-1.));
#3145 = ( GEOMETRIC_REPRESENTATION_CONTEXT(2) 
PARAMETRIC_REPRESENTATION_CONTEXT() REPRESENTATION_CONTEXT('2D SPACE',''
  ) );
#3146 = PCURVE('',#3147,#3152);
#3147 = PLANE('',#3148);
#3148 = AXIS2_PLACEMENT_3D('',#3149,#3150,#3151);
#3149 = CARTESIAN_POINT('',(1.,-12.5,-2.));
#3150 = DIRECTION('',(0.,1.,0.));
#3151 = DIRECTION('',(1.,0.,0.));
#3152 = DEFINITIONAL_REPRESENTATION('',(#3153),#3157);
#3153 = LINE('',#3154,#3155);
#3154 = CARTESIAN_POINT('',(37.,0.));
#3155 = VECTOR('',#3156,1.);
#3156 = DIRECTION('',(0.,-1.));
#3157 = ( GEOMETRIC_REPRESENTATION_CONTEXT(2) 
PARAMETRIC_REPRESENTATION_CONTEXT() REPRESENTATION_CONTEXT('2D SPACE',''
  ) );
#3158 = ORIENTED_EDGE('',*,*,#3159,.F.);
#3159 = EDGE_CURVE('',#2832,#3132,#3160,.T.);
#3160 = SURFACE_CURVE('',#3161,(#3166,#3173),.PCURVE_S1.);
#3161 = CIRCLE('',#3162,3.);
#3162 = AXIS2_PLACEMENT_3D('',#3163,#3164,#3165);
#3163 = CARTESIAN_POINT('',(38.,-9.5,-2.));
#3164 = DIRECTION('',(0.,0.,-1.));
#3165 = DIRECTION('',(-1.,0.,0.));
#3166 = PCURVE('',#2870,#3167);
#3167 = DEFINITIONAL_REPRESENTATION('',(#3168),#3172);
#3168 = LINE('',#3169,#3170);
#3169 = CARTESIAN_POINT('',(0.,0.));
#3170 = VECTOR('',#3171,1.);
#3171 = DIRECTION('',(1.,0.));
#3172 = ( GEOMETRIC_REPRESENTATION_CONTEXT(2) 
PARAMETRIC_REPRESENTATION_CONTEXT() REPRESENTATION_CONTEXT('2D SPACE',''
  ) );
#3173 = PCURVE('',#2542,#3174);
#3174 = DEFINITIONAL_REPRESENTATION('',(#3175),#3183);
#3175 = ( BOUNDED_CURVE() B_SPLINE_CURVE(2,(#3176,#3177,#3178,#3179,
#3180,#3181,#3182),.UNSPECIFIED.,.T.,.F.) B_SPLINE_CURVE_WITH_KNOTS((1,2
    ,2,2,2,1),(-2.094395102393,0.,2.094395102393,4.188790204786,
6.28318530718,8.377580409573),.UNSPECIFIED.) CURVE() 
GEOMETRIC_REPRESENTATION_ITEM() RATIONAL_B_SPLINE_CURVE((1.,0.5,1.,0.5,
1.,0.5,1.)) REPRESENTATION_ITEM('') );
#3176 = CARTESIAN_POINT('',(15.5,-9.5));
#3177 = CARTESIAN_POINT('',(15.5,-4.303847577293));
#3178 = CARTESIAN_POINT('',(20.,-6.901923788647));
#3179 = CARTESIAN_POINT('',(24.5,-9.5));
#3180 = CARTESIAN_POINT('',(20.,-12.09807621135));
#3181 = CARTESIAN_POINT('',(15.5,-14.6961524227));
#3182 = CARTESIAN_POINT('',(15.5,-9.5));
#3183 = ( GEOMETRIC_REPRESENTATION_CONTEXT(2) 
PARAMETRIC_REPRESENTATION_CONTEXT() REPRESENTATION_CONTEXT('2D SPACE',''
  ) );
#3184 = ADVANCED_FACE('',(#3185),#3147,.F.);
#3185 = FACE_BOUND('',#3186,.F.);
#3186 = EDGE_LOOP('',(#3187,#3212,#3235,#3256,#3257));
#3187 = ORIENTED_EDGE('',*,*,#3188,.T.);
#3188 = EDGE_CURVE('',#3189,#3191,#3193,.T.);
#3189 = VERTEX_POINT('',#3190);
#3190 = CARTESIAN_POINT('',(1.,-12.5,-2.));
#3191 = VERTEX_POINT('',#3192);
#3192 = CARTESIAN_POINT('',(1.,-12.5,9.6));
#3193 = SURFACE_CURVE('',#3194,(#3198,#3205),.PCURVE_S1.);
#3194 = LINE('',#3195,#3196);
#3195 = CARTESIAN_POINT('',(1.,-12.5,-2.));
#3196 = VECTOR('',#3197,1.);
#3197 = DIRECTION('',(0.,0.,1.));
#3198 = PCURVE('',#3147,#3199);
#3199 = DEFINITIONAL_REPRESENTATION('',(#3200),#3204);
#3200 = LINE('',#3201,#3202);
#3201 = CARTESIAN_POINT('',(0.,0.));
#3202 = VECTOR('',#3203,1.);
#3203 = DIRECTION('',(0.,-1.));
#3204 = ( GEOMETRIC_REPRESENTATION_CONTEXT(2) 
PARAMETRIC_REPRESENTATION_CONTEXT() REPRESENTATION_CONTEXT('2D SPACE',''
  ) );
#3205 = PCURVE('',#2465,#3206);
#3206 = DEFINITIONAL_REPRESENTATION('',(#3207),#3211);
#3207 = LINE('',#3208,#3209);
#3208 = CARTESIAN_POINT('',(4.712388980385,0.));
#3209 = VECTOR('',#3210,1.);
#3210 = DIRECTION('',(0.,-1.));
#3211 = ( GEOMETRIC_REPRESENTATION_CONTEXT(2) 
PARAMETRIC_REPRESENTATION_CONTEXT() REPRESENTATION_CONTEXT('2D SPACE',''
  ) );
#3212 = ORIENTED_EDGE('',*,*,#3213,.T.);
#3213 = EDGE_CURVE('',#3191,#3214,#3216,.T.);
#3214 = VERTEX_POINT('',#3215);
#3215 = CARTESIAN_POINT('',(15.,-12.5,9.6));
#3216 = SURFACE_CURVE('',#3217,(#3221,#3228),.PCURVE_S1.);
#3217 = LINE('',#3218,#3219);
#3218 = CARTESIAN_POINT('',(19.5,-12.5,9.6));
#3219 = VECTOR('',#3220,1.);
#3220 = DIRECTION('',(1.,0.,0.));
#3221 = PCURVE('',#3147,#3222);
#3222 = DEFINITIONAL_REPRESENTATION('',(#3223),#3227);
#3223 = LINE('',#3224,#3225);
#3224 = CARTESIAN_POINT('',(18.5,-11.6));
#3225 = VECTOR('',#3226,1.);
#3226 = DIRECTION('',(1.,0.));
#3227 = ( GEOMETRIC_REPRESENTATION_CONTEXT(2) 
PARAMETRIC_REPRESENTATION_CONTEXT() REPRESENTATION_CONTEXT('2D SPACE',''
  ) );
#3228 = PCURVE('',#294,#3229);
#3229 = DEFINITIONAL_REPRESENTATION('',(#3230),#3234);
#3230 = LINE('',#3231,#3232);
#3231 = CARTESIAN_POINT('',(0.,-12.5));
#3232 = VECTOR('',#3233,1.);
#3233 = DIRECTION('',(1.,0.));
#3234 = ( GEOMETRIC_REPRESENTATION_CONTEXT(2) 
PARAMETRIC_REPRESENTATION_CONTEXT() REPRESENTATION_CONTEXT('2D SPACE',''
  ) );
#3235 = ORIENTED_EDGE('',*,*,#3236,.T.);
#3236 = EDGE_CURVE('',#3214,#3104,#3237,.T.);
#3237 = SURFACE_CURVE('',#3238,(#3242,#3249),.PCURVE_S1.);
#3238 = LINE('',#3239,#3240);
#3239 = CARTESIAN_POINT('',(19.5,-12.5,9.6));
#3240 = VECTOR('',#3241,1.);
#3241 = DIRECTION('',(1.,0.,0.));
#3242 = PCURVE('',#3147,#3243);
#3243 = DEFINITIONAL_REPRESENTATION('',(#3244),#3248);
#3244 = LINE('',#3245,#3246);
#3245 = CARTESIAN_POINT('',(18.5,-11.6));
#3246 = VECTOR('',#3247,1.);
#3247 = DIRECTION('',(1.,0.));
#3248 = ( GEOMETRIC_REPRESENTATION_CONTEXT(2) 
PARAMETRIC_REPRESENTATION_CONTEXT() REPRESENTATION_CONTEXT('2D SPACE',''
  ) );
#3249 = PCURVE('',#294,#3250);
#3250 = DEFINITIONAL_REPRESENTATION('',(#3251),#3255);
#3251 = LINE('',#3252,#3253);
#3252 = CARTESIAN_POINT('',(0.,-12.5));
#3253 = VECTOR('',#3254,1.);
#3254 = DIRECTION('',(1.,0.));
#3255 = ( GEOMETRIC_REPRESENTATION_CONTEXT(2) 
PARAMETRIC_REPRESENTATION_CONTEXT() REPRESENTATION_CONTEXT('2D SPACE',''
  ) );
#3256 = ORIENTED_EDGE('',*,*,#3131,.F.);
#3257 = ORIENTED_EDGE('',*,*,#3258,.F.);
#3258 = EDGE_CURVE('',#3189,#3132,#3259,.T.);
#3259 = SURFACE_CURVE('',#3260,(#3264,#3271),.PCURVE_S1.);
#3260 = LINE('',#3261,#3262);
#3261 = CARTESIAN_POINT('',(19.5,-12.5,-2.));
#3262 = VECTOR('',#3263,1.);
#3263 = DIRECTION('',(1.,0.,0.));
#3264 = PCURVE('',#3147,#3265);
#3265 = DEFINITIONAL_REPRESENTATION('',(#3266),#3270);
#3266 = LINE('',#3267,#3268);
#3267 = CARTESIAN_POINT('',(18.5,0.));
#3268 = VECTOR('',#3269,1.);
#3269 = DIRECTION('',(1.,0.));
#3270 = ( GEOMETRIC_REPRESENTATION_CONTEXT(2) 
PARAMETRIC_REPRESENTATION_CONTEXT() REPRESENTATION_CONTEXT('2D SPACE',''
  ) );
#3271 = PCURVE('',#2542,#3272);
#3272 = DEFINITIONAL_REPRESENTATION('',(#3273),#3277);
#3273 = LINE('',#3274,#3275);
#3274 = CARTESIAN_POINT('',(8.83861292719E-16,-12.5));
#3275 = VECTOR('',#3276,1.);
#3276 = DIRECTION('',(1.,0.));
#3277 = ( GEOMETRIC_REPRESENTATION_CONTEXT(2) 
PARAMETRIC_REPRESENTATION_CONTEXT() REPRESENTATION_CONTEXT('2D SPACE',''
  ) );
#3278 = ADVANCED_FACE('',(#3279),#2941,.F.);
#3279 = FACE_BOUND('',#3280,.F.);
#3280 = EDGE_LOOP('',(#3281,#3311,#3332,#3333));
#3281 = ORIENTED_EDGE('',*,*,#3282,.F.);
#3282 = EDGE_CURVE('',#3283,#3285,#3287,.T.);
#3283 = VERTEX_POINT('',#3284);
#3284 = CARTESIAN_POINT('',(40.5,-6.2,8.86));
#3285 = VERTEX_POINT('',#3286);
#3286 = CARTESIAN_POINT('',(40.5,-4.82,8.86));
#3287 = SURFACE_CURVE('',#3288,(#3292,#3299),.PCURVE_S1.);
#3288 = LINE('',#3289,#3290);
#3289 = CARTESIAN_POINT('',(40.5,-6.2,8.86));
#3290 = VECTOR('',#3291,1.);
#3291 = DIRECTION('',(-0.,1.,0.));
#3292 = PCURVE('',#2941,#3293);
#3293 = DEFINITIONAL_REPRESENTATION('',(#3294),#3298);
#3294 = LINE('',#3295,#3296);
#3295 = CARTESIAN_POINT('',(0.,0.));
#3296 = VECTOR('',#3297,1.);
#3297 = DIRECTION('',(0.,1.));
#3298 = ( GEOMETRIC_REPRESENTATION_CONTEXT(2) 
PARAMETRIC_REPRESENTATION_CONTEXT() REPRESENTATION_CONTEXT('2D SPACE',''
  ) );
#3299 = PCURVE('',#3300,#3305);
#3300 = PLANE('',#3301);
#3301 = AXIS2_PLACEMENT_3D('',#3302,#3303,#3304);
#3302 = CARTESIAN_POINT('',(40.5,-6.2,1.86));
#3303 = DIRECTION('',(1.,0.,-0.));
#3304 = DIRECTION('',(0.,0.,1.));
#3305 = DEFINITIONAL_REPRESENTATION('',(#3306),#3310);
#3306 = LINE('',#3307,#3308);
#3307 = CARTESIAN_POINT('',(7.,0.));
#3308 = VECTOR('',#3309,1.);
#3309 = DIRECTION('',(0.,-1.));
#3310 = ( GEOMETRIC_REPRESENTATION_CONTEXT(2) 
PARAMETRIC_REPRESENTATION_CONTEXT() REPRESENTATION_CONTEXT('2D SPACE',''
  ) );
#3311 = ORIENTED_EDGE('',*,*,#3312,.T.);
#3312 = EDGE_CURVE('',#3283,#2927,#3313,.T.);
#3313 = SURFACE_CURVE('',#3314,(#3318,#3325),.PCURVE_S1.);
#3314 = LINE('',#3315,#3316);
#3315 = CARTESIAN_POINT('',(40.5,-6.2,8.86));
#3316 = VECTOR('',#3317,1.);
#3317 = DIRECTION('',(1.,0.,-0.));
#3318 = PCURVE('',#2941,#3319);
#3319 = DEFINITIONAL_REPRESENTATION('',(#3320),#3324);
#3320 = LINE('',#3321,#3322);
#3321 = CARTESIAN_POINT('',(0.,0.));
#3322 = VECTOR('',#3323,1.);
#3323 = DIRECTION('',(1.,0.));
#3324 = ( GEOMETRIC_REPRESENTATION_CONTEXT(2) 
PARAMETRIC_REPRESENTATION_CONTEXT() REPRESENTATION_CONTEXT('2D SPACE',''
  ) );
#3325 = PCURVE('',#2967,#3326);
#3326 = DEFINITIONAL_REPRESENTATION('',(#3327),#3331);
#3327 = LINE('',#3328,#3329);
#3328 = CARTESIAN_POINT('',(7.,0.));
#3329 = VECTOR('',#3330,1.);
#3330 = DIRECTION('',(0.,1.));
#3331 = ( GEOMETRIC_REPRESENTATION_CONTEXT(2) 
PARAMETRIC_REPRESENTATION_CONTEXT() REPRESENTATION_CONTEXT('2D SPACE',''
  ) );
#3332 = ORIENTED_EDGE('',*,*,#2926,.T.);
#3333 = ORIENTED_EDGE('',*,*,#3334,.F.);
#3334 = EDGE_CURVE('',#3285,#2906,#3335,.T.);
#3335 = SURFACE_CURVE('',#3336,(#3340,#3346),.PCURVE_S1.);
#3336 = LINE('',#3337,#3338);
#3337 = CARTESIAN_POINT('',(39.25,-4.82,8.86));
#3338 = VECTOR('',#3339,1.);
#3339 = DIRECTION('',(1.,0.,-0.));
#3340 = PCURVE('',#2941,#3341);
#3341 = DEFINITIONAL_REPRESENTATION('',(#3342),#3345);
#3342 = B_SPLINE_CURVE_WITH_KNOTS('',1,(#3343,#3344),.UNSPECIFIED.,.F.,
  .F.,(2,2),(1.25,1.75),.PIECEWISE_BEZIER_KNOTS.);
#3343 = CARTESIAN_POINT('',(0.,1.38));
#3344 = CARTESIAN_POINT('',(0.5,1.38));
#3345 = ( GEOMETRIC_REPRESENTATION_CONTEXT(2) 
PARAMETRIC_REPRESENTATION_CONTEXT() REPRESENTATION_CONTEXT('2D SPACE',''
  ) );
#3346 = PCURVE('',#321,#3347);
#3347 = DEFINITIONAL_REPRESENTATION('',(#3348),#3351);
#3348 = B_SPLINE_CURVE_WITH_KNOTS('',1,(#3349,#3350),.UNSPECIFIED.,.F.,
  .F.,(2,2),(1.25,1.75),.PIECEWISE_BEZIER_KNOTS.);
#3349 = CARTESIAN_POINT('',(5.95,2.5));
#3350 = CARTESIAN_POINT('',(5.95,3.));
#3351 = ( GEOMETRIC_REPRESENTATION_CONTEXT(2) 
PARAMETRIC_REPRESENTATION_CONTEXT() REPRESENTATION_CONTEXT('2D SPACE',''
  ) );
#3352 = ADVANCED_FACE('',(#3353),#3300,.T.);
#3353 = FACE_BOUND('',#3354,.T.);
#3354 = EDGE_LOOP('',(#3355,#3356,#3379,#3402,#3425,#3448,#3469,#3490));
#3355 = ORIENTED_EDGE('',*,*,#3282,.F.);
#3356 = ORIENTED_EDGE('',*,*,#3357,.F.);
#3357 = EDGE_CURVE('',#3358,#3283,#3360,.T.);
#3358 = VERTEX_POINT('',#3359);
#3359 = CARTESIAN_POINT('',(40.5,-6.2,1.86));
#3360 = SURFACE_CURVE('',#3361,(#3365,#3372),.PCURVE_S1.);
#3361 = LINE('',#3362,#3363);
#3362 = CARTESIAN_POINT('',(40.5,-6.2,1.86));
#3363 = VECTOR('',#3364,1.);
#3364 = DIRECTION('',(0.,0.,1.));
#3365 = PCURVE('',#3300,#3366);
#3366 = DEFINITIONAL_REPRESENTATION('',(#3367),#3371);
#3367 = LINE('',#3368,#3369);
#3368 = CARTESIAN_POINT('',(0.,0.));
#3369 = VECTOR('',#3370,1.);
#3370 = DIRECTION('',(1.,0.));
#3371 = ( GEOMETRIC_REPRESENTATION_CONTEXT(2) 
PARAMETRIC_REPRESENTATION_CONTEXT() REPRESENTATION_CONTEXT('2D SPACE',''
  ) );
#3372 = PCURVE('',#2967,#3373);
#3373 = DEFINITIONAL_REPRESENTATION('',(#3374),#3378);
#3374 = LINE('',#3375,#3376);
#3375 = CARTESIAN_POINT('',(0.,0.));
#3376 = VECTOR('',#3377,1.);
#3377 = DIRECTION('',(1.,0.));
#3378 = ( GEOMETRIC_REPRESENTATION_CONTEXT(2) 
PARAMETRIC_REPRESENTATION_CONTEXT() REPRESENTATION_CONTEXT('2D SPACE',''
  ) );
#3379 = ORIENTED_EDGE('',*,*,#3380,.T.);
#3380 = EDGE_CURVE('',#3358,#3381,#3383,.T.);
#3381 = VERTEX_POINT('',#3382);
#3382 = CARTESIAN_POINT('',(40.5,6.2,1.86));
#3383 = SURFACE_CURVE('',#3384,(#3388,#3395),.PCURVE_S1.);
#3384 = LINE('',#3385,#3386);
#3385 = CARTESIAN_POINT('',(40.5,-6.2,1.86));
#3386 = VECTOR('',#3387,1.);
#3387 = DIRECTION('',(-0.,1.,0.));
#3388 = PCURVE('',#3300,#3389);
#3389 = DEFINITIONAL_REPRESENTATION('',(#3390),#3394);
#3390 = LINE('',#3391,#3392);
#3391 = CARTESIAN_POINT('',(0.,0.));
#3392 = VECTOR('',#3393,1.);
#3393 = DIRECTION('',(0.,-1.));
#3394 = ( GEOMETRIC_REPRESENTATION_CONTEXT(2) 
PARAMETRIC_REPRESENTATION_CONTEXT() REPRESENTATION_CONTEXT('2D SPACE',''
  ) );
#3395 = PCURVE('',#2993,#3396);
#3396 = DEFINITIONAL_REPRESENTATION('',(#3397),#3401);
#3397 = LINE('',#3398,#3399);
#3398 = CARTESIAN_POINT('',(0.,0.));
#3399 = VECTOR('',#3400,1.);
#3400 = DIRECTION('',(0.,1.));
#3401 = ( GEOMETRIC_REPRESENTATION_CONTEXT(2) 
PARAMETRIC_REPRESENTATION_CONTEXT() REPRESENTATION_CONTEXT('2D SPACE',''
  ) );
#3402 = ORIENTED_EDGE('',*,*,#3403,.T.);
#3403 = EDGE_CURVE('',#3381,#3404,#3406,.T.);
#3404 = VERTEX_POINT('',#3405);
#3405 = CARTESIAN_POINT('',(40.5,6.2,8.86));
#3406 = SURFACE_CURVE('',#3407,(#3411,#3418),.PCURVE_S1.);
#3407 = LINE('',#3408,#3409);
#3408 = CARTESIAN_POINT('',(40.5,6.2,1.86));
#3409 = VECTOR('',#3410,1.);
#3410 = DIRECTION('',(0.,0.,1.));
#3411 = PCURVE('',#3300,#3412);
#3412 = DEFINITIONAL_REPRESENTATION('',(#3413),#3417);
#3413 = LINE('',#3414,#3415);
#3414 = CARTESIAN_POINT('',(0.,-12.4));
#3415 = VECTOR('',#3416,1.);
#3416 = DIRECTION('',(1.,0.));
#3417 = ( GEOMETRIC_REPRESENTATION_CONTEXT(2) 
PARAMETRIC_REPRESENTATION_CONTEXT() REPRESENTATION_CONTEXT('2D SPACE',''
  ) );
#3418 = PCURVE('',#3019,#3419);
#3419 = DEFINITIONAL_REPRESENTATION('',(#3420),#3424);
#3420 = LINE('',#3421,#3422);
#3421 = CARTESIAN_POINT('',(0.,0.));
#3422 = VECTOR('',#3423,1.);
#3423 = DIRECTION('',(1.,0.));
#3424 = ( GEOMETRIC_REPRESENTATION_CONTEXT(2) 
PARAMETRIC_REPRESENTATION_CONTEXT() REPRESENTATION_CONTEXT('2D SPACE',''
  ) );
#3425 = ORIENTED_EDGE('',*,*,#3426,.F.);
#3426 = EDGE_CURVE('',#3427,#3404,#3429,.T.);
#3427 = VERTEX_POINT('',#3428);
#3428 = CARTESIAN_POINT('',(40.5,4.82,8.86));
#3429 = SURFACE_CURVE('',#3430,(#3434,#3441),.PCURVE_S1.);
#3430 = LINE('',#3431,#3432);
#3431 = CARTESIAN_POINT('',(40.5,-6.2,8.86));
#3432 = VECTOR('',#3433,1.);
#3433 = DIRECTION('',(-0.,1.,0.));
#3434 = PCURVE('',#3300,#3435);
#3435 = DEFINITIONAL_REPRESENTATION('',(#3436),#3440);
#3436 = LINE('',#3437,#3438);
#3437 = CARTESIAN_POINT('',(7.,0.));
#3438 = VECTOR('',#3439,1.);
#3439 = DIRECTION('',(0.,-1.));
#3440 = ( GEOMETRIC_REPRESENTATION_CONTEXT(2) 
PARAMETRIC_REPRESENTATION_CONTEXT() REPRESENTATION_CONTEXT('2D SPACE',''
  ) );
#3441 = PCURVE('',#3045,#3442);
#3442 = DEFINITIONAL_REPRESENTATION('',(#3443),#3447);
#3443 = LINE('',#3444,#3445);
#3444 = CARTESIAN_POINT('',(0.,0.));
#3445 = VECTOR('',#3446,1.);
#3446 = DIRECTION('',(0.,1.));
#3447 = ( GEOMETRIC_REPRESENTATION_CONTEXT(2) 
PARAMETRIC_REPRESENTATION_CONTEXT() REPRESENTATION_CONTEXT('2D SPACE',''
  ) );
#3448 = ORIENTED_EDGE('',*,*,#3449,.T.);
#3449 = EDGE_CURVE('',#3427,#3450,#3452,.T.);
#3450 = VERTEX_POINT('',#3451);
#3451 = CARTESIAN_POINT('',(40.5,4.82,2.91));
#3452 = SURFACE_CURVE('',#3453,(#3457,#3463),.PCURVE_S1.);
#3453 = LINE('',#3454,#3455);
#3454 = CARTESIAN_POINT('',(40.5,4.82,2.385));
#3455 = VECTOR('',#3456,1.);
#3456 = DIRECTION('',(-0.,0.,-1.));
#3457 = PCURVE('',#3300,#3458);
#3458 = DEFINITIONAL_REPRESENTATION('',(#3459),#3462);
#3459 = B_SPLINE_CURVE_WITH_KNOTS('',1,(#3460,#3461),.UNSPECIFIED.,.F.,
  .F.,(2,2),(-6.475,-0.525),.PIECEWISE_BEZIER_KNOTS.);
#3460 = CARTESIAN_POINT('',(7.,-11.02));
#3461 = CARTESIAN_POINT('',(1.05,-11.02));
#3462 = ( GEOMETRIC_REPRESENTATION_CONTEXT(2) 
PARAMETRIC_REPRESENTATION_CONTEXT() REPRESENTATION_CONTEXT('2D SPACE',''
  ) );
#3463 = PCURVE('',#373,#3464);
#3464 = DEFINITIONAL_REPRESENTATION('',(#3465),#3468);
#3465 = B_SPLINE_CURVE_WITH_KNOTS('',1,(#3466,#3467),.UNSPECIFIED.,.F.,
  .F.,(2,2),(-6.475,-0.525),.PIECEWISE_BEZIER_KNOTS.);
#3466 = CARTESIAN_POINT('',(5.95,2.5));
#3467 = CARTESIAN_POINT('',(0.,2.5));
#3468 = ( GEOMETRIC_REPRESENTATION_CONTEXT(2) 
PARAMETRIC_REPRESENTATION_CONTEXT() REPRESENTATION_CONTEXT('2D SPACE',''
  ) );
#3469 = ORIENTED_EDGE('',*,*,#3470,.F.);
#3470 = EDGE_CURVE('',#3471,#3450,#3473,.T.);
#3471 = VERTEX_POINT('',#3472);
#3472 = CARTESIAN_POINT('',(40.5,-4.82,2.91));
#3473 = SURFACE_CURVE('',#3474,(#3478,#3484),.PCURVE_S1.);
#3474 = LINE('',#3475,#3476);
#3475 = CARTESIAN_POINT('',(40.5,-5.51,2.91));
#3476 = VECTOR('',#3477,1.);
#3477 = DIRECTION('',(-0.,1.,0.));
#3478 = PCURVE('',#3300,#3479);
#3479 = DEFINITIONAL_REPRESENTATION('',(#3480),#3483);
#3480 = B_SPLINE_CURVE_WITH_KNOTS('',1,(#3481,#3482),.UNSPECIFIED.,.F.,
  .F.,(2,2),(0.69,10.33),.PIECEWISE_BEZIER_KNOTS.);
#3481 = CARTESIAN_POINT('',(1.05,-1.38));
#3482 = CARTESIAN_POINT('',(1.05,-11.02));
#3483 = ( GEOMETRIC_REPRESENTATION_CONTEXT(2) 
PARAMETRIC_REPRESENTATION_CONTEXT() REPRESENTATION_CONTEXT('2D SPACE',''
  ) );
#3484 = PCURVE('',#347,#3485);
#3485 = DEFINITIONAL_REPRESENTATION('',(#3486),#3489);
#3486 = B_SPLINE_CURVE_WITH_KNOTS('',1,(#3487,#3488),.UNSPECIFIED.,.F.,
  .F.,(2,2),(0.69,10.33),.PIECEWISE_BEZIER_KNOTS.);
#3487 = CARTESIAN_POINT('',(2.5,0.));
#3488 = CARTESIAN_POINT('',(2.5,9.64));
#3489 = ( GEOMETRIC_REPRESENTATION_CONTEXT(2) 
PARAMETRIC_REPRESENTATION_CONTEXT() REPRESENTATION_CONTEXT('2D SPACE',''
  ) );
#3490 = ORIENTED_EDGE('',*,*,#3491,.F.);
#3491 = EDGE_CURVE('',#3285,#3471,#3492,.T.);
#3492 = SURFACE_CURVE('',#3493,(#3497,#3503),.PCURVE_S1.);
#3493 = LINE('',#3494,#3495);
#3494 = CARTESIAN_POINT('',(40.5,-4.82,2.385));
#3495 = VECTOR('',#3496,1.);
#3496 = DIRECTION('',(-0.,0.,-1.));
#3497 = PCURVE('',#3300,#3498);
#3498 = DEFINITIONAL_REPRESENTATION('',(#3499),#3502);
#3499 = B_SPLINE_CURVE_WITH_KNOTS('',1,(#3500,#3501),.UNSPECIFIED.,.F.,
  .F.,(2,2),(-6.475,-0.525),.PIECEWISE_BEZIER_KNOTS.);
#3500 = CARTESIAN_POINT('',(7.,-1.38));
#3501 = CARTESIAN_POINT('',(1.05,-1.38));
#3502 = ( GEOMETRIC_REPRESENTATION_CONTEXT(2) 
PARAMETRIC_REPRESENTATION_CONTEXT() REPRESENTATION_CONTEXT('2D SPACE',''
  ) );
#3503 = PCURVE('',#321,#3504);
#3504 = DEFINITIONAL_REPRESENTATION('',(#3505),#3508);
#3505 = B_SPLINE_CURVE_WITH_KNOTS('',1,(#3506,#3507),.UNSPECIFIED.,.F.,
  .F.,(2,2),(-6.475,-0.525),.PIECEWISE_BEZIER_KNOTS.);
#3506 = CARTESIAN_POINT('',(5.95,2.5));
#3507 = CARTESIAN_POINT('',(0.,2.5));
#3508 = ( GEOMETRIC_REPRESENTATION_CONTEXT(2) 
PARAMETRIC_REPRESENTATION_CONTEXT() REPRESENTATION_CONTEXT('2D SPACE',''
  ) );
#3509 = ADVANCED_FACE('',(#3510),#2967,.T.);
#3510 = FACE_BOUND('',#3511,.T.);
#3511 = EDGE_LOOP('',(#3512,#3533,#3534,#3535));
#3512 = ORIENTED_EDGE('',*,*,#3513,.F.);
#3513 = EDGE_CURVE('',#3358,#2953,#3514,.T.);
#3514 = SURFACE_CURVE('',#3515,(#3519,#3526),.PCURVE_S1.);
#3515 = LINE('',#3516,#3517);
#3516 = CARTESIAN_POINT('',(40.5,-6.2,1.86));
#3517 = VECTOR('',#3518,1.);
#3518 = DIRECTION('',(1.,0.,-0.));
#3519 = PCURVE('',#2967,#3520);
#3520 = DEFINITIONAL_REPRESENTATION('',(#3521),#3525);
#3521 = LINE('',#3522,#3523);
#3522 = CARTESIAN_POINT('',(0.,0.));
#3523 = VECTOR('',#3524,1.);
#3524 = DIRECTION('',(0.,1.));
#3525 = ( GEOMETRIC_REPRESENTATION_CONTEXT(2) 
PARAMETRIC_REPRESENTATION_CONTEXT() REPRESENTATION_CONTEXT('2D SPACE',''
  ) );
#3526 = PCURVE('',#2993,#3527);
#3527 = DEFINITIONAL_REPRESENTATION('',(#3528),#3532);
#3528 = LINE('',#3529,#3530);
#3529 = CARTESIAN_POINT('',(0.,0.));
#3530 = VECTOR('',#3531,1.);
#3531 = DIRECTION('',(1.,0.));
#3532 = ( GEOMETRIC_REPRESENTATION_CONTEXT(2) 
PARAMETRIC_REPRESENTATION_CONTEXT() REPRESENTATION_CONTEXT('2D SPACE',''
  ) );
#3533 = ORIENTED_EDGE('',*,*,#3357,.T.);
#3534 = ORIENTED_EDGE('',*,*,#3312,.T.);
#3535 = ORIENTED_EDGE('',*,*,#2952,.T.);
#3536 = ADVANCED_FACE('',(#3537),#2993,.T.);
#3537 = FACE_BOUND('',#3538,.T.);
#3538 = EDGE_LOOP('',(#3539,#3560,#3561,#3562));
#3539 = ORIENTED_EDGE('',*,*,#3540,.F.);
#3540 = EDGE_CURVE('',#3381,#2979,#3541,.T.);
#3541 = SURFACE_CURVE('',#3542,(#3546,#3553),.PCURVE_S1.);
#3542 = LINE('',#3543,#3544);
#3543 = CARTESIAN_POINT('',(40.5,6.2,1.86));
#3544 = VECTOR('',#3545,1.);
#3545 = DIRECTION('',(1.,0.,-0.));
#3546 = PCURVE('',#2993,#3547);
#3547 = DEFINITIONAL_REPRESENTATION('',(#3548),#3552);
#3548 = LINE('',#3549,#3550);
#3549 = CARTESIAN_POINT('',(0.,12.4));
#3550 = VECTOR('',#3551,1.);
#3551 = DIRECTION('',(1.,0.));
#3552 = ( GEOMETRIC_REPRESENTATION_CONTEXT(2) 
PARAMETRIC_REPRESENTATION_CONTEXT() REPRESENTATION_CONTEXT('2D SPACE',''
  ) );
#3553 = PCURVE('',#3019,#3554);
#3554 = DEFINITIONAL_REPRESENTATION('',(#3555),#3559);
#3555 = LINE('',#3556,#3557);
#3556 = CARTESIAN_POINT('',(0.,0.));
#3557 = VECTOR('',#3558,1.);
#3558 = DIRECTION('',(0.,1.));
#3559 = ( GEOMETRIC_REPRESENTATION_CONTEXT(2) 
PARAMETRIC_REPRESENTATION_CONTEXT() REPRESENTATION_CONTEXT('2D SPACE',''
  ) );
#3560 = ORIENTED_EDGE('',*,*,#3380,.F.);
#3561 = ORIENTED_EDGE('',*,*,#3513,.T.);
#3562 = ORIENTED_EDGE('',*,*,#2978,.T.);
#3563 = ADVANCED_FACE('',(#3564),#3019,.F.);
#3564 = FACE_BOUND('',#3565,.F.);
#3565 = EDGE_LOOP('',(#3566,#3567,#3568,#3589));
#3566 = ORIENTED_EDGE('',*,*,#3540,.F.);
#3567 = ORIENTED_EDGE('',*,*,#3403,.T.);
#3568 = ORIENTED_EDGE('',*,*,#3569,.T.);
#3569 = EDGE_CURVE('',#3404,#3005,#3570,.T.);
#3570 = SURFACE_CURVE('',#3571,(#3575,#3582),.PCURVE_S1.);
#3571 = LINE('',#3572,#3573);
#3572 = CARTESIAN_POINT('',(40.5,6.2,8.86));
#3573 = VECTOR('',#3574,1.);
#3574 = DIRECTION('',(1.,0.,-0.));
#3575 = PCURVE('',#3019,#3576);
#3576 = DEFINITIONAL_REPRESENTATION('',(#3577),#3581);
#3577 = LINE('',#3578,#3579);
#3578 = CARTESIAN_POINT('',(7.,0.));
#3579 = VECTOR('',#3580,1.);
#3580 = DIRECTION('',(0.,1.));
#3581 = ( GEOMETRIC_REPRESENTATION_CONTEXT(2) 
PARAMETRIC_REPRESENTATION_CONTEXT() REPRESENTATION_CONTEXT('2D SPACE',''
  ) );
#3582 = PCURVE('',#3045,#3583);
#3583 = DEFINITIONAL_REPRESENTATION('',(#3584),#3588);
#3584 = LINE('',#3585,#3586);
#3585 = CARTESIAN_POINT('',(0.,12.4));
#3586 = VECTOR('',#3587,1.);
#3587 = DIRECTION('',(1.,0.));
#3588 = ( GEOMETRIC_REPRESENTATION_CONTEXT(2) 
PARAMETRIC_REPRESENTATION_CONTEXT() REPRESENTATION_CONTEXT('2D SPACE',''
  ) );
#3589 = ORIENTED_EDGE('',*,*,#3004,.T.);
#3590 = ADVANCED_FACE('',(#3591),#3045,.F.);
#3591 = FACE_BOUND('',#3592,.F.);
#3592 = EDGE_LOOP('',(#3593,#3594,#3613,#3614));
#3593 = ORIENTED_EDGE('',*,*,#3426,.F.);
#3594 = ORIENTED_EDGE('',*,*,#3595,.T.);
#3595 = EDGE_CURVE('',#3427,#3031,#3596,.T.);
#3596 = SURFACE_CURVE('',#3597,(#3601,#3607),.PCURVE_S1.);
#3597 = LINE('',#3598,#3599);
#3598 = CARTESIAN_POINT('',(39.25,4.82,8.86));
#3599 = VECTOR('',#3600,1.);
#3600 = DIRECTION('',(1.,0.,-0.));
#3601 = PCURVE('',#3045,#3602);
#3602 = DEFINITIONAL_REPRESENTATION('',(#3603),#3606);
#3603 = B_SPLINE_CURVE_WITH_KNOTS('',1,(#3604,#3605),.UNSPECIFIED.,.F.,
  .F.,(2,2),(1.25,1.75),.PIECEWISE_BEZIER_KNOTS.);
#3604 = CARTESIAN_POINT('',(0.,11.02));
#3605 = CARTESIAN_POINT('',(0.5,11.02));
#3606 = ( GEOMETRIC_REPRESENTATION_CONTEXT(2) 
PARAMETRIC_REPRESENTATION_CONTEXT() REPRESENTATION_CONTEXT('2D SPACE',''
  ) );
#3607 = PCURVE('',#373,#3608);
#3608 = DEFINITIONAL_REPRESENTATION('',(#3609),#3612);
#3609 = B_SPLINE_CURVE_WITH_KNOTS('',1,(#3610,#3611),.UNSPECIFIED.,.F.,
  .F.,(2,2),(1.25,1.75),.PIECEWISE_BEZIER_KNOTS.);
#3610 = CARTESIAN_POINT('',(5.95,2.5));
#3611 = CARTESIAN_POINT('',(5.95,3.));
#3612 = ( GEOMETRIC_REPRESENTATION_CONTEXT(2) 
PARAMETRIC_REPRESENTATION_CONTEXT() REPRESENTATION_CONTEXT('2D SPACE',''
  ) );
#3613 = ORIENTED_EDGE('',*,*,#3030,.T.);
#3614 = ORIENTED_EDGE('',*,*,#3569,.F.);
#3615 = ADVANCED_FACE('',(#3616),#2542,.F.);
#3616 = FACE_BOUND('',#3617,.F.);
#3617 = EDGE_LOOP('',(#3618,#3619,#3645,#3646,#3647,#3648,#3649,#3650));
#3618 = ORIENTED_EDGE('',*,*,#2528,.F.);
#3619 = ORIENTED_EDGE('',*,*,#3620,.F.);
#3620 = EDGE_CURVE('',#3189,#2448,#3621,.T.);
#3621 = SURFACE_CURVE('',#3622,(#3627,#3638),.PCURVE_S1.);
#3622 = CIRCLE('',#3623,3.);
#3623 = AXIS2_PLACEMENT_3D('',#3624,#3625,#3626);
#3624 = CARTESIAN_POINT('',(1.,-9.5,-2.));
#3625 = DIRECTION('',(0.,0.,-1.));
#3626 = DIRECTION('',(-1.,0.,0.));
#3627 = PCURVE('',#2542,#3628);
#3628 = DEFINITIONAL_REPRESENTATION('',(#3629),#3637);
#3629 = ( BOUNDED_CURVE() B_SPLINE_CURVE(2,(#3630,#3631,#3632,#3633,
#3634,#3635,#3636),.UNSPECIFIED.,.T.,.F.) B_SPLINE_CURVE_WITH_KNOTS((1,2
    ,2,2,2,1),(-2.094395102393,0.,2.094395102393,4.188790204786,
6.28318530718,8.377580409573),.UNSPECIFIED.) CURVE() 
GEOMETRIC_REPRESENTATION_ITEM() RATIONAL_B_SPLINE_CURVE((1.,0.5,1.,0.5,
1.,0.5,1.)) REPRESENTATION_ITEM('') );
#3630 = CARTESIAN_POINT('',(-21.5,-9.5));
#3631 = CARTESIAN_POINT('',(-21.5,-4.303847577293));
#3632 = CARTESIAN_POINT('',(-17.,-6.901923788647));
#3633 = CARTESIAN_POINT('',(-12.5,-9.5));
#3634 = CARTESIAN_POINT('',(-17.,-12.09807621135));
#3635 = CARTESIAN_POINT('',(-21.5,-14.6961524227));
#3636 = CARTESIAN_POINT('',(-21.5,-9.5));
#3637 = ( GEOMETRIC_REPRESENTATION_CONTEXT(2) 
PARAMETRIC_REPRESENTATION_CONTEXT() REPRESENTATION_CONTEXT('2D SPACE',''
  ) );
#3638 = PCURVE('',#2465,#3639);
#3639 = DEFINITIONAL_REPRESENTATION('',(#3640),#3644);
#3640 = LINE('',#3641,#3642);
#3641 = CARTESIAN_POINT('',(0.,0.));
#3642 = VECTOR('',#3643,1.);
#3643 = DIRECTION('',(1.,0.));
#3644 = ( GEOMETRIC_REPRESENTATION_CONTEXT(2) 
PARAMETRIC_REPRESENTATION_CONTEXT() REPRESENTATION_CONTEXT('2D SPACE',''
  ) );
#3645 = ORIENTED_EDGE('',*,*,#3258,.T.);
#3646 = ORIENTED_EDGE('',*,*,#3159,.F.);
#3647 = ORIENTED_EDGE('',*,*,#2831,.T.);
#3648 = ORIENTED_EDGE('',*,*,#2802,.F.);
#3649 = ORIENTED_EDGE('',*,*,#2721,.F.);
#3650 = ORIENTED_EDGE('',*,*,#2617,.F.);
#3651 = ADVANCED_FACE('',(#3652),#2465,.T.);
#3652 = FACE_BOUND('',#3653,.T.);
#3653 = EDGE_LOOP('',(#3654,#3655,#3681,#3682));
#3654 = ORIENTED_EDGE('',*,*,#3188,.T.);
#3655 = ORIENTED_EDGE('',*,*,#3656,.T.);
#3656 = EDGE_CURVE('',#3191,#2450,#3657,.T.);
#3657 = SURFACE_CURVE('',#3658,(#3663,#3670),.PCURVE_S1.);
#3658 = CIRCLE('',#3659,3.);
#3659 = AXIS2_PLACEMENT_3D('',#3660,#3661,#3662);
#3660 = CARTESIAN_POINT('',(1.,-9.5,9.6));
#3661 = DIRECTION('',(0.,0.,-1.));
#3662 = DIRECTION('',(-1.,0.,0.));
#3663 = PCURVE('',#2465,#3664);
#3664 = DEFINITIONAL_REPRESENTATION('',(#3665),#3669);
#3665 = LINE('',#3666,#3667);
#3666 = CARTESIAN_POINT('',(0.,-11.6));
#3667 = VECTOR('',#3668,1.);
#3668 = DIRECTION('',(1.,0.));
#3669 = ( GEOMETRIC_REPRESENTATION_CONTEXT(2) 
PARAMETRIC_REPRESENTATION_CONTEXT() REPRESENTATION_CONTEXT('2D SPACE',''
  ) );
#3670 = PCURVE('',#294,#3671);
#3671 = DEFINITIONAL_REPRESENTATION('',(#3672),#3680);
#3672 = ( BOUNDED_CURVE() B_SPLINE_CURVE(2,(#3673,#3674,#3675,#3676,
#3677,#3678,#3679),.UNSPECIFIED.,.T.,.F.) B_SPLINE_CURVE_WITH_KNOTS((1,2
    ,2,2,2,1),(-2.094395102393,0.,2.094395102393,4.188790204786,
6.28318530718,8.377580409573),.UNSPECIFIED.) CURVE() 
GEOMETRIC_REPRESENTATION_ITEM() RATIONAL_B_SPLINE_CURVE((1.,0.5,1.,0.5,
1.,0.5,1.)) REPRESENTATION_ITEM('') );
#3673 = CARTESIAN_POINT('',(-21.5,-9.5));
#3674 = CARTESIAN_POINT('',(-21.5,-4.303847577293));
#3675 = CARTESIAN_POINT('',(-17.,-6.901923788647));
#3676 = CARTESIAN_POINT('',(-12.5,-9.5));
#3677 = CARTESIAN_POINT('',(-17.,-12.09807621135));
#3678 = CARTESIAN_POINT('',(-21.5,-14.6961524227));
#3679 = CARTESIAN_POINT('',(-21.5,-9.5));
#3680 = ( GEOMETRIC_REPRESENTATION_CONTEXT(2) 
PARAMETRIC_REPRESENTATION_CONTEXT() REPRESENTATION_CONTEXT('2D SPACE',''
  ) );
#3681 = ORIENTED_EDGE('',*,*,#2447,.F.);
#3682 = ORIENTED_EDGE('',*,*,#3620,.F.);
#3683 = ADVANCED_FACE('',(#3684),#321,.T.);
#3684 = FACE_BOUND('',#3685,.T.);
#3685 = EDGE_LOOP('',(#3686,#3707,#3708,#3727,#3728,#3729));
#3686 = ORIENTED_EDGE('',*,*,#3687,.F.);
#3687 = EDGE_CURVE('',#307,#3471,#3688,.T.);
#3688 = SURFACE_CURVE('',#3689,(#3693,#3700),.PCURVE_S1.);
#3689 = LINE('',#3690,#3691);
#3690 = CARTESIAN_POINT('',(38.,-4.82,2.91));
#3691 = VECTOR('',#3692,1.);
#3692 = DIRECTION('',(1.,0.,-0.));
#3693 = PCURVE('',#321,#3694);
#3694 = DEFINITIONAL_REPRESENTATION('',(#3695),#3699);
#3695 = LINE('',#3696,#3697);
#3696 = CARTESIAN_POINT('',(0.,0.));
#3697 = VECTOR('',#3698,1.);
#3698 = DIRECTION('',(0.,1.));
#3699 = ( GEOMETRIC_REPRESENTATION_CONTEXT(2) 
PARAMETRIC_REPRESENTATION_CONTEXT() REPRESENTATION_CONTEXT('2D SPACE',''
  ) );
#3700 = PCURVE('',#347,#3701);
#3701 = DEFINITIONAL_REPRESENTATION('',(#3702),#3706);
#3702 = LINE('',#3703,#3704);
#3703 = CARTESIAN_POINT('',(0.,0.));
#3704 = VECTOR('',#3705,1.);
#3705 = DIRECTION('',(1.,0.));
#3706 = ( GEOMETRIC_REPRESENTATION_CONTEXT(2) 
PARAMETRIC_REPRESENTATION_CONTEXT() REPRESENTATION_CONTEXT('2D SPACE',''
  ) );
#3707 = ORIENTED_EDGE('',*,*,#306,.F.);
#3708 = ORIENTED_EDGE('',*,*,#3709,.F.);
#3709 = EDGE_CURVE('',#2883,#279,#3710,.T.);
#3710 = SURFACE_CURVE('',#3711,(#3715,#3721),.PCURVE_S1.);
#3711 = LINE('',#3712,#3713);
#3712 = CARTESIAN_POINT('',(28.75,-4.82,9.6));
#3713 = VECTOR('',#3714,1.);
#3714 = DIRECTION('',(-1.,-0.,0.));
#3715 = PCURVE('',#321,#3716);
#3716 = DEFINITIONAL_REPRESENTATION('',(#3717),#3720);
#3717 = B_SPLINE_CURVE_WITH_KNOTS('',1,(#3718,#3719),.UNSPECIFIED.,.F.,
  .F.,(2,2),(-12.25,-9.25),.PIECEWISE_BEZIER_KNOTS.);
#3718 = CARTESIAN_POINT('',(6.69,3.));
#3719 = CARTESIAN_POINT('',(6.69,0.));
#3720 = ( GEOMETRIC_REPRESENTATION_CONTEXT(2) 
PARAMETRIC_REPRESENTATION_CONTEXT() REPRESENTATION_CONTEXT('2D SPACE',''
  ) );
#3721 = PCURVE('',#294,#3722);
#3722 = DEFINITIONAL_REPRESENTATION('',(#3723),#3726);
#3723 = B_SPLINE_CURVE_WITH_KNOTS('',1,(#3724,#3725),.UNSPECIFIED.,.F.,
  .F.,(2,2),(-12.25,-9.25),.PIECEWISE_BEZIER_KNOTS.);
#3724 = CARTESIAN_POINT('',(21.5,-4.82));
#3725 = CARTESIAN_POINT('',(18.5,-4.82));
#3726 = ( GEOMETRIC_REPRESENTATION_CONTEXT(2) 
PARAMETRIC_REPRESENTATION_CONTEXT() REPRESENTATION_CONTEXT('2D SPACE',''
  ) );
#3727 = ORIENTED_EDGE('',*,*,#2905,.T.);
#3728 = ORIENTED_EDGE('',*,*,#3334,.F.);
#3729 = ORIENTED_EDGE('',*,*,#3491,.T.);
#3730 = ADVANCED_FACE('',(#3731),#347,.T.);
#3731 = FACE_BOUND('',#3732,.T.);
#3732 = EDGE_LOOP('',(#3733,#3754,#3755,#3756));
#3733 = ORIENTED_EDGE('',*,*,#3734,.F.);
#3734 = EDGE_CURVE('',#333,#3450,#3735,.T.);
#3735 = SURFACE_CURVE('',#3736,(#3740,#3747),.PCURVE_S1.);
#3736 = LINE('',#3737,#3738);
#3737 = CARTESIAN_POINT('',(38.,4.82,2.91));
#3738 = VECTOR('',#3739,1.);
#3739 = DIRECTION('',(1.,0.,-0.));
#3740 = PCURVE('',#347,#3741);
#3741 = DEFINITIONAL_REPRESENTATION('',(#3742),#3746);
#3742 = LINE('',#3743,#3744);
#3743 = CARTESIAN_POINT('',(0.,9.64));
#3744 = VECTOR('',#3745,1.);
#3745 = DIRECTION('',(1.,0.));
#3746 = ( GEOMETRIC_REPRESENTATION_CONTEXT(2) 
PARAMETRIC_REPRESENTATION_CONTEXT() REPRESENTATION_CONTEXT('2D SPACE',''
  ) );
#3747 = PCURVE('',#373,#3748);
#3748 = DEFINITIONAL_REPRESENTATION('',(#3749),#3753);
#3749 = LINE('',#3750,#3751);
#3750 = CARTESIAN_POINT('',(0.,0.));
#3751 = VECTOR('',#3752,1.);
#3752 = DIRECTION('',(0.,1.));
#3753 = ( GEOMETRIC_REPRESENTATION_CONTEXT(2) 
PARAMETRIC_REPRESENTATION_CONTEXT() REPRESENTATION_CONTEXT('2D SPACE',''
  ) );
#3754 = ORIENTED_EDGE('',*,*,#332,.F.);
#3755 = ORIENTED_EDGE('',*,*,#3687,.T.);
#3756 = ORIENTED_EDGE('',*,*,#3470,.T.);
#3757 = ADVANCED_FACE('',(#3758),#373,.F.);
#3758 = FACE_BOUND('',#3759,.F.);
#3759 = EDGE_LOOP('',(#3760,#3761,#3762,#3781,#3782,#3783));
#3760 = ORIENTED_EDGE('',*,*,#3734,.F.);
#3761 = ORIENTED_EDGE('',*,*,#358,.F.);
#3762 = ORIENTED_EDGE('',*,*,#3763,.F.);
#3763 = EDGE_CURVE('',#3057,#359,#3764,.T.);
#3764 = SURFACE_CURVE('',#3765,(#3769,#3775),.PCURVE_S1.);
#3765 = LINE('',#3766,#3767);
#3766 = CARTESIAN_POINT('',(28.75,4.82,9.6));
#3767 = VECTOR('',#3768,1.);
#3768 = DIRECTION('',(-1.,-0.,0.));
#3769 = PCURVE('',#373,#3770);
#3770 = DEFINITIONAL_REPRESENTATION('',(#3771),#3774);
#3771 = B_SPLINE_CURVE_WITH_KNOTS('',1,(#3772,#3773),.UNSPECIFIED.,.F.,
  .F.,(2,2),(-12.25,-9.25),.PIECEWISE_BEZIER_KNOTS.);
#3772 = CARTESIAN_POINT('',(6.69,3.));
#3773 = CARTESIAN_POINT('',(6.69,0.));
#3774 = ( GEOMETRIC_REPRESENTATION_CONTEXT(2) 
PARAMETRIC_REPRESENTATION_CONTEXT() REPRESENTATION_CONTEXT('2D SPACE',''
  ) );
#3775 = PCURVE('',#294,#3776);
#3776 = DEFINITIONAL_REPRESENTATION('',(#3777),#3780);
#3777 = B_SPLINE_CURVE_WITH_KNOTS('',1,(#3778,#3779),.UNSPECIFIED.,.F.,
  .F.,(2,2),(-12.25,-9.25),.PIECEWISE_BEZIER_KNOTS.);
#3778 = CARTESIAN_POINT('',(21.5,4.82));
#3779 = CARTESIAN_POINT('',(18.5,4.82));
#3780 = ( GEOMETRIC_REPRESENTATION_CONTEXT(2) 
PARAMETRIC_REPRESENTATION_CONTEXT() REPRESENTATION_CONTEXT('2D SPACE',''
  ) );
#3781 = ORIENTED_EDGE('',*,*,#3056,.T.);
#3782 = ORIENTED_EDGE('',*,*,#3595,.F.);
#3783 = ORIENTED_EDGE('',*,*,#3449,.T.);
#3784 = ADVANCED_FACE('',(#3785,#3842,#3873),#294,.T.);
#3785 = FACE_BOUND('',#3786,.T.);
#3786 = EDGE_LOOP('',(#3787,#3788,#3789,#3790,#3791,#3792,#3793,#3794,
    #3795,#3796,#3797,#3798,#3799,#3800,#3801,#3802,#3803,#3804,#3805,
    #3806,#3807,#3808,#3809,#3810,#3811,#3812,#3813,#3835,#3836,#3837,
    #3838,#3839,#3840,#3841));
#3787 = ORIENTED_EDGE('',*,*,#2477,.F.);
#3788 = ORIENTED_EDGE('',*,*,#3656,.F.);
#3789 = ORIENTED_EDGE('',*,*,#3213,.T.);
#3790 = ORIENTED_EDGE('',*,*,#3236,.T.);
#3791 = ORIENTED_EDGE('',*,*,#3103,.F.);
#3792 = ORIENTED_EDGE('',*,*,#2882,.T.);
#3793 = ORIENTED_EDGE('',*,*,#3709,.T.);
#3794 = ORIENTED_EDGE('',*,*,#278,.F.);
#3795 = ORIENTED_EDGE('',*,*,#1133,.F.);
#3796 = ORIENTED_EDGE('',*,*,#1211,.F.);
#3797 = ORIENTED_EDGE('',*,*,#1236,.T.);
#3798 = ORIENTED_EDGE('',*,*,#1312,.T.);
#3799 = ORIENTED_EDGE('',*,*,#1390,.F.);
#3800 = ORIENTED_EDGE('',*,*,#1515,.F.);
#3801 = ORIENTED_EDGE('',*,*,#1570,.F.);
#3802 = ORIENTED_EDGE('',*,*,#1642,.T.);
#3803 = ORIENTED_EDGE('',*,*,#1785,.F.);
#3804 = ORIENTED_EDGE('',*,*,#2334,.T.);
#3805 = ORIENTED_EDGE('',*,*,#1733,.T.);
#3806 = ORIENTED_EDGE('',*,*,#1831,.T.);
#3807 = ORIENTED_EDGE('',*,*,#1913,.F.);
#3808 = ORIENTED_EDGE('',*,*,#1985,.T.);
#3809 = ORIENTED_EDGE('',*,*,#2035,.F.);
#3810 = ORIENTED_EDGE('',*,*,#2111,.T.);
#3811 = ORIENTED_EDGE('',*,*,#2239,.T.);
#3812 = ORIENTED_EDGE('',*,*,#2287,.T.);
#3813 = ORIENTED_EDGE('',*,*,#3814,.F.);
#3814 = EDGE_CURVE('',#385,#2288,#3815,.T.);
#3815 = SURFACE_CURVE('',#3816,(#3821,#3828),.PCURVE_S1.);
#3816 = CIRCLE('',#3817,1.);
#3817 = AXIS2_PLACEMENT_3D('',#3818,#3819,#3820);
#3818 = CARTESIAN_POINT('',(38.,9.5,9.6));
#3819 = DIRECTION('',(0.,0.,1.));
#3820 = DIRECTION('',(1.,0.,0.));
#3821 = PCURVE('',#294,#3822);
#3822 = DEFINITIONAL_REPRESENTATION('',(#3823),#3827);
#3823 = CIRCLE('',#3824,1.);
#3824 = AXIS2_PLACEMENT_2D('',#3825,#3826);
#3825 = CARTESIAN_POINT('',(18.5,9.5));
#3826 = DIRECTION('',(1.,0.));
#3827 = ( GEOMETRIC_REPRESENTATION_CONTEXT(2) 
PARAMETRIC_REPRESENTATION_CONTEXT() REPRESENTATION_CONTEXT('2D SPACE',''
  ) );
#3828 = PCURVE('',#423,#3829);
#3829 = DEFINITIONAL_REPRESENTATION('',(#3830),#3834);
#3830 = LINE('',#3831,#3832);
#3831 = CARTESIAN_POINT('',(-0.,-9.6));
#3832 = VECTOR('',#3833,1.);
#3833 = DIRECTION('',(-1.,0.));
#3834 = ( GEOMETRIC_REPRESENTATION_CONTEXT(2) 
PARAMETRIC_REPRESENTATION_CONTEXT() REPRESENTATION_CONTEXT('2D SPACE',''
  ) );
#3835 = ORIENTED_EDGE('',*,*,#384,.F.);
#3836 = ORIENTED_EDGE('',*,*,#3763,.F.);
#3837 = ORIENTED_EDGE('',*,*,#3077,.T.);
#3838 = ORIENTED_EDGE('',*,*,#2746,.F.);
#3839 = ORIENTED_EDGE('',*,*,#2670,.F.);
#3840 = ORIENTED_EDGE('',*,*,#2647,.F.);
#3841 = ORIENTED_EDGE('',*,*,#2561,.F.);
#3842 = FACE_BOUND('',#3843,.T.);
#3843 = EDGE_LOOP('',(#3844));
#3844 = ORIENTED_EDGE('',*,*,#3845,.F.);
#3845 = EDGE_CURVE('',#3846,#3846,#3848,.T.);
#3846 = VERTEX_POINT('',#3847);
#3847 = CARTESIAN_POINT('',(15.85,-9.9,9.6));
#3848 = SURFACE_CURVE('',#3849,(#3854,#3861),.PCURVE_S1.);
#3849 = CIRCLE('',#3850,0.85);
#3850 = AXIS2_PLACEMENT_3D('',#3851,#3852,#3853);
#3851 = CARTESIAN_POINT('',(15.,-9.9,9.6));
#3852 = DIRECTION('',(0.,0.,1.));
#3853 = DIRECTION('',(1.,0.,-0.));
#3854 = PCURVE('',#294,#3855);
#3855 = DEFINITIONAL_REPRESENTATION('',(#3856),#3860);
#3856 = CIRCLE('',#3857,0.85);
#3857 = AXIS2_PLACEMENT_2D('',#3858,#3859);
#3858 = CARTESIAN_POINT('',(-4.5,-9.9));
#3859 = DIRECTION('',(1.,0.));
#3860 = ( GEOMETRIC_REPRESENTATION_CONTEXT(2) 
PARAMETRIC_REPRESENTATION_CONTEXT() REPRESENTATION_CONTEXT('2D SPACE',''
  ) );
#3861 = PCURVE('',#3862,#3867);
#3862 = CYLINDRICAL_SURFACE('',#3863,0.85);
#3863 = AXIS2_PLACEMENT_3D('',#3864,#3865,#3866);
#3864 = CARTESIAN_POINT('',(15.,-9.9,1.));
#3865 = DIRECTION('',(0.,0.,1.));
#3866 = DIRECTION('',(1.,0.,-0.));
#3867 = DEFINITIONAL_REPRESENTATION('',(#3868),#3872);
#3868 = LINE('',#3869,#3870);
#3869 = CARTESIAN_POINT('',(0.,8.6));
#3870 = VECTOR('',#3871,1.);
#3871 = DIRECTION('',(1.,0.));
#3872 = ( GEOMETRIC_REPRESENTATION_CONTEXT(2) 
PARAMETRIC_REPRESENTATION_CONTEXT() REPRESENTATION_CONTEXT('2D SPACE',''
  ) );
#3873 = FACE_BOUND('',#3874,.T.);
#3874 = EDGE_LOOP('',(#3875));
#3875 = ORIENTED_EDGE('',*,*,#3876,.F.);
#3876 = EDGE_CURVE('',#3877,#3877,#3879,.T.);
#3877 = VERTEX_POINT('',#3878);
#3878 = CARTESIAN_POINT('',(15.85,9.9,9.6));
#3879 = SURFACE_CURVE('',#3880,(#3885,#3892),.PCURVE_S1.);
#3880 = CIRCLE('',#3881,0.85);
#3881 = AXIS2_PLACEMENT_3D('',#3882,#3883,#3884);
#3882 = CARTESIAN_POINT('',(15.,9.9,9.6));
#3883 = DIRECTION('',(0.,0.,1.));
#3884 = DIRECTION('',(1.,0.,-0.));
#3885 = PCURVE('',#294,#3886);
#3886 = DEFINITIONAL_REPRESENTATION('',(#3887),#3891);
#3887 = CIRCLE('',#3888,0.85);
#3888 = AXIS2_PLACEMENT_2D('',#3889,#3890);
#3889 = CARTESIAN_POINT('',(-4.5,9.9));
#3890 = DIRECTION('',(1.,0.));
#3891 = ( GEOMETRIC_REPRESENTATION_CONTEXT(2) 
PARAMETRIC_REPRESENTATION_CONTEXT() REPRESENTATION_CONTEXT('2D SPACE',''
  ) );
#3892 = PCURVE('',#3893,#3898);
#3893 = CYLINDRICAL_SURFACE('',#3894,0.85);
#3894 = AXIS2_PLACEMENT_3D('',#3895,#3896,#3897);
#3895 = CARTESIAN_POINT('',(15.,9.9,1.));
#3896 = DIRECTION('',(0.,0.,1.));
#3897 = DIRECTION('',(1.,0.,-0.));
#3898 = DEFINITIONAL_REPRESENTATION('',(#3899),#3903);
#3899 = LINE('',#3900,#3901);
#3900 = CARTESIAN_POINT('',(0.,8.6));
#3901 = VECTOR('',#3902,1.);
#3902 = DIRECTION('',(1.,0.));
#3903 = ( GEOMETRIC_REPRESENTATION_CONTEXT(2) 
PARAMETRIC_REPRESENTATION_CONTEXT() REPRESENTATION_CONTEXT('2D SPACE',''
  ) );
#3904 = ADVANCED_FACE('',(#3905),#3893,.F.);
#3905 = FACE_BOUND('',#3906,.F.);
#3906 = EDGE_LOOP('',(#3907,#3908,#3931,#3958));
#3907 = ORIENTED_EDGE('',*,*,#3876,.F.);
#3908 = ORIENTED_EDGE('',*,*,#3909,.F.);
#3909 = EDGE_CURVE('',#3910,#3877,#3912,.T.);
#3910 = VERTEX_POINT('',#3911);
#3911 = CARTESIAN_POINT('',(15.85,9.9,1.));
#3912 = SEAM_CURVE('',#3913,(#3917,#3924),.PCURVE_S1.);
#3913 = LINE('',#3914,#3915);
#3914 = CARTESIAN_POINT('',(15.85,9.9,1.));
#3915 = VECTOR('',#3916,1.);
#3916 = DIRECTION('',(0.,0.,1.));
#3917 = PCURVE('',#3893,#3918);
#3918 = DEFINITIONAL_REPRESENTATION('',(#3919),#3923);
#3919 = LINE('',#3920,#3921);
#3920 = CARTESIAN_POINT('',(6.28318530718,-0.));
#3921 = VECTOR('',#3922,1.);
#3922 = DIRECTION('',(0.,1.));
#3923 = ( GEOMETRIC_REPRESENTATION_CONTEXT(2) 
PARAMETRIC_REPRESENTATION_CONTEXT() REPRESENTATION_CONTEXT('2D SPACE',''
  ) );
#3924 = PCURVE('',#3893,#3925);
#3925 = DEFINITIONAL_REPRESENTATION('',(#3926),#3930);
#3926 = LINE('',#3927,#3928);
#3927 = CARTESIAN_POINT('',(0.,-0.));
#3928 = VECTOR('',#3929,1.);
#3929 = DIRECTION('',(0.,1.));
#3930 = ( GEOMETRIC_REPRESENTATION_CONTEXT(2) 
PARAMETRIC_REPRESENTATION_CONTEXT() REPRESENTATION_CONTEXT('2D SPACE',''
  ) );
#3931 = ORIENTED_EDGE('',*,*,#3932,.T.);
#3932 = EDGE_CURVE('',#3910,#3910,#3933,.T.);
#3933 = SURFACE_CURVE('',#3934,(#3939,#3946),.PCURVE_S1.);
#3934 = CIRCLE('',#3935,0.85);
#3935 = AXIS2_PLACEMENT_3D('',#3936,#3937,#3938);
#3936 = CARTESIAN_POINT('',(15.,9.9,1.));
#3937 = DIRECTION('',(0.,0.,1.));
#3938 = DIRECTION('',(1.,0.,-0.));
#3939 = PCURVE('',#3893,#3940);
#3940 = DEFINITIONAL_REPRESENTATION('',(#3941),#3945);
#3941 = LINE('',#3942,#3943);
#3942 = CARTESIAN_POINT('',(0.,0.));
#3943 = VECTOR('',#3944,1.);
#3944 = DIRECTION('',(1.,0.));
#3945 = ( GEOMETRIC_REPRESENTATION_CONTEXT(2) 
PARAMETRIC_REPRESENTATION_CONTEXT() REPRESENTATION_CONTEXT('2D SPACE',''
  ) );
#3946 = PCURVE('',#3947,#3952);
#3947 = PLANE('',#3948);
#3948 = AXIS2_PLACEMENT_3D('',#3949,#3950,#3951);
#3949 = CARTESIAN_POINT('',(15.,9.9,1.));
#3950 = DIRECTION('',(0.,0.,1.));
#3951 = DIRECTION('',(1.,0.,-0.));
#3952 = DEFINITIONAL_REPRESENTATION('',(#3953),#3957);
#3953 = CIRCLE('',#3954,0.85);
#3954 = AXIS2_PLACEMENT_2D('',#3955,#3956);
#3955 = CARTESIAN_POINT('',(0.,0.));
#3956 = DIRECTION('',(1.,0.));
#3957 = ( GEOMETRIC_REPRESENTATION_CONTEXT(2) 
PARAMETRIC_REPRESENTATION_CONTEXT() REPRESENTATION_CONTEXT('2D SPACE',''
  ) );
#3958 = ORIENTED_EDGE('',*,*,#3909,.T.);
#3959 = ADVANCED_FACE('',(#3960),#3947,.T.);
#3960 = FACE_BOUND('',#3961,.F.);
#3961 = EDGE_LOOP('',(#3962));
#3962 = ORIENTED_EDGE('',*,*,#3932,.F.);
#3963 = ADVANCED_FACE('',(#3964),#3862,.F.);
#3964 = FACE_BOUND('',#3965,.F.);
#3965 = EDGE_LOOP('',(#3966,#3967,#3990,#4017));
#3966 = ORIENTED_EDGE('',*,*,#3845,.F.);
#3967 = ORIENTED_EDGE('',*,*,#3968,.F.);
#3968 = EDGE_CURVE('',#3969,#3846,#3971,.T.);
#3969 = VERTEX_POINT('',#3970);
#3970 = CARTESIAN_POINT('',(15.85,-9.9,1.));
#3971 = SEAM_CURVE('',#3972,(#3976,#3983),.PCURVE_S1.);
#3972 = LINE('',#3973,#3974);
#3973 = CARTESIAN_POINT('',(15.85,-9.9,1.));
#3974 = VECTOR('',#3975,1.);
#3975 = DIRECTION('',(0.,0.,1.));
#3976 = PCURVE('',#3862,#3977);
#3977 = DEFINITIONAL_REPRESENTATION('',(#3978),#3982);
#3978 = LINE('',#3979,#3980);
#3979 = CARTESIAN_POINT('',(6.28318530718,-0.));
#3980 = VECTOR('',#3981,1.);
#3981 = DIRECTION('',(0.,1.));
#3982 = ( GEOMETRIC_REPRESENTATION_CONTEXT(2) 
PARAMETRIC_REPRESENTATION_CONTEXT() REPRESENTATION_CONTEXT('2D SPACE',''
  ) );
#3983 = PCURVE('',#3862,#3984);
#3984 = DEFINITIONAL_REPRESENTATION('',(#3985),#3989);
#3985 = LINE('',#3986,#3987);
#3986 = CARTESIAN_POINT('',(0.,-0.));
#3987 = VECTOR('',#3988,1.);
#3988 = DIRECTION('',(0.,1.));
#3989 = ( GEOMETRIC_REPRESENTATION_CONTEXT(2) 
PARAMETRIC_REPRESENTATION_CONTEXT() REPRESENTATION_CONTEXT('2D SPACE',''
  ) );
#3990 = ORIENTED_EDGE('',*,*,#3991,.T.);
#3991 = EDGE_CURVE('',#3969,#3969,#3992,.T.);
#3992 = SURFACE_CURVE('',#3993,(#3998,#4005),.PCURVE_S1.);
#3993 = CIRCLE('',#3994,0.85);
#3994 = AXIS2_PLACEMENT_3D('',#3995,#3996,#3997);
#3995 = CARTESIAN_POINT('',(15.,-9.9,1.));
#3996 = DIRECTION('',(0.,0.,1.));
#3997 = DIRECTION('',(1.,0.,-0.));
#3998 = PCURVE('',#3862,#3999);
#3999 = DEFINITIONAL_REPRESENTATION('',(#4000),#4004);
#4000 = LINE('',#4001,#4002);
#4001 = CARTESIAN_POINT('',(0.,0.));
#4002 = VECTOR('',#4003,1.);
#4003 = DIRECTION('',(1.,0.));
#4004 = ( GEOMETRIC_REPRESENTATION_CONTEXT(2) 
PARAMETRIC_REPRESENTATION_CONTEXT() REPRESENTATION_CONTEXT('2D SPACE',''
  ) );
#4005 = PCURVE('',#4006,#4011);
#4006 = PLANE('',#4007);
#4007 = AXIS2_PLACEMENT_3D('',#4008,#4009,#4010);
#4008 = CARTESIAN_POINT('',(15.,-9.9,1.));
#4009 = DIRECTION('',(0.,0.,1.));
#4010 = DIRECTION('',(1.,0.,-0.));
#4011 = DEFINITIONAL_REPRESENTATION('',(#4012),#4016);
#4012 = CIRCLE('',#4013,0.85);
#4013 = AXIS2_PLACEMENT_2D('',#4014,#4015);
#4014 = CARTESIAN_POINT('',(0.,0.));
#4015 = DIRECTION('',(1.,0.));
#4016 = ( GEOMETRIC_REPRESENTATION_CONTEXT(2) 
PARAMETRIC_REPRESENTATION_CONTEXT() REPRESENTATION_CONTEXT('2D SPACE',''
  ) );
#4017 = ORIENTED_EDGE('',*,*,#3968,.T.);
#4018 = ADVANCED_FACE('',(#4019),#4006,.T.);
#4019 = FACE_BOUND('',#4020,.F.);
#4020 = EDGE_LOOP('',(#4021));
#4021 = ORIENTED_EDGE('',*,*,#3991,.F.);
#4022 = ADVANCED_FACE('',(#4023),#423,.F.);
#4023 = FACE_BOUND('',#4024,.T.);
#4024 = EDGE_LOOP('',(#4025,#4052,#4053,#4054,#4055,#4079,#4105));
#4025 = ORIENTED_EDGE('',*,*,#4026,.F.);
#4026 = EDGE_CURVE('',#408,#4027,#4029,.T.);
#4027 = VERTEX_POINT('',#4028);
#4028 = CARTESIAN_POINT('',(38.997183533759,9.575,4.95));
#4029 = SURFACE_CURVE('',#4030,(#4035,#4045),.PCURVE_S1.);
#4030 = ELLIPSE('',#4031,1.191950111957,1.);
#4031 = AXIS2_PLACEMENT_3D('',#4032,#4033,#4034);
#4032 = CARTESIAN_POINT('',(38.,9.5,4.901351351351));
#4033 = DIRECTION('',(0.,-0.544191105099,0.838961287028));
#4034 = DIRECTION('',(0.,-0.838961287028,-0.544191105099));
#4035 = PCURVE('',#423,#4036);
#4036 = DEFINITIONAL_REPRESENTATION('',(#4037),#4044);
#4037 = B_SPLINE_CURVE_WITH_KNOTS('',5,(#4038,#4039,#4040,#4041,#4042,
    #4043),.UNSPECIFIED.,.F.,.F.,(6,6),(1.570796326795,1.739089620747),
  .PIECEWISE_BEZIER_KNOTS.);
#4038 = CARTESIAN_POINT('',(0.,-4.901351351351));
#4039 = CARTESIAN_POINT('',(-3.365865879037E-02,-4.923183994891));
#4040 = CARTESIAN_POINT('',(-6.731731758075E-02,-4.945016638464));
#4041 = CARTESIAN_POINT('',(-0.100975976371,-4.966797752036));
#4042 = CARTESIAN_POINT('',(-0.134634635161,-4.988475806392));
#4043 = CARTESIAN_POINT('',(-0.168293293952,-5.01));
#4044 = ( GEOMETRIC_REPRESENTATION_CONTEXT(2) 
PARAMETRIC_REPRESENTATION_CONTEXT() REPRESENTATION_CONTEXT('2D SPACE',''
  ) );
#4045 = PCURVE('',#451,#4046);
#4046 = DEFINITIONAL_REPRESENTATION('',(#4047),#4051);
#4047 = ELLIPSE('',#4048,1.191950111957,1.);
#4048 = AXIS2_PLACEMENT_2D('',#4049,#4050);
#4049 = CARTESIAN_POINT('',(1.013157595163,-1.));
#4050 = DIRECTION('',(-1.,-0.));
#4051 = ( GEOMETRIC_REPRESENTATION_CONTEXT(2) 
PARAMETRIC_REPRESENTATION_CONTEXT() REPRESENTATION_CONTEXT('2D SPACE',''
  ) );
#4052 = ORIENTED_EDGE('',*,*,#407,.T.);
#4053 = ORIENTED_EDGE('',*,*,#3814,.T.);
#4054 = ORIENTED_EDGE('',*,*,#2310,.F.);
#4055 = ORIENTED_EDGE('',*,*,#4056,.F.);
#4056 = EDGE_CURVE('',#4057,#2264,#4059,.T.);
#4057 = VERTEX_POINT('',#4058);
#4058 = CARTESIAN_POINT('',(38.927024810887,9.875,0.));
#4059 = SURFACE_CURVE('',#4060,(#4065,#4072),.PCURVE_S1.);
#4060 = CIRCLE('',#4061,1.);
#4061 = AXIS2_PLACEMENT_3D('',#4062,#4063,#4064);
#4062 = CARTESIAN_POINT('',(38.,9.5,0.));
#4063 = DIRECTION('',(0.,0.,1.));
#4064 = DIRECTION('',(1.,0.,0.));
#4065 = PCURVE('',#423,#4066);
#4066 = DEFINITIONAL_REPRESENTATION('',(#4067),#4071);
#4067 = LINE('',#4068,#4069);
#4068 = CARTESIAN_POINT('',(-0.,0.));
#4069 = VECTOR('',#4070,1.);
#4070 = DIRECTION('',(-1.,0.));
#4071 = ( GEOMETRIC_REPRESENTATION_CONTEXT(2) 
PARAMETRIC_REPRESENTATION_CONTEXT() REPRESENTATION_CONTEXT('2D SPACE',''
  ) );
#4072 = PCURVE('',#44,#4073);
#4073 = DEFINITIONAL_REPRESENTATION('',(#4074),#4078);
#4074 = CIRCLE('',#4075,1.);
#4075 = AXIS2_PLACEMENT_2D('',#4076,#4077);
#4076 = CARTESIAN_POINT('',(18.5,9.5));
#4077 = DIRECTION('',(1.,0.));
#4078 = ( GEOMETRIC_REPRESENTATION_CONTEXT(2) 
PARAMETRIC_REPRESENTATION_CONTEXT() REPRESENTATION_CONTEXT('2D SPACE',''
  ) );
#4079 = ORIENTED_EDGE('',*,*,#4080,.F.);
#4080 = EDGE_CURVE('',#4081,#4057,#4083,.T.);
#4081 = VERTEX_POINT('',#4082);
#4082 = CARTESIAN_POINT('',(38.927024810887,9.875,4.95));
#4083 = SURFACE_CURVE('',#4084,(#4088,#4094),.PCURVE_S1.);
#4084 = LINE('',#4085,#4086);
#4085 = CARTESIAN_POINT('',(38.927024810887,9.875,0.));
#4086 = VECTOR('',#4087,1.);
#4087 = DIRECTION('',(-0.,-0.,-1.));
#4088 = PCURVE('',#423,#4089);
#4089 = DEFINITIONAL_REPRESENTATION('',(#4090),#4093);
#4090 = B_SPLINE_CURVE_WITH_KNOTS('',1,(#4091,#4092),.UNSPECIFIED.,.F.,
  .F.,(2,2),(-5.445,6.E-07),.PIECEWISE_BEZIER_KNOTS.);
#4091 = CARTESIAN_POINT('',(-0.384396774496,-5.445));
#4092 = CARTESIAN_POINT('',(-0.384396774496,6.E-07));
#4093 = ( GEOMETRIC_REPRESENTATION_CONTEXT(2) 
PARAMETRIC_REPRESENTATION_CONTEXT() REPRESENTATION_CONTEXT('2D SPACE',''
  ) );
#4094 = PCURVE('',#4095,#4100);
#4095 = PLANE('',#4096);
#4096 = AXIS2_PLACEMENT_3D('',#4097,#4098,#4099);
#4097 = CARTESIAN_POINT('',(37.,9.875,4.95));
#4098 = DIRECTION('',(0.,1.,0.));
#4099 = DIRECTION('',(0.,0.,-1.));
#4100 = DEFINITIONAL_REPRESENTATION('',(#4101),#4104);
#4101 = B_SPLINE_CURVE_WITH_KNOTS('',1,(#4102,#4103),.UNSPECIFIED.,.F.,
  .F.,(2,2),(-5.445,6.E-07),.PIECEWISE_BEZIER_KNOTS.);
#4102 = CARTESIAN_POINT('',(-0.495,-1.927024810887));
#4103 = CARTESIAN_POINT('',(4.9500006,-1.927024810887));
#4104 = ( GEOMETRIC_REPRESENTATION_CONTEXT(2) 
PARAMETRIC_REPRESENTATION_CONTEXT() REPRESENTATION_CONTEXT('2D SPACE',''
  ) );
#4105 = ORIENTED_EDGE('',*,*,#4106,.T.);
#4106 = EDGE_CURVE('',#4081,#4027,#4107,.T.);
#4107 = SURFACE_CURVE('',#4108,(#4113,#4120),.PCURVE_S1.);
#4108 = CIRCLE('',#4109,1.);
#4109 = AXIS2_PLACEMENT_3D('',#4110,#4111,#4112);
#4110 = CARTESIAN_POINT('',(38.,9.5,4.95));
#4111 = DIRECTION('',(0.,0.,-1.));
#4112 = DIRECTION('',(1.,0.,0.));
#4113 = PCURVE('',#423,#4114);
#4114 = DEFINITIONAL_REPRESENTATION('',(#4115),#4119);
#4115 = LINE('',#4116,#4117);
#4116 = CARTESIAN_POINT('',(-6.28318530718,-4.95));
#4117 = VECTOR('',#4118,1.);
#4118 = DIRECTION('',(1.,-0.));
#4119 = ( GEOMETRIC_REPRESENTATION_CONTEXT(2) 
PARAMETRIC_REPRESENTATION_CONTEXT() REPRESENTATION_CONTEXT('2D SPACE',''
  ) );
#4120 = PCURVE('',#4121,#4126);
#4121 = PLANE('',#4122);
#4122 = AXIS2_PLACEMENT_3D('',#4123,#4124,#4125);
#4123 = CARTESIAN_POINT('',(37.,9.575,4.95));
#4124 = DIRECTION('',(0.,0.,1.));
#4125 = DIRECTION('',(0.,1.,0.));
#4126 = DEFINITIONAL_REPRESENTATION('',(#4127),#4135);
#4127 = ( BOUNDED_CURVE() B_SPLINE_CURVE(2,(#4128,#4129,#4130,#4131,
#4132,#4133,#4134),.UNSPECIFIED.,.T.,.F.) B_SPLINE_CURVE_WITH_KNOTS((1,2
    ,2,2,2,1),(-2.094395102393,0.,2.094395102393,4.188790204786,
6.28318530718,8.377580409573),.UNSPECIFIED.) CURVE() 
GEOMETRIC_REPRESENTATION_ITEM() RATIONAL_B_SPLINE_CURVE((1.,0.5,1.,0.5,
1.,0.5,1.)) REPRESENTATION_ITEM('') );
#4128 = CARTESIAN_POINT('',(-7.5E-02,-2.));
#4129 = CARTESIAN_POINT('',(-1.807050807569,-2.));
#4130 = CARTESIAN_POINT('',(-0.941025403784,-0.5));
#4131 = CARTESIAN_POINT('',(-7.5E-02,1.));
#4132 = CARTESIAN_POINT('',(0.791025403784,-0.5));
#4133 = CARTESIAN_POINT('',(1.657050807569,-2.));
#4134 = CARTESIAN_POINT('',(-7.5E-02,-2.));
#4135 = ( GEOMETRIC_REPRESENTATION_CONTEXT(2) 
PARAMETRIC_REPRESENTATION_CONTEXT() REPRESENTATION_CONTEXT('2D SPACE',''
  ) );
#4136 = ADVANCED_FACE('',(#4137),#4095,.T.);
#4137 = FACE_BOUND('',#4138,.T.);
#4138 = EDGE_LOOP('',(#4139,#4164,#4185,#4186));
#4139 = ORIENTED_EDGE('',*,*,#4140,.F.);
#4140 = EDGE_CURVE('',#4141,#4143,#4145,.T.);
#4141 = VERTEX_POINT('',#4142);
#4142 = CARTESIAN_POINT('',(37.,9.875,4.95));
#4143 = VERTEX_POINT('',#4144);
#4144 = CARTESIAN_POINT('',(37.,9.875,0.));
#4145 = SURFACE_CURVE('',#4146,(#4150,#4157),.PCURVE_S1.);
#4146 = LINE('',#4147,#4148);
#4147 = CARTESIAN_POINT('',(37.,9.875,4.95));
#4148 = VECTOR('',#4149,1.);
#4149 = DIRECTION('',(0.,0.,-1.));
#4150 = PCURVE('',#4095,#4151);
#4151 = DEFINITIONAL_REPRESENTATION('',(#4152),#4156);
#4152 = LINE('',#4153,#4154);
#4153 = CARTESIAN_POINT('',(0.,0.));
#4154 = VECTOR('',#4155,1.);
#4155 = DIRECTION('',(1.,0.));
#4156 = ( GEOMETRIC_REPRESENTATION_CONTEXT(2) 
PARAMETRIC_REPRESENTATION_CONTEXT() REPRESENTATION_CONTEXT('2D SPACE',''
  ) );
#4157 = PCURVE('',#126,#4158);
#4158 = DEFINITIONAL_REPRESENTATION('',(#4159),#4163);
#4159 = LINE('',#4160,#4161);
#4160 = CARTESIAN_POINT('',(-0.428923639847,2.420300634187));
#4161 = VECTOR('',#4162,1.);
#4162 = DIRECTION('',(0.,-1.));
#4163 = ( GEOMETRIC_REPRESENTATION_CONTEXT(2) 
PARAMETRIC_REPRESENTATION_CONTEXT() REPRESENTATION_CONTEXT('2D SPACE',''
  ) );
#4164 = ORIENTED_EDGE('',*,*,#4165,.T.);
#4165 = EDGE_CURVE('',#4141,#4081,#4166,.T.);
#4166 = SURFACE_CURVE('',#4167,(#4171,#4178),.PCURVE_S1.);
#4167 = LINE('',#4168,#4169);
#4168 = CARTESIAN_POINT('',(37.,9.875,4.95));
#4169 = VECTOR('',#4170,1.);
#4170 = DIRECTION('',(1.,0.,0.));
#4171 = PCURVE('',#4095,#4172);
#4172 = DEFINITIONAL_REPRESENTATION('',(#4173),#4177);
#4173 = LINE('',#4174,#4175);
#4174 = CARTESIAN_POINT('',(0.,0.));
#4175 = VECTOR('',#4176,1.);
#4176 = DIRECTION('',(0.,-1.));
#4177 = ( GEOMETRIC_REPRESENTATION_CONTEXT(2) 
PARAMETRIC_REPRESENTATION_CONTEXT() REPRESENTATION_CONTEXT('2D SPACE',''
  ) );
#4178 = PCURVE('',#4121,#4179);
#4179 = DEFINITIONAL_REPRESENTATION('',(#4180),#4184);
#4180 = LINE('',#4181,#4182);
#4181 = CARTESIAN_POINT('',(0.3,0.));
#4182 = VECTOR('',#4183,1.);
#4183 = DIRECTION('',(0.,-1.));
#4184 = ( GEOMETRIC_REPRESENTATION_CONTEXT(2) 
PARAMETRIC_REPRESENTATION_CONTEXT() REPRESENTATION_CONTEXT('2D SPACE',''
  ) );
#4185 = ORIENTED_EDGE('',*,*,#4080,.T.);
#4186 = ORIENTED_EDGE('',*,*,#4187,.F.);
#4187 = EDGE_CURVE('',#4143,#4057,#4188,.T.);
#4188 = SURFACE_CURVE('',#4189,(#4193,#4200),.PCURVE_S1.);
#4189 = LINE('',#4190,#4191);
#4190 = CARTESIAN_POINT('',(37.,9.875,0.));
#4191 = VECTOR('',#4192,1.);
#4192 = DIRECTION('',(1.,0.,0.));
#4193 = PCURVE('',#4095,#4194);
#4194 = DEFINITIONAL_REPRESENTATION('',(#4195),#4199);
#4195 = LINE('',#4196,#4197);
#4196 = CARTESIAN_POINT('',(4.95,0.));
#4197 = VECTOR('',#4198,1.);
#4198 = DIRECTION('',(0.,-1.));
#4199 = ( GEOMETRIC_REPRESENTATION_CONTEXT(2) 
PARAMETRIC_REPRESENTATION_CONTEXT() REPRESENTATION_CONTEXT('2D SPACE',''
  ) );
#4200 = PCURVE('',#44,#4201);
#4201 = DEFINITIONAL_REPRESENTATION('',(#4202),#4206);
#4202 = LINE('',#4203,#4204);
#4203 = CARTESIAN_POINT('',(17.5,9.875));
#4204 = VECTOR('',#4205,1.);
#4205 = DIRECTION('',(1.,0.));
#4206 = ( GEOMETRIC_REPRESENTATION_CONTEXT(2) 
PARAMETRIC_REPRESENTATION_CONTEXT() REPRESENTATION_CONTEXT('2D SPACE',''
  ) );
#4207 = ADVANCED_FACE('',(#4208),#4121,.T.);
#4208 = FACE_BOUND('',#4209,.T.);
#4209 = EDGE_LOOP('',(#4210,#4233,#4254,#4255));
#4210 = ORIENTED_EDGE('',*,*,#4211,.F.);
#4211 = EDGE_CURVE('',#4212,#4141,#4214,.T.);
#4212 = VERTEX_POINT('',#4213);
#4213 = CARTESIAN_POINT('',(37.,9.575,4.95));
#4214 = SURFACE_CURVE('',#4215,(#4219,#4226),.PCURVE_S1.);
#4215 = LINE('',#4216,#4217);
#4216 = CARTESIAN_POINT('',(37.,9.575,4.95));
#4217 = VECTOR('',#4218,1.);
#4218 = DIRECTION('',(0.,1.,0.));
#4219 = PCURVE('',#4121,#4220);
#4220 = DEFINITIONAL_REPRESENTATION('',(#4221),#4225);
#4221 = LINE('',#4222,#4223);
#4222 = CARTESIAN_POINT('',(0.,0.));
#4223 = VECTOR('',#4224,1.);
#4224 = DIRECTION('',(1.,0.));
#4225 = ( GEOMETRIC_REPRESENTATION_CONTEXT(2) 
PARAMETRIC_REPRESENTATION_CONTEXT() REPRESENTATION_CONTEXT('2D SPACE',''
  ) );
#4226 = PCURVE('',#126,#4227);
#4227 = DEFINITIONAL_REPRESENTATION('',(#4228),#4232);
#4228 = LINE('',#4229,#4230);
#4229 = CARTESIAN_POINT('',(-0.128923639847,2.420300634187));
#4230 = VECTOR('',#4231,1.);
#4231 = DIRECTION('',(-1.,0.));
#4232 = ( GEOMETRIC_REPRESENTATION_CONTEXT(2) 
PARAMETRIC_REPRESENTATION_CONTEXT() REPRESENTATION_CONTEXT('2D SPACE',''
  ) );
#4233 = ORIENTED_EDGE('',*,*,#4234,.T.);
#4234 = EDGE_CURVE('',#4212,#4027,#4235,.T.);
#4235 = SURFACE_CURVE('',#4236,(#4240,#4247),.PCURVE_S1.);
#4236 = LINE('',#4237,#4238);
#4237 = CARTESIAN_POINT('',(37.,9.575,4.95));
#4238 = VECTOR('',#4239,1.);
#4239 = DIRECTION('',(1.,0.,0.));
#4240 = PCURVE('',#4121,#4241);
#4241 = DEFINITIONAL_REPRESENTATION('',(#4242),#4246);
#4242 = LINE('',#4243,#4244);
#4243 = CARTESIAN_POINT('',(0.,0.));
#4244 = VECTOR('',#4245,1.);
#4245 = DIRECTION('',(0.,-1.));
#4246 = ( GEOMETRIC_REPRESENTATION_CONTEXT(2) 
PARAMETRIC_REPRESENTATION_CONTEXT() REPRESENTATION_CONTEXT('2D SPACE',''
  ) );
#4247 = PCURVE('',#451,#4248);
#4248 = DEFINITIONAL_REPRESENTATION('',(#4249),#4253);
#4249 = LINE('',#4250,#4251);
#4250 = CARTESIAN_POINT('',(1.10255385356,0.));
#4251 = VECTOR('',#4252,1.);
#4252 = DIRECTION('',(0.,-1.));
#4253 = ( GEOMETRIC_REPRESENTATION_CONTEXT(2) 
PARAMETRIC_REPRESENTATION_CONTEXT() REPRESENTATION_CONTEXT('2D SPACE',''
  ) );
#4254 = ORIENTED_EDGE('',*,*,#4106,.F.);
#4255 = ORIENTED_EDGE('',*,*,#4165,.F.);
#4256 = ADVANCED_FACE('',(#4257),#451,.T.);
#4257 = FACE_BOUND('',#4258,.T.);
#4258 = EDGE_LOOP('',(#4259,#4282,#4303,#4304,#4305));
#4259 = ORIENTED_EDGE('',*,*,#4260,.F.);
#4260 = EDGE_CURVE('',#4261,#4212,#4263,.T.);
#4261 = VERTEX_POINT('',#4262);
#4262 = CARTESIAN_POINT('',(37.,8.65,4.35));
#4263 = SURFACE_CURVE('',#4264,(#4268,#4275),.PCURVE_S1.);
#4264 = LINE('',#4265,#4266);
#4265 = CARTESIAN_POINT('',(37.,8.65,4.35));
#4266 = VECTOR('',#4267,1.);
#4267 = DIRECTION('',(0.,0.838961287028,0.544191105099));
#4268 = PCURVE('',#451,#4269);
#4269 = DEFINITIONAL_REPRESENTATION('',(#4270),#4274);
#4270 = LINE('',#4271,#4272);
#4271 = CARTESIAN_POINT('',(0.,0.));
#4272 = VECTOR('',#4273,1.);
#4273 = DIRECTION('',(1.,0.));
#4274 = ( GEOMETRIC_REPRESENTATION_CONTEXT(2) 
PARAMETRIC_REPRESENTATION_CONTEXT() REPRESENTATION_CONTEXT('2D SPACE',''
  ) );
#4275 = PCURVE('',#126,#4276);
#4276 = DEFINITIONAL_REPRESENTATION('',(#4277),#4281);
#4277 = LINE('',#4278,#4279);
#4278 = CARTESIAN_POINT('',(0.796076360153,1.820300634187));
#4279 = VECTOR('',#4280,1.);
#4280 = DIRECTION('',(-0.838961287028,0.544191105099));
#4281 = ( GEOMETRIC_REPRESENTATION_CONTEXT(2) 
PARAMETRIC_REPRESENTATION_CONTEXT() REPRESENTATION_CONTEXT('2D SPACE',''
  ) );
#4282 = ORIENTED_EDGE('',*,*,#4283,.T.);
#4283 = EDGE_CURVE('',#4261,#436,#4284,.T.);
#4284 = SURFACE_CURVE('',#4285,(#4289,#4296),.PCURVE_S1.);
#4285 = LINE('',#4286,#4287);
#4286 = CARTESIAN_POINT('',(37.,8.65,4.35));
#4287 = VECTOR('',#4288,1.);
#4288 = DIRECTION('',(1.,0.,0.));
#4289 = PCURVE('',#451,#4290);
#4290 = DEFINITIONAL_REPRESENTATION('',(#4291),#4295);
#4291 = LINE('',#4292,#4293);
#4292 = CARTESIAN_POINT('',(0.,0.));
#4293 = VECTOR('',#4294,1.);
#4294 = DIRECTION('',(0.,-1.));
#4295 = ( GEOMETRIC_REPRESENTATION_CONTEXT(2) 
PARAMETRIC_REPRESENTATION_CONTEXT() REPRESENTATION_CONTEXT('2D SPACE',''
  ) );
#4296 = PCURVE('',#100,#4297);
#4297 = DEFINITIONAL_REPRESENTATION('',(#4298),#4302);
#4298 = LINE('',#4299,#4300);
#4299 = CARTESIAN_POINT('',(0.425,0.));
#4300 = VECTOR('',#4301,1.);
#4301 = DIRECTION('',(0.,-1.));
#4302 = ( GEOMETRIC_REPRESENTATION_CONTEXT(2) 
PARAMETRIC_REPRESENTATION_CONTEXT() REPRESENTATION_CONTEXT('2D SPACE',''
  ) );
#4303 = ORIENTED_EDGE('',*,*,#435,.T.);
#4304 = ORIENTED_EDGE('',*,*,#4026,.T.);
#4305 = ORIENTED_EDGE('',*,*,#4234,.F.);
#4306 = ADVANCED_FACE('',(#4307),#524,.T.);
#4307 = FACE_BOUND('',#4308,.T.);
#4308 = EDGE_LOOP('',(#4309,#4332,#4360,#4381));
#4309 = ORIENTED_EDGE('',*,*,#4310,.F.);
#4310 = EDGE_CURVE('',#4311,#486,#4313,.T.);
#4311 = VERTEX_POINT('',#4312);
#4312 = CARTESIAN_POINT('',(36.,8.3,0.));
#4313 = SURFACE_CURVE('',#4314,(#4318,#4325),.PCURVE_S1.);
#4314 = LINE('',#4315,#4316);
#4315 = CARTESIAN_POINT('',(36.,8.3,0.));
#4316 = VECTOR('',#4317,1.);
#4317 = DIRECTION('',(1.,0.,-0.));
#4318 = PCURVE('',#524,#4319);
#4319 = DEFINITIONAL_REPRESENTATION('',(#4320),#4324);
#4320 = LINE('',#4321,#4322);
#4321 = CARTESIAN_POINT('',(0.,0.));
#4322 = VECTOR('',#4323,1.);
#4323 = DIRECTION('',(0.,1.));
#4324 = ( GEOMETRIC_REPRESENTATION_CONTEXT(2) 
PARAMETRIC_REPRESENTATION_CONTEXT() REPRESENTATION_CONTEXT('2D SPACE',''
  ) );
#4325 = PCURVE('',#44,#4326);
#4326 = DEFINITIONAL_REPRESENTATION('',(#4327),#4331);
#4327 = LINE('',#4328,#4329);
#4328 = CARTESIAN_POINT('',(16.5,8.3));
#4329 = VECTOR('',#4330,1.);
#4330 = DIRECTION('',(1.,0.));
#4331 = ( GEOMETRIC_REPRESENTATION_CONTEXT(2) 
PARAMETRIC_REPRESENTATION_CONTEXT() REPRESENTATION_CONTEXT('2D SPACE',''
  ) );
#4332 = ORIENTED_EDGE('',*,*,#4333,.T.);
#4333 = EDGE_CURVE('',#4311,#4334,#4336,.T.);
#4334 = VERTEX_POINT('',#4335);
#4335 = CARTESIAN_POINT('',(36.,8.3,3.));
#4336 = SURFACE_CURVE('',#4337,(#4341,#4348),.PCURVE_S1.);
#4337 = LINE('',#4338,#4339);
#4338 = CARTESIAN_POINT('',(36.,8.3,0.));
#4339 = VECTOR('',#4340,1.);
#4340 = DIRECTION('',(0.,0.,1.));
#4341 = PCURVE('',#524,#4342);
#4342 = DEFINITIONAL_REPRESENTATION('',(#4343),#4347);
#4343 = LINE('',#4344,#4345);
#4344 = CARTESIAN_POINT('',(0.,0.));
#4345 = VECTOR('',#4346,1.);
#4346 = DIRECTION('',(1.,0.));
#4347 = ( GEOMETRIC_REPRESENTATION_CONTEXT(2) 
PARAMETRIC_REPRESENTATION_CONTEXT() REPRESENTATION_CONTEXT('2D SPACE',''
  ) );
#4348 = PCURVE('',#4349,#4354);
#4349 = PLANE('',#4350);
#4350 = AXIS2_PLACEMENT_3D('',#4351,#4352,#4353);
#4351 = CARTESIAN_POINT('',(36.,5.3,0.));
#4352 = DIRECTION('',(1.,0.,-0.));
#4353 = DIRECTION('',(0.,0.,1.));
#4354 = DEFINITIONAL_REPRESENTATION('',(#4355),#4359);
#4355 = LINE('',#4356,#4357);
#4356 = CARTESIAN_POINT('',(0.,-3.));
#4357 = VECTOR('',#4358,1.);
#4358 = DIRECTION('',(1.,0.));
#4359 = ( GEOMETRIC_REPRESENTATION_CONTEXT(2) 
PARAMETRIC_REPRESENTATION_CONTEXT() REPRESENTATION_CONTEXT('2D SPACE',''
  ) );
#4360 = ORIENTED_EDGE('',*,*,#4361,.T.);
#4361 = EDGE_CURVE('',#4334,#509,#4362,.T.);
#4362 = SURFACE_CURVE('',#4363,(#4367,#4374),.PCURVE_S1.);
#4363 = LINE('',#4364,#4365);
#4364 = CARTESIAN_POINT('',(36.,8.3,3.));
#4365 = VECTOR('',#4366,1.);
#4366 = DIRECTION('',(1.,0.,-0.));
#4367 = PCURVE('',#524,#4368);
#4368 = DEFINITIONAL_REPRESENTATION('',(#4369),#4373);
#4369 = LINE('',#4370,#4371);
#4370 = CARTESIAN_POINT('',(3.,0.));
#4371 = VECTOR('',#4372,1.);
#4372 = DIRECTION('',(0.,1.));
#4373 = ( GEOMETRIC_REPRESENTATION_CONTEXT(2) 
PARAMETRIC_REPRESENTATION_CONTEXT() REPRESENTATION_CONTEXT('2D SPACE',''
  ) );
#4374 = PCURVE('',#552,#4375);
#4375 = DEFINITIONAL_REPRESENTATION('',(#4376),#4380);
#4376 = LINE('',#4377,#4378);
#4377 = CARTESIAN_POINT('',(0.,3.));
#4378 = VECTOR('',#4379,1.);
#4379 = DIRECTION('',(1.,0.));
#4380 = ( GEOMETRIC_REPRESENTATION_CONTEXT(2) 
PARAMETRIC_REPRESENTATION_CONTEXT() REPRESENTATION_CONTEXT('2D SPACE',''
  ) );
#4381 = ORIENTED_EDGE('',*,*,#508,.F.);
#4382 = ADVANCED_FACE('',(#4383),#4349,.F.);
#4383 = FACE_BOUND('',#4384,.F.);
#4384 = EDGE_LOOP('',(#4385,#4410,#4431,#4432));
#4385 = ORIENTED_EDGE('',*,*,#4386,.F.);
#4386 = EDGE_CURVE('',#4387,#4389,#4391,.T.);
#4387 = VERTEX_POINT('',#4388);
#4388 = CARTESIAN_POINT('',(36.,5.3,0.));
#4389 = VERTEX_POINT('',#4390);
#4390 = CARTESIAN_POINT('',(36.,5.3,3.));
#4391 = SURFACE_CURVE('',#4392,(#4396,#4403),.PCURVE_S1.);
#4392 = LINE('',#4393,#4394);
#4393 = CARTESIAN_POINT('',(36.,5.3,0.));
#4394 = VECTOR('',#4395,1.);
#4395 = DIRECTION('',(0.,0.,1.));
#4396 = PCURVE('',#4349,#4397);
#4397 = DEFINITIONAL_REPRESENTATION('',(#4398),#4402);
#4398 = LINE('',#4399,#4400);
#4399 = CARTESIAN_POINT('',(0.,0.));
#4400 = VECTOR('',#4401,1.);
#4401 = DIRECTION('',(1.,0.));
#4402 = ( GEOMETRIC_REPRESENTATION_CONTEXT(2) 
PARAMETRIC_REPRESENTATION_CONTEXT() REPRESENTATION_CONTEXT('2D SPACE',''
  ) );
#4403 = PCURVE('',#580,#4404);
#4404 = DEFINITIONAL_REPRESENTATION('',(#4405),#4409);
#4405 = LINE('',#4406,#4407);
#4406 = CARTESIAN_POINT('',(0.,0.));
#4407 = VECTOR('',#4408,1.);
#4408 = DIRECTION('',(1.,0.));
#4409 = ( GEOMETRIC_REPRESENTATION_CONTEXT(2) 
PARAMETRIC_REPRESENTATION_CONTEXT() REPRESENTATION_CONTEXT('2D SPACE',''
  ) );
#4410 = ORIENTED_EDGE('',*,*,#4411,.T.);
#4411 = EDGE_CURVE('',#4387,#4311,#4412,.T.);
#4412 = SURFACE_CURVE('',#4413,(#4417,#4424),.PCURVE_S1.);
#4413 = LINE('',#4414,#4415);
#4414 = CARTESIAN_POINT('',(36.,5.3,0.));
#4415 = VECTOR('',#4416,1.);
#4416 = DIRECTION('',(-0.,1.,0.));
#4417 = PCURVE('',#4349,#4418);
#4418 = DEFINITIONAL_REPRESENTATION('',(#4419),#4423);
#4419 = LINE('',#4420,#4421);
#4420 = CARTESIAN_POINT('',(0.,0.));
#4421 = VECTOR('',#4422,1.);
#4422 = DIRECTION('',(0.,-1.));
#4423 = ( GEOMETRIC_REPRESENTATION_CONTEXT(2) 
PARAMETRIC_REPRESENTATION_CONTEXT() REPRESENTATION_CONTEXT('2D SPACE',''
  ) );
#4424 = PCURVE('',#44,#4425);
#4425 = DEFINITIONAL_REPRESENTATION('',(#4426),#4430);
#4426 = LINE('',#4427,#4428);
#4427 = CARTESIAN_POINT('',(16.5,5.3));
#4428 = VECTOR('',#4429,1.);
#4429 = DIRECTION('',(0.,1.));
#4430 = ( GEOMETRIC_REPRESENTATION_CONTEXT(2) 
PARAMETRIC_REPRESENTATION_CONTEXT() REPRESENTATION_CONTEXT('2D SPACE',''
  ) );
#4431 = ORIENTED_EDGE('',*,*,#4333,.T.);
#4432 = ORIENTED_EDGE('',*,*,#4433,.F.);
#4433 = EDGE_CURVE('',#4389,#4334,#4434,.T.);
#4434 = SURFACE_CURVE('',#4435,(#4439,#4446),.PCURVE_S1.);
#4435 = LINE('',#4436,#4437);
#4436 = CARTESIAN_POINT('',(36.,5.3,3.));
#4437 = VECTOR('',#4438,1.);
#4438 = DIRECTION('',(-0.,1.,0.));
#4439 = PCURVE('',#4349,#4440);
#4440 = DEFINITIONAL_REPRESENTATION('',(#4441),#4445);
#4441 = LINE('',#4442,#4443);
#4442 = CARTESIAN_POINT('',(3.,0.));
#4443 = VECTOR('',#4444,1.);
#4444 = DIRECTION('',(0.,-1.));
#4445 = ( GEOMETRIC_REPRESENTATION_CONTEXT(2) 
PARAMETRIC_REPRESENTATION_CONTEXT() REPRESENTATION_CONTEXT('2D SPACE',''
  ) );
#4446 = PCURVE('',#552,#4447);
#4447 = DEFINITIONAL_REPRESENTATION('',(#4448),#4452);
#4448 = LINE('',#4449,#4450);
#4449 = CARTESIAN_POINT('',(0.,0.));
#4450 = VECTOR('',#4451,1.);
#4451 = DIRECTION('',(0.,1.));
#4452 = ( GEOMETRIC_REPRESENTATION_CONTEXT(2) 
PARAMETRIC_REPRESENTATION_CONTEXT() REPRESENTATION_CONTEXT('2D SPACE',''
  ) );
#4453 = ADVANCED_FACE('',(#4454),#552,.T.);
#4454 = FACE_BOUND('',#4455,.T.);
#4455 = EDGE_LOOP('',(#4456,#4457,#4478,#4479));
#4456 = ORIENTED_EDGE('',*,*,#4433,.F.);
#4457 = ORIENTED_EDGE('',*,*,#4458,.T.);
#4458 = EDGE_CURVE('',#4389,#537,#4459,.T.);
#4459 = SURFACE_CURVE('',#4460,(#4464,#4471),.PCURVE_S1.);
#4460 = LINE('',#4461,#4462);
#4461 = CARTESIAN_POINT('',(36.,5.3,3.));
#4462 = VECTOR('',#4463,1.);
#4463 = DIRECTION('',(1.,0.,-0.));
#4464 = PCURVE('',#552,#4465);
#4465 = DEFINITIONAL_REPRESENTATION('',(#4466),#4470);
#4466 = LINE('',#4467,#4468);
#4467 = CARTESIAN_POINT('',(0.,0.));
#4468 = VECTOR('',#4469,1.);
#4469 = DIRECTION('',(1.,0.));
#4470 = ( GEOMETRIC_REPRESENTATION_CONTEXT(2) 
PARAMETRIC_REPRESENTATION_CONTEXT() REPRESENTATION_CONTEXT('2D SPACE',''
  ) );
#4471 = PCURVE('',#580,#4472);
#4472 = DEFINITIONAL_REPRESENTATION('',(#4473),#4477);
#4473 = LINE('',#4474,#4475);
#4474 = CARTESIAN_POINT('',(3.,0.));
#4475 = VECTOR('',#4476,1.);
#4476 = DIRECTION('',(0.,1.));
#4477 = ( GEOMETRIC_REPRESENTATION_CONTEXT(2) 
PARAMETRIC_REPRESENTATION_CONTEXT() REPRESENTATION_CONTEXT('2D SPACE',''
  ) );
#4478 = ORIENTED_EDGE('',*,*,#536,.T.);
#4479 = ORIENTED_EDGE('',*,*,#4361,.F.);
#4480 = ADVANCED_FACE('',(#4481),#580,.F.);
#4481 = FACE_BOUND('',#4482,.F.);
#4482 = EDGE_LOOP('',(#4483,#4504,#4505,#4506));
#4483 = ORIENTED_EDGE('',*,*,#4484,.F.);
#4484 = EDGE_CURVE('',#4387,#565,#4485,.T.);
#4485 = SURFACE_CURVE('',#4486,(#4490,#4497),.PCURVE_S1.);
#4486 = LINE('',#4487,#4488);
#4487 = CARTESIAN_POINT('',(36.,5.3,0.));
#4488 = VECTOR('',#4489,1.);
#4489 = DIRECTION('',(1.,0.,-0.));
#4490 = PCURVE('',#580,#4491);
#4491 = DEFINITIONAL_REPRESENTATION('',(#4492),#4496);
#4492 = LINE('',#4493,#4494);
#4493 = CARTESIAN_POINT('',(0.,0.));
#4494 = VECTOR('',#4495,1.);
#4495 = DIRECTION('',(0.,1.));
#4496 = ( GEOMETRIC_REPRESENTATION_CONTEXT(2) 
PARAMETRIC_REPRESENTATION_CONTEXT() REPRESENTATION_CONTEXT('2D SPACE',''
  ) );
#4497 = PCURVE('',#44,#4498);
#4498 = DEFINITIONAL_REPRESENTATION('',(#4499),#4503);
#4499 = LINE('',#4500,#4501);
#4500 = CARTESIAN_POINT('',(16.5,5.3));
#4501 = VECTOR('',#4502,1.);
#4502 = DIRECTION('',(1.,0.));
#4503 = ( GEOMETRIC_REPRESENTATION_CONTEXT(2) 
PARAMETRIC_REPRESENTATION_CONTEXT() REPRESENTATION_CONTEXT('2D SPACE',''
  ) );
#4504 = ORIENTED_EDGE('',*,*,#4386,.T.);
#4505 = ORIENTED_EDGE('',*,*,#4458,.T.);
#4506 = ORIENTED_EDGE('',*,*,#564,.F.);
#4507 = ADVANCED_FACE('',(#4508),#631,.T.);
#4508 = FACE_BOUND('',#4509,.T.);
#4509 = EDGE_LOOP('',(#4510,#4533,#4561,#4582));
#4510 = ORIENTED_EDGE('',*,*,#4511,.F.);
#4511 = EDGE_CURVE('',#4512,#593,#4514,.T.);
#4512 = VERTEX_POINT('',#4513);
#4513 = CARTESIAN_POINT('',(36.,-5.3,0.));
#4514 = SURFACE_CURVE('',#4515,(#4519,#4526),.PCURVE_S1.);
#4515 = LINE('',#4516,#4517);
#4516 = CARTESIAN_POINT('',(36.,-5.3,0.));
#4517 = VECTOR('',#4518,1.);
#4518 = DIRECTION('',(1.,0.,-0.));
#4519 = PCURVE('',#631,#4520);
#4520 = DEFINITIONAL_REPRESENTATION('',(#4521),#4525);
#4521 = LINE('',#4522,#4523);
#4522 = CARTESIAN_POINT('',(0.,0.));
#4523 = VECTOR('',#4524,1.);
#4524 = DIRECTION('',(0.,1.));
#4525 = ( GEOMETRIC_REPRESENTATION_CONTEXT(2) 
PARAMETRIC_REPRESENTATION_CONTEXT() REPRESENTATION_CONTEXT('2D SPACE',''
  ) );
#4526 = PCURVE('',#44,#4527);
#4527 = DEFINITIONAL_REPRESENTATION('',(#4528),#4532);
#4528 = LINE('',#4529,#4530);
#4529 = CARTESIAN_POINT('',(16.5,-5.3));
#4530 = VECTOR('',#4531,1.);
#4531 = DIRECTION('',(1.,0.));
#4532 = ( GEOMETRIC_REPRESENTATION_CONTEXT(2) 
PARAMETRIC_REPRESENTATION_CONTEXT() REPRESENTATION_CONTEXT('2D SPACE',''
  ) );
#4533 = ORIENTED_EDGE('',*,*,#4534,.T.);
#4534 = EDGE_CURVE('',#4512,#4535,#4537,.T.);
#4535 = VERTEX_POINT('',#4536);
#4536 = CARTESIAN_POINT('',(36.,-5.3,3.));
#4537 = SURFACE_CURVE('',#4538,(#4542,#4549),.PCURVE_S1.);
#4538 = LINE('',#4539,#4540);
#4539 = CARTESIAN_POINT('',(36.,-5.3,0.));
#4540 = VECTOR('',#4541,1.);
#4541 = DIRECTION('',(0.,0.,1.));
#4542 = PCURVE('',#631,#4543);
#4543 = DEFINITIONAL_REPRESENTATION('',(#4544),#4548);
#4544 = LINE('',#4545,#4546);
#4545 = CARTESIAN_POINT('',(0.,0.));
#4546 = VECTOR('',#4547,1.);
#4547 = DIRECTION('',(1.,0.));
#4548 = ( GEOMETRIC_REPRESENTATION_CONTEXT(2) 
PARAMETRIC_REPRESENTATION_CONTEXT() REPRESENTATION_CONTEXT('2D SPACE',''
  ) );
#4549 = PCURVE('',#4550,#4555);
#4550 = PLANE('',#4551);
#4551 = AXIS2_PLACEMENT_3D('',#4552,#4553,#4554);
#4552 = CARTESIAN_POINT('',(36.,-8.3,0.));
#4553 = DIRECTION('',(1.,0.,-0.));
#4554 = DIRECTION('',(0.,0.,1.));
#4555 = DEFINITIONAL_REPRESENTATION('',(#4556),#4560);
#4556 = LINE('',#4557,#4558);
#4557 = CARTESIAN_POINT('',(0.,-3.));
#4558 = VECTOR('',#4559,1.);
#4559 = DIRECTION('',(1.,0.));
#4560 = ( GEOMETRIC_REPRESENTATION_CONTEXT(2) 
PARAMETRIC_REPRESENTATION_CONTEXT() REPRESENTATION_CONTEXT('2D SPACE',''
  ) );
#4561 = ORIENTED_EDGE('',*,*,#4562,.T.);
#4562 = EDGE_CURVE('',#4535,#616,#4563,.T.);
#4563 = SURFACE_CURVE('',#4564,(#4568,#4575),.PCURVE_S1.);
#4564 = LINE('',#4565,#4566);
#4565 = CARTESIAN_POINT('',(36.,-5.3,3.));
#4566 = VECTOR('',#4567,1.);
#4567 = DIRECTION('',(1.,0.,-0.));
#4568 = PCURVE('',#631,#4569);
#4569 = DEFINITIONAL_REPRESENTATION('',(#4570),#4574);
#4570 = LINE('',#4571,#4572);
#4571 = CARTESIAN_POINT('',(3.,0.));
#4572 = VECTOR('',#4573,1.);
#4573 = DIRECTION('',(0.,1.));
#4574 = ( GEOMETRIC_REPRESENTATION_CONTEXT(2) 
PARAMETRIC_REPRESENTATION_CONTEXT() REPRESENTATION_CONTEXT('2D SPACE',''
  ) );
#4575 = PCURVE('',#659,#4576);
#4576 = DEFINITIONAL_REPRESENTATION('',(#4577),#4581);
#4577 = LINE('',#4578,#4579);
#4578 = CARTESIAN_POINT('',(0.,3.));
#4579 = VECTOR('',#4580,1.);
#4580 = DIRECTION('',(1.,0.));
#4581 = ( GEOMETRIC_REPRESENTATION_CONTEXT(2) 
PARAMETRIC_REPRESENTATION_CONTEXT() REPRESENTATION_CONTEXT('2D SPACE',''
  ) );
#4582 = ORIENTED_EDGE('',*,*,#615,.F.);
#4583 = ADVANCED_FACE('',(#4584),#4550,.F.);
#4584 = FACE_BOUND('',#4585,.F.);
#4585 = EDGE_LOOP('',(#4586,#4611,#4632,#4633));
#4586 = ORIENTED_EDGE('',*,*,#4587,.F.);
#4587 = EDGE_CURVE('',#4588,#4590,#4592,.T.);
#4588 = VERTEX_POINT('',#4589);
#4589 = CARTESIAN_POINT('',(36.,-8.3,0.));
#4590 = VERTEX_POINT('',#4591);
#4591 = CARTESIAN_POINT('',(36.,-8.3,3.));
#4592 = SURFACE_CURVE('',#4593,(#4597,#4604),.PCURVE_S1.);
#4593 = LINE('',#4594,#4595);
#4594 = CARTESIAN_POINT('',(36.,-8.3,0.));
#4595 = VECTOR('',#4596,1.);
#4596 = DIRECTION('',(0.,0.,1.));
#4597 = PCURVE('',#4550,#4598);
#4598 = DEFINITIONAL_REPRESENTATION('',(#4599),#4603);
#4599 = LINE('',#4600,#4601);
#4600 = CARTESIAN_POINT('',(0.,0.));
#4601 = VECTOR('',#4602,1.);
#4602 = DIRECTION('',(1.,0.));
#4603 = ( GEOMETRIC_REPRESENTATION_CONTEXT(2) 
PARAMETRIC_REPRESENTATION_CONTEXT() REPRESENTATION_CONTEXT('2D SPACE',''
  ) );
#4604 = PCURVE('',#685,#4605);
#4605 = DEFINITIONAL_REPRESENTATION('',(#4606),#4610);
#4606 = LINE('',#4607,#4608);
#4607 = CARTESIAN_POINT('',(0.,0.));
#4608 = VECTOR('',#4609,1.);
#4609 = DIRECTION('',(1.,0.));
#4610 = ( GEOMETRIC_REPRESENTATION_CONTEXT(2) 
PARAMETRIC_REPRESENTATION_CONTEXT() REPRESENTATION_CONTEXT('2D SPACE',''
  ) );
#4611 = ORIENTED_EDGE('',*,*,#4612,.T.);
#4612 = EDGE_CURVE('',#4588,#4512,#4613,.T.);
#4613 = SURFACE_CURVE('',#4614,(#4618,#4625),.PCURVE_S1.);
#4614 = LINE('',#4615,#4616);
#4615 = CARTESIAN_POINT('',(36.,-8.3,0.));
#4616 = VECTOR('',#4617,1.);
#4617 = DIRECTION('',(-0.,1.,0.));
#4618 = PCURVE('',#4550,#4619);
#4619 = DEFINITIONAL_REPRESENTATION('',(#4620),#4624);
#4620 = LINE('',#4621,#4622);
#4621 = CARTESIAN_POINT('',(0.,0.));
#4622 = VECTOR('',#4623,1.);
#4623 = DIRECTION('',(0.,-1.));
#4624 = ( GEOMETRIC_REPRESENTATION_CONTEXT(2) 
PARAMETRIC_REPRESENTATION_CONTEXT() REPRESENTATION_CONTEXT('2D SPACE',''
  ) );
#4625 = PCURVE('',#44,#4626);
#4626 = DEFINITIONAL_REPRESENTATION('',(#4627),#4631);
#4627 = LINE('',#4628,#4629);
#4628 = CARTESIAN_POINT('',(16.5,-8.3));
#4629 = VECTOR('',#4630,1.);
#4630 = DIRECTION('',(0.,1.));
#4631 = ( GEOMETRIC_REPRESENTATION_CONTEXT(2) 
PARAMETRIC_REPRESENTATION_CONTEXT() REPRESENTATION_CONTEXT('2D SPACE',''
  ) );
#4632 = ORIENTED_EDGE('',*,*,#4534,.T.);
#4633 = ORIENTED_EDGE('',*,*,#4634,.F.);
#4634 = EDGE_CURVE('',#4590,#4535,#4635,.T.);
#4635 = SURFACE_CURVE('',#4636,(#4640,#4647),.PCURVE_S1.);
#4636 = LINE('',#4637,#4638);
#4637 = CARTESIAN_POINT('',(36.,-8.3,3.));
#4638 = VECTOR('',#4639,1.);
#4639 = DIRECTION('',(-0.,1.,0.));
#4640 = PCURVE('',#4550,#4641);
#4641 = DEFINITIONAL_REPRESENTATION('',(#4642),#4646);
#4642 = LINE('',#4643,#4644);
#4643 = CARTESIAN_POINT('',(3.,0.));
#4644 = VECTOR('',#4645,1.);
#4645 = DIRECTION('',(0.,-1.));
#4646 = ( GEOMETRIC_REPRESENTATION_CONTEXT(2) 
PARAMETRIC_REPRESENTATION_CONTEXT() REPRESENTATION_CONTEXT('2D SPACE',''
  ) );
#4647 = PCURVE('',#659,#4648);
#4648 = DEFINITIONAL_REPRESENTATION('',(#4649),#4653);
#4649 = LINE('',#4650,#4651);
#4650 = CARTESIAN_POINT('',(0.,0.));
#4651 = VECTOR('',#4652,1.);
#4652 = DIRECTION('',(0.,1.));
#4653 = ( GEOMETRIC_REPRESENTATION_CONTEXT(2) 
PARAMETRIC_REPRESENTATION_CONTEXT() REPRESENTATION_CONTEXT('2D SPACE',''
  ) );
#4654 = ADVANCED_FACE('',(#4655),#659,.T.);
#4655 = FACE_BOUND('',#4656,.T.);
#4656 = EDGE_LOOP('',(#4657,#4658,#4679,#4680));
#4657 = ORIENTED_EDGE('',*,*,#4634,.F.);
#4658 = ORIENTED_EDGE('',*,*,#4659,.T.);
#4659 = EDGE_CURVE('',#4590,#644,#4660,.T.);
#4660 = SURFACE_CURVE('',#4661,(#4665,#4672),.PCURVE_S1.);
#4661 = LINE('',#4662,#4663);
#4662 = CARTESIAN_POINT('',(36.,-8.3,3.));
#4663 = VECTOR('',#4664,1.);
#4664 = DIRECTION('',(1.,0.,-0.));
#4665 = PCURVE('',#659,#4666);
#4666 = DEFINITIONAL_REPRESENTATION('',(#4667),#4671);
#4667 = LINE('',#4668,#4669);
#4668 = CARTESIAN_POINT('',(0.,0.));
#4669 = VECTOR('',#4670,1.);
#4670 = DIRECTION('',(1.,0.));
#4671 = ( GEOMETRIC_REPRESENTATION_CONTEXT(2) 
PARAMETRIC_REPRESENTATION_CONTEXT() REPRESENTATION_CONTEXT('2D SPACE',''
  ) );
#4672 = PCURVE('',#685,#4673);
#4673 = DEFINITIONAL_REPRESENTATION('',(#4674),#4678);
#4674 = LINE('',#4675,#4676);
#4675 = CARTESIAN_POINT('',(3.,0.));
#4676 = VECTOR('',#4677,1.);
#4677 = DIRECTION('',(0.,1.));
#4678 = ( GEOMETRIC_REPRESENTATION_CONTEXT(2) 
PARAMETRIC_REPRESENTATION_CONTEXT() REPRESENTATION_CONTEXT('2D SPACE',''
  ) );
#4679 = ORIENTED_EDGE('',*,*,#643,.T.);
#4680 = ORIENTED_EDGE('',*,*,#4562,.F.);
#4681 = ADVANCED_FACE('',(#4682),#685,.F.);
#4682 = FACE_BOUND('',#4683,.F.);
#4683 = EDGE_LOOP('',(#4684,#4705,#4706,#4707));
#4684 = ORIENTED_EDGE('',*,*,#4685,.F.);
#4685 = EDGE_CURVE('',#4588,#144,#4686,.T.);
#4686 = SURFACE_CURVE('',#4687,(#4691,#4698),.PCURVE_S1.);
#4687 = LINE('',#4688,#4689);
#4688 = CARTESIAN_POINT('',(36.,-8.3,0.));
#4689 = VECTOR('',#4690,1.);
#4690 = DIRECTION('',(1.,0.,-0.));
#4691 = PCURVE('',#685,#4692);
#4692 = DEFINITIONAL_REPRESENTATION('',(#4693),#4697);
#4693 = LINE('',#4694,#4695);
#4694 = CARTESIAN_POINT('',(0.,0.));
#4695 = VECTOR('',#4696,1.);
#4696 = DIRECTION('',(0.,1.));
#4697 = ( GEOMETRIC_REPRESENTATION_CONTEXT(2) 
PARAMETRIC_REPRESENTATION_CONTEXT() REPRESENTATION_CONTEXT('2D SPACE',''
  ) );
#4698 = PCURVE('',#44,#4699);
#4699 = DEFINITIONAL_REPRESENTATION('',(#4700),#4704);
#4700 = LINE('',#4701,#4702);
#4701 = CARTESIAN_POINT('',(16.5,-8.3));
#4702 = VECTOR('',#4703,1.);
#4703 = DIRECTION('',(1.,0.));
#4704 = ( GEOMETRIC_REPRESENTATION_CONTEXT(2) 
PARAMETRIC_REPRESENTATION_CONTEXT() REPRESENTATION_CONTEXT('2D SPACE',''
  ) );
#4705 = ORIENTED_EDGE('',*,*,#4587,.T.);
#4706 = ORIENTED_EDGE('',*,*,#4659,.T.);
#4707 = ORIENTED_EDGE('',*,*,#671,.F.);
#4708 = ADVANCED_FACE('',(#4709),#126,.T.);
#4709 = FACE_BOUND('',#4710,.T.);
#4710 = EDGE_LOOP('',(#4711,#4712,#4733,#4734,#4735,#4736));
#4711 = ORIENTED_EDGE('',*,*,#112,.T.);
#4712 = ORIENTED_EDGE('',*,*,#4713,.T.);
#4713 = EDGE_CURVE('',#85,#4261,#4714,.T.);
#4714 = SURFACE_CURVE('',#4715,(#4719,#4726),.PCURVE_S1.);
#4715 = LINE('',#4716,#4717);
#4716 = CARTESIAN_POINT('',(37.,9.075,4.35));
#4717 = VECTOR('',#4718,1.);
#4718 = DIRECTION('',(0.,-1.,0.));
#4719 = PCURVE('',#126,#4720);
#4720 = DEFINITIONAL_REPRESENTATION('',(#4721),#4725);
#4721 = LINE('',#4722,#4723);
#4722 = CARTESIAN_POINT('',(0.371076360153,1.820300634187));
#4723 = VECTOR('',#4724,1.);
#4724 = DIRECTION('',(1.,0.));
#4725 = ( GEOMETRIC_REPRESENTATION_CONTEXT(2) 
PARAMETRIC_REPRESENTATION_CONTEXT() REPRESENTATION_CONTEXT('2D SPACE',''
  ) );
#4726 = PCURVE('',#100,#4727);
#4727 = DEFINITIONAL_REPRESENTATION('',(#4728),#4732);
#4728 = LINE('',#4729,#4730);
#4729 = CARTESIAN_POINT('',(0.,0.));
#4730 = VECTOR('',#4731,1.);
#4731 = DIRECTION('',(1.,0.));
#4732 = ( GEOMETRIC_REPRESENTATION_CONTEXT(2) 
PARAMETRIC_REPRESENTATION_CONTEXT() REPRESENTATION_CONTEXT('2D SPACE',''
  ) );
#4733 = ORIENTED_EDGE('',*,*,#4260,.T.);
#4734 = ORIENTED_EDGE('',*,*,#4211,.T.);
#4735 = ORIENTED_EDGE('',*,*,#4140,.T.);
#4736 = ORIENTED_EDGE('',*,*,#4737,.T.);
#4737 = EDGE_CURVE('',#4143,#22,#4738,.T.);
#4738 = SURFACE_CURVE('',#4739,(#4743,#4750),.PCURVE_S1.);
#4739 = LINE('',#4740,#4741);
#4740 = CARTESIAN_POINT('',(37.,9.875,0.));
#4741 = VECTOR('',#4742,1.);
#4742 = DIRECTION('',(0.,-1.,0.));
#4743 = PCURVE('',#126,#4744);
#4744 = DEFINITIONAL_REPRESENTATION('',(#4745),#4749);
#4745 = LINE('',#4746,#4747);
#4746 = CARTESIAN_POINT('',(-0.428923639847,-2.529699365813));
#4747 = VECTOR('',#4748,1.);
#4748 = DIRECTION('',(1.,0.));
#4749 = ( GEOMETRIC_REPRESENTATION_CONTEXT(2) 
PARAMETRIC_REPRESENTATION_CONTEXT() REPRESENTATION_CONTEXT('2D SPACE',''
  ) );
#4750 = PCURVE('',#44,#4751);
#4751 = DEFINITIONAL_REPRESENTATION('',(#4752),#4756);
#4752 = LINE('',#4753,#4754);
#4753 = CARTESIAN_POINT('',(17.5,9.875));
#4754 = VECTOR('',#4755,1.);
#4755 = DIRECTION('',(0.,-1.));
#4756 = ( GEOMETRIC_REPRESENTATION_CONTEXT(2) 
PARAMETRIC_REPRESENTATION_CONTEXT() REPRESENTATION_CONTEXT('2D SPACE',''
  ) );
#4757 = ADVANCED_FACE('',(#4758),#100,.T.);
#4758 = FACE_BOUND('',#4759,.T.);
#4759 = EDGE_LOOP('',(#4760,#4761,#4762,#4763));
#4760 = ORIENTED_EDGE('',*,*,#84,.T.);
#4761 = ORIENTED_EDGE('',*,*,#463,.T.);
#4762 = ORIENTED_EDGE('',*,*,#4283,.F.);
#4763 = ORIENTED_EDGE('',*,*,#4713,.F.);
#4764 = ADVANCED_FACE('',(#4765,#4798,#4912,#5026,#5140,#5254),#44,.T.);
#4765 = FACE_BOUND('',#4766,.T.);
#4766 = EDGE_LOOP('',(#4767,#4768,#4769,#4770,#4771,#4772,#4773,#4774,
    #4775,#4776,#4777,#4778,#4779,#4780,#4781,#4782,#4783,#4784,#4785,
    #4786,#4787,#4788,#4789,#4790,#4791,#4792,#4793,#4794,#4795,#4796,
    #4797));
#4767 = ORIENTED_EDGE('',*,*,#1618,.F.);
#4768 = ORIENTED_EDGE('',*,*,#1593,.T.);
#4769 = ORIENTED_EDGE('',*,*,#1464,.T.);
#4770 = ORIENTED_EDGE('',*,*,#1439,.T.);
#4771 = ORIENTED_EDGE('',*,*,#1337,.F.);
#4772 = ORIENTED_EDGE('',*,*,#1260,.F.);
#4773 = ORIENTED_EDGE('',*,*,#1162,.T.);
#4774 = ORIENTED_EDGE('',*,*,#1081,.T.);
#4775 = ORIENTED_EDGE('',*,*,#948,.F.);
#4776 = ORIENTED_EDGE('',*,*,#879,.T.);
#4777 = ORIENTED_EDGE('',*,*,#700,.T.);
#4778 = ORIENTED_EDGE('',*,*,#141,.T.);
#4779 = ORIENTED_EDGE('',*,*,#4685,.F.);
#4780 = ORIENTED_EDGE('',*,*,#4612,.T.);
#4781 = ORIENTED_EDGE('',*,*,#4511,.T.);
#4782 = ORIENTED_EDGE('',*,*,#592,.T.);
#4783 = ORIENTED_EDGE('',*,*,#4484,.F.);
#4784 = ORIENTED_EDGE('',*,*,#4411,.T.);
#4785 = ORIENTED_EDGE('',*,*,#4310,.T.);
#4786 = ORIENTED_EDGE('',*,*,#485,.T.);
#4787 = ORIENTED_EDGE('',*,*,#21,.F.);
#4788 = ORIENTED_EDGE('',*,*,#4737,.F.);
#4789 = ORIENTED_EDGE('',*,*,#4187,.T.);
#4790 = ORIENTED_EDGE('',*,*,#4056,.T.);
#4791 = ORIENTED_EDGE('',*,*,#2263,.F.);
#4792 = ORIENTED_EDGE('',*,*,#2190,.F.);
#4793 = ORIENTED_EDGE('',*,*,#2136,.F.);
#4794 = ORIENTED_EDGE('',*,*,#2086,.T.);
#4795 = ORIENTED_EDGE('',*,*,#1961,.F.);
#4796 = ORIENTED_EDGE('',*,*,#1936,.T.);
#4797 = ORIENTED_EDGE('',*,*,#1807,.F.);
#4798 = FACE_BOUND('',#4799,.T.);
#4799 = EDGE_LOOP('',(#4800,#4830,#4858,#4886));
#4800 = ORIENTED_EDGE('',*,*,#4801,.T.);
#4801 = EDGE_CURVE('',#4802,#4804,#4806,.T.);
#4802 = VERTEX_POINT('',#4803);
#4803 = CARTESIAN_POINT('',(18.,-9.875,0.));
#4804 = VERTEX_POINT('',#4805);
#4805 = CARTESIAN_POINT('',(18.,-9.075,0.));
#4806 = SURFACE_CURVE('',#4807,(#4811,#4818),.PCURVE_S1.);
#4807 = LINE('',#4808,#4809);
#4808 = CARTESIAN_POINT('',(18.,-9.875,0.));
#4809 = VECTOR('',#4810,1.);
#4810 = DIRECTION('',(0.,1.,0.));
#4811 = PCURVE('',#44,#4812);
#4812 = DEFINITIONAL_REPRESENTATION('',(#4813),#4817);
#4813 = LINE('',#4814,#4815);
#4814 = CARTESIAN_POINT('',(-1.5,-9.875));
#4815 = VECTOR('',#4816,1.);
#4816 = DIRECTION('',(0.,1.));
#4817 = ( GEOMETRIC_REPRESENTATION_CONTEXT(2) 
PARAMETRIC_REPRESENTATION_CONTEXT() REPRESENTATION_CONTEXT('2D SPACE',''
  ) );
#4818 = PCURVE('',#4819,#4824);
#4819 = PLANE('',#4820);
#4820 = AXIS2_PLACEMENT_3D('',#4821,#4822,#4823);
#4821 = CARTESIAN_POINT('',(18.,-9.446076360153,2.529699365813));
#4822 = DIRECTION('',(1.,0.,0.));
#4823 = DIRECTION('',(0.,1.,0.));
#4824 = DEFINITIONAL_REPRESENTATION('',(#4825),#4829);
#4825 = LINE('',#4826,#4827);
#4826 = CARTESIAN_POINT('',(-0.428923639847,-2.529699365813));
#4827 = VECTOR('',#4828,1.);
#4828 = DIRECTION('',(1.,0.));
#4829 = ( GEOMETRIC_REPRESENTATION_CONTEXT(2) 
PARAMETRIC_REPRESENTATION_CONTEXT() REPRESENTATION_CONTEXT('2D SPACE',''
  ) );
#4830 = ORIENTED_EDGE('',*,*,#4831,.T.);
#4831 = EDGE_CURVE('',#4804,#4832,#4834,.T.);
#4832 = VERTEX_POINT('',#4833);
#4833 = CARTESIAN_POINT('',(20.,-9.075,0.));
#4834 = SURFACE_CURVE('',#4835,(#4839,#4846),.PCURVE_S1.);
#4835 = LINE('',#4836,#4837);
#4836 = CARTESIAN_POINT('',(18.,-9.075,0.));
#4837 = VECTOR('',#4838,1.);
#4838 = DIRECTION('',(1.,0.,0.));
#4839 = PCURVE('',#44,#4840);
#4840 = DEFINITIONAL_REPRESENTATION('',(#4841),#4845);
#4841 = LINE('',#4842,#4843);
#4842 = CARTESIAN_POINT('',(-1.5,-9.075));
#4843 = VECTOR('',#4844,1.);
#4844 = DIRECTION('',(1.,0.));
#4845 = ( GEOMETRIC_REPRESENTATION_CONTEXT(2) 
PARAMETRIC_REPRESENTATION_CONTEXT() REPRESENTATION_CONTEXT('2D SPACE',''
  ) );
#4846 = PCURVE('',#4847,#4852);
#4847 = PLANE('',#4848);
#4848 = AXIS2_PLACEMENT_3D('',#4849,#4850,#4851);
#4849 = CARTESIAN_POINT('',(18.,-9.075,0.));
#4850 = DIRECTION('',(0.,-1.,0.));
#4851 = DIRECTION('',(0.,0.,1.));
#4852 = DEFINITIONAL_REPRESENTATION('',(#4853),#4857);
#4853 = LINE('',#4854,#4855);
#4854 = CARTESIAN_POINT('',(0.,0.));
#4855 = VECTOR('',#4856,1.);
#4856 = DIRECTION('',(0.,-1.));
#4857 = ( GEOMETRIC_REPRESENTATION_CONTEXT(2) 
PARAMETRIC_REPRESENTATION_CONTEXT() REPRESENTATION_CONTEXT('2D SPACE',''
  ) );
#4858 = ORIENTED_EDGE('',*,*,#4859,.F.);
#4859 = EDGE_CURVE('',#4860,#4832,#4862,.T.);
#4860 = VERTEX_POINT('',#4861);
#4861 = CARTESIAN_POINT('',(20.,-9.875,0.));
#4862 = SURFACE_CURVE('',#4863,(#4867,#4874),.PCURVE_S1.);
#4863 = LINE('',#4864,#4865);
#4864 = CARTESIAN_POINT('',(20.,-9.875,0.));
#4865 = VECTOR('',#4866,1.);
#4866 = DIRECTION('',(0.,1.,0.));
#4867 = PCURVE('',#44,#4868);
#4868 = DEFINITIONAL_REPRESENTATION('',(#4869),#4873);
#4869 = LINE('',#4870,#4871);
#4870 = CARTESIAN_POINT('',(0.5,-9.875));
#4871 = VECTOR('',#4872,1.);
#4872 = DIRECTION('',(0.,1.));
#4873 = ( GEOMETRIC_REPRESENTATION_CONTEXT(2) 
PARAMETRIC_REPRESENTATION_CONTEXT() REPRESENTATION_CONTEXT('2D SPACE',''
  ) );
#4874 = PCURVE('',#4875,#4880);
#4875 = PLANE('',#4876);
#4876 = AXIS2_PLACEMENT_3D('',#4877,#4878,#4879);
#4877 = CARTESIAN_POINT('',(20.,-9.446076360153,2.529699365813));
#4878 = DIRECTION('',(1.,0.,0.));
#4879 = DIRECTION('',(0.,1.,0.));
#4880 = DEFINITIONAL_REPRESENTATION('',(#4881),#4885);
#4881 = LINE('',#4882,#4883);
#4882 = CARTESIAN_POINT('',(-0.428923639847,-2.529699365813));
#4883 = VECTOR('',#4884,1.);
#4884 = DIRECTION('',(1.,0.));
#4885 = ( GEOMETRIC_REPRESENTATION_CONTEXT(2) 
PARAMETRIC_REPRESENTATION_CONTEXT() REPRESENTATION_CONTEXT('2D SPACE',''
  ) );
#4886 = ORIENTED_EDGE('',*,*,#4887,.F.);
#4887 = EDGE_CURVE('',#4802,#4860,#4888,.T.);
#4888 = SURFACE_CURVE('',#4889,(#4893,#4900),.PCURVE_S1.);
#4889 = LINE('',#4890,#4891);
#4890 = CARTESIAN_POINT('',(18.,-9.875,0.));
#4891 = VECTOR('',#4892,1.);
#4892 = DIRECTION('',(1.,0.,0.));
#4893 = PCURVE('',#44,#4894);
#4894 = DEFINITIONAL_REPRESENTATION('',(#4895),#4899);
#4895 = LINE('',#4896,#4897);
#4896 = CARTESIAN_POINT('',(-1.5,-9.875));
#4897 = VECTOR('',#4898,1.);
#4898 = DIRECTION('',(1.,0.));
#4899 = ( GEOMETRIC_REPRESENTATION_CONTEXT(2) 
PARAMETRIC_REPRESENTATION_CONTEXT() REPRESENTATION_CONTEXT('2D SPACE',''
  ) );
#4900 = PCURVE('',#4901,#4906);
#4901 = PLANE('',#4902);
#4902 = AXIS2_PLACEMENT_3D('',#4903,#4904,#4905);
#4903 = CARTESIAN_POINT('',(18.,-9.875,4.95));
#4904 = DIRECTION('',(0.,1.,0.));
#4905 = DIRECTION('',(0.,0.,-1.));
#4906 = DEFINITIONAL_REPRESENTATION('',(#4907),#4911);
#4907 = LINE('',#4908,#4909);
#4908 = CARTESIAN_POINT('',(4.95,0.));
#4909 = VECTOR('',#4910,1.);
#4910 = DIRECTION('',(0.,-1.));
#4911 = ( GEOMETRIC_REPRESENTATION_CONTEXT(2) 
PARAMETRIC_REPRESENTATION_CONTEXT() REPRESENTATION_CONTEXT('2D SPACE',''
  ) );
#4912 = FACE_BOUND('',#4913,.T.);
#4913 = EDGE_LOOP('',(#4914,#4944,#4972,#5000));
#4914 = ORIENTED_EDGE('',*,*,#4915,.T.);
#4915 = EDGE_CURVE('',#4916,#4918,#4920,.T.);
#4916 = VERTEX_POINT('',#4917);
#4917 = CARTESIAN_POINT('',(18.,-8.3,0.));
#4918 = VERTEX_POINT('',#4919);
#4919 = CARTESIAN_POINT('',(18.,-5.3,0.));
#4920 = SURFACE_CURVE('',#4921,(#4925,#4932),.PCURVE_S1.);
#4921 = LINE('',#4922,#4923);
#4922 = CARTESIAN_POINT('',(18.,-8.3,0.));
#4923 = VECTOR('',#4924,1.);
#4924 = DIRECTION('',(-0.,1.,0.));
#4925 = PCURVE('',#44,#4926);
#4926 = DEFINITIONAL_REPRESENTATION('',(#4927),#4931);
#4927 = LINE('',#4928,#4929);
#4928 = CARTESIAN_POINT('',(-1.5,-8.3));
#4929 = VECTOR('',#4930,1.);
#4930 = DIRECTION('',(0.,1.));
#4931 = ( GEOMETRIC_REPRESENTATION_CONTEXT(2) 
PARAMETRIC_REPRESENTATION_CONTEXT() REPRESENTATION_CONTEXT('2D SPACE',''
  ) );
#4932 = PCURVE('',#4933,#4938);
#4933 = PLANE('',#4934);
#4934 = AXIS2_PLACEMENT_3D('',#4935,#4936,#4937);
#4935 = CARTESIAN_POINT('',(18.,-8.3,0.));
#4936 = DIRECTION('',(1.,0.,-0.));
#4937 = DIRECTION('',(0.,0.,1.));
#4938 = DEFINITIONAL_REPRESENTATION('',(#4939),#4943);
#4939 = LINE('',#4940,#4941);
#4940 = CARTESIAN_POINT('',(0.,0.));
#4941 = VECTOR('',#4942,1.);
#4942 = DIRECTION('',(0.,-1.));
#4943 = ( GEOMETRIC_REPRESENTATION_CONTEXT(2) 
PARAMETRIC_REPRESENTATION_CONTEXT() REPRESENTATION_CONTEXT('2D SPACE',''
  ) );
#4944 = ORIENTED_EDGE('',*,*,#4945,.T.);
#4945 = EDGE_CURVE('',#4918,#4946,#4948,.T.);
#4946 = VERTEX_POINT('',#4947);
#4947 = CARTESIAN_POINT('',(21.,-5.3,0.));
#4948 = SURFACE_CURVE('',#4949,(#4953,#4960),.PCURVE_S1.);
#4949 = LINE('',#4950,#4951);
#4950 = CARTESIAN_POINT('',(18.,-5.3,0.));
#4951 = VECTOR('',#4952,1.);
#4952 = DIRECTION('',(1.,0.,-0.));
#4953 = PCURVE('',#44,#4954);
#4954 = DEFINITIONAL_REPRESENTATION('',(#4955),#4959);
#4955 = LINE('',#4956,#4957);
#4956 = CARTESIAN_POINT('',(-1.5,-5.3));
#4957 = VECTOR('',#4958,1.);
#4958 = DIRECTION('',(1.,0.));
#4959 = ( GEOMETRIC_REPRESENTATION_CONTEXT(2) 
PARAMETRIC_REPRESENTATION_CONTEXT() REPRESENTATION_CONTEXT('2D SPACE',''
  ) );
#4960 = PCURVE('',#4961,#4966);
#4961 = PLANE('',#4962);
#4962 = AXIS2_PLACEMENT_3D('',#4963,#4964,#4965);
#4963 = CARTESIAN_POINT('',(18.,-5.3,0.));
#4964 = DIRECTION('',(-0.,1.,0.));
#4965 = DIRECTION('',(0.,0.,1.));
#4966 = DEFINITIONAL_REPRESENTATION('',(#4967),#4971);
#4967 = LINE('',#4968,#4969);
#4968 = CARTESIAN_POINT('',(0.,0.));
#4969 = VECTOR('',#4970,1.);
#4970 = DIRECTION('',(0.,1.));
#4971 = ( GEOMETRIC_REPRESENTATION_CONTEXT(2) 
PARAMETRIC_REPRESENTATION_CONTEXT() REPRESENTATION_CONTEXT('2D SPACE',''
  ) );
#4972 = ORIENTED_EDGE('',*,*,#4973,.F.);
#4973 = EDGE_CURVE('',#4974,#4946,#4976,.T.);
#4974 = VERTEX_POINT('',#4975);
#4975 = CARTESIAN_POINT('',(21.,-8.3,0.));
#4976 = SURFACE_CURVE('',#4977,(#4981,#4988),.PCURVE_S1.);
#4977 = LINE('',#4978,#4979);
#4978 = CARTESIAN_POINT('',(21.,-8.3,0.));
#4979 = VECTOR('',#4980,1.);
#4980 = DIRECTION('',(-0.,1.,0.));
#4981 = PCURVE('',#44,#4982);
#4982 = DEFINITIONAL_REPRESENTATION('',(#4983),#4987);
#4983 = LINE('',#4984,#4985);
#4984 = CARTESIAN_POINT('',(1.5,-8.3));
#4985 = VECTOR('',#4986,1.);
#4986 = DIRECTION('',(0.,1.));
#4987 = ( GEOMETRIC_REPRESENTATION_CONTEXT(2) 
PARAMETRIC_REPRESENTATION_CONTEXT() REPRESENTATION_CONTEXT('2D SPACE',''
  ) );
#4988 = PCURVE('',#4989,#4994);
#4989 = PLANE('',#4990);
#4990 = AXIS2_PLACEMENT_3D('',#4991,#4992,#4993);
#4991 = CARTESIAN_POINT('',(21.,-8.3,0.));
#4992 = DIRECTION('',(1.,0.,-0.));
#4993 = DIRECTION('',(0.,0.,1.));
#4994 = DEFINITIONAL_REPRESENTATION('',(#4995),#4999);
#4995 = LINE('',#4996,#4997);
#4996 = CARTESIAN_POINT('',(0.,0.));
#4997 = VECTOR('',#4998,1.);
#4998 = DIRECTION('',(0.,-1.));
#4999 = ( GEOMETRIC_REPRESENTATION_CONTEXT(2) 
PARAMETRIC_REPRESENTATION_CONTEXT() REPRESENTATION_CONTEXT('2D SPACE',''
  ) );
#5000 = ORIENTED_EDGE('',*,*,#5001,.F.);
#5001 = EDGE_CURVE('',#4916,#4974,#5002,.T.);
#5002 = SURFACE_CURVE('',#5003,(#5007,#5014),.PCURVE_S1.);
#5003 = LINE('',#5004,#5005);
#5004 = CARTESIAN_POINT('',(18.,-8.3,0.));
#5005 = VECTOR('',#5006,1.);
#5006 = DIRECTION('',(1.,0.,-0.));
#5007 = PCURVE('',#44,#5008);
#5008 = DEFINITIONAL_REPRESENTATION('',(#5009),#5013);
#5009 = LINE('',#5010,#5011);
#5010 = CARTESIAN_POINT('',(-1.5,-8.3));
#5011 = VECTOR('',#5012,1.);
#5012 = DIRECTION('',(1.,0.));
#5013 = ( GEOMETRIC_REPRESENTATION_CONTEXT(2) 
PARAMETRIC_REPRESENTATION_CONTEXT() REPRESENTATION_CONTEXT('2D SPACE',''
  ) );
#5014 = PCURVE('',#5015,#5020);
#5015 = PLANE('',#5016);
#5016 = AXIS2_PLACEMENT_3D('',#5017,#5018,#5019);
#5017 = CARTESIAN_POINT('',(18.,-8.3,0.));
#5018 = DIRECTION('',(-0.,1.,0.));
#5019 = DIRECTION('',(0.,0.,1.));
#5020 = DEFINITIONAL_REPRESENTATION('',(#5021),#5025);
#5021 = LINE('',#5022,#5023);
#5022 = CARTESIAN_POINT('',(0.,0.));
#5023 = VECTOR('',#5024,1.);
#5024 = DIRECTION('',(0.,1.));
#5025 = ( GEOMETRIC_REPRESENTATION_CONTEXT(2) 
PARAMETRIC_REPRESENTATION_CONTEXT() REPRESENTATION_CONTEXT('2D SPACE',''
  ) );
#5026 = FACE_BOUND('',#5027,.T.);
#5027 = EDGE_LOOP('',(#5028,#5058,#5086,#5114));
#5028 = ORIENTED_EDGE('',*,*,#5029,.T.);
#5029 = EDGE_CURVE('',#5030,#5032,#5034,.T.);
#5030 = VERTEX_POINT('',#5031);
#5031 = CARTESIAN_POINT('',(16.45,-3.,0.));
#5032 = VERTEX_POINT('',#5033);
#5033 = CARTESIAN_POINT('',(16.45,3.,0.));
#5034 = SURFACE_CURVE('',#5035,(#5039,#5046),.PCURVE_S1.);
#5035 = LINE('',#5036,#5037);
#5036 = CARTESIAN_POINT('',(16.45,-3.,0.));
#5037 = VECTOR('',#5038,1.);
#5038 = DIRECTION('',(-0.,1.,0.));
#5039 = PCURVE('',#44,#5040);
#5040 = DEFINITIONAL_REPRESENTATION('',(#5041),#5045);
#5041 = LINE('',#5042,#5043);
#5042 = CARTESIAN_POINT('',(-3.05,-3.));
#5043 = VECTOR('',#5044,1.);
#5044 = DIRECTION('',(0.,1.));
#5045 = ( GEOMETRIC_REPRESENTATION_CONTEXT(2) 
PARAMETRIC_REPRESENTATION_CONTEXT() REPRESENTATION_CONTEXT('2D SPACE',''
  ) );
#5046 = PCURVE('',#5047,#5052);
#5047 = PLANE('',#5048);
#5048 = AXIS2_PLACEMENT_3D('',#5049,#5050,#5051);
#5049 = CARTESIAN_POINT('',(16.45,-3.,0.));
#5050 = DIRECTION('',(1.,0.,-0.));
#5051 = DIRECTION('',(0.,0.,1.));
#5052 = DEFINITIONAL_REPRESENTATION('',(#5053),#5057);
#5053 = LINE('',#5054,#5055);
#5054 = CARTESIAN_POINT('',(0.,0.));
#5055 = VECTOR('',#5056,1.);
#5056 = DIRECTION('',(0.,-1.));
#5057 = ( GEOMETRIC_REPRESENTATION_CONTEXT(2) 
PARAMETRIC_REPRESENTATION_CONTEXT() REPRESENTATION_CONTEXT('2D SPACE',''
  ) );
#5058 = ORIENTED_EDGE('',*,*,#5059,.T.);
#5059 = EDGE_CURVE('',#5032,#5060,#5062,.T.);
#5060 = VERTEX_POINT('',#5061);
#5061 = CARTESIAN_POINT('',(17.65,3.,0.));
#5062 = SURFACE_CURVE('',#5063,(#5067,#5074),.PCURVE_S1.);
#5063 = LINE('',#5064,#5065);
#5064 = CARTESIAN_POINT('',(16.45,3.,0.));
#5065 = VECTOR('',#5066,1.);
#5066 = DIRECTION('',(1.,0.,-0.));
#5067 = PCURVE('',#44,#5068);
#5068 = DEFINITIONAL_REPRESENTATION('',(#5069),#5073);
#5069 = LINE('',#5070,#5071);
#5070 = CARTESIAN_POINT('',(-3.05,3.));
#5071 = VECTOR('',#5072,1.);
#5072 = DIRECTION('',(1.,0.));
#5073 = ( GEOMETRIC_REPRESENTATION_CONTEXT(2) 
PARAMETRIC_REPRESENTATION_CONTEXT() REPRESENTATION_CONTEXT('2D SPACE',''
  ) );
#5074 = PCURVE('',#5075,#5080);
#5075 = PLANE('',#5076);
#5076 = AXIS2_PLACEMENT_3D('',#5077,#5078,#5079);
#5077 = CARTESIAN_POINT('',(16.45,3.,0.));
#5078 = DIRECTION('',(-0.,1.,0.));
#5079 = DIRECTION('',(0.,0.,1.));
#5080 = DEFINITIONAL_REPRESENTATION('',(#5081),#5085);
#5081 = LINE('',#5082,#5083);
#5082 = CARTESIAN_POINT('',(0.,0.));
#5083 = VECTOR('',#5084,1.);
#5084 = DIRECTION('',(0.,1.));
#5085 = ( GEOMETRIC_REPRESENTATION_CONTEXT(2) 
PARAMETRIC_REPRESENTATION_CONTEXT() REPRESENTATION_CONTEXT('2D SPACE',''
  ) );
#5086 = ORIENTED_EDGE('',*,*,#5087,.F.);
#5087 = EDGE_CURVE('',#5088,#5060,#5090,.T.);
#5088 = VERTEX_POINT('',#5089);
#5089 = CARTESIAN_POINT('',(17.65,-3.,0.));
#5090 = SURFACE_CURVE('',#5091,(#5095,#5102),.PCURVE_S1.);
#5091 = LINE('',#5092,#5093);
#5092 = CARTESIAN_POINT('',(17.65,-3.,0.));
#5093 = VECTOR('',#5094,1.);
#5094 = DIRECTION('',(-0.,1.,0.));
#5095 = PCURVE('',#44,#5096);
#5096 = DEFINITIONAL_REPRESENTATION('',(#5097),#5101);
#5097 = LINE('',#5098,#5099);
#5098 = CARTESIAN_POINT('',(-1.85,-3.));
#5099 = VECTOR('',#5100,1.);
#5100 = DIRECTION('',(0.,1.));
#5101 = ( GEOMETRIC_REPRESENTATION_CONTEXT(2) 
PARAMETRIC_REPRESENTATION_CONTEXT() REPRESENTATION_CONTEXT('2D SPACE',''
  ) );
#5102 = PCURVE('',#5103,#5108);
#5103 = PLANE('',#5104);
#5104 = AXIS2_PLACEMENT_3D('',#5105,#5106,#5107);
#5105 = CARTESIAN_POINT('',(17.65,-3.,0.));
#5106 = DIRECTION('',(1.,0.,-0.));
#5107 = DIRECTION('',(0.,0.,1.));
#5108 = DEFINITIONAL_REPRESENTATION('',(#5109),#5113);
#5109 = LINE('',#5110,#5111);
#5110 = CARTESIAN_POINT('',(0.,0.));
#5111 = VECTOR('',#5112,1.);
#5112 = DIRECTION('',(0.,-1.));
#5113 = ( GEOMETRIC_REPRESENTATION_CONTEXT(2) 
PARAMETRIC_REPRESENTATION_CONTEXT() REPRESENTATION_CONTEXT('2D SPACE',''
  ) );
#5114 = ORIENTED_EDGE('',*,*,#5115,.F.);
#5115 = EDGE_CURVE('',#5030,#5088,#5116,.T.);
#5116 = SURFACE_CURVE('',#5117,(#5121,#5128),.PCURVE_S1.);
#5117 = LINE('',#5118,#5119);
#5118 = CARTESIAN_POINT('',(16.45,-3.,0.));
#5119 = VECTOR('',#5120,1.);
#5120 = DIRECTION('',(1.,0.,-0.));
#5121 = PCURVE('',#44,#5122);
#5122 = DEFINITIONAL_REPRESENTATION('',(#5123),#5127);
#5123 = LINE('',#5124,#5125);
#5124 = CARTESIAN_POINT('',(-3.05,-3.));
#5125 = VECTOR('',#5126,1.);
#5126 = DIRECTION('',(1.,0.));
#5127 = ( GEOMETRIC_REPRESENTATION_CONTEXT(2) 
PARAMETRIC_REPRESENTATION_CONTEXT() REPRESENTATION_CONTEXT('2D SPACE',''
  ) );
#5128 = PCURVE('',#5129,#5134);
#5129 = PLANE('',#5130);
#5130 = AXIS2_PLACEMENT_3D('',#5131,#5132,#5133);
#5131 = CARTESIAN_POINT('',(16.45,-3.,0.));
#5132 = DIRECTION('',(-0.,1.,0.));
#5133 = DIRECTION('',(0.,0.,1.));
#5134 = DEFINITIONAL_REPRESENTATION('',(#5135),#5139);
#5135 = LINE('',#5136,#5137);
#5136 = CARTESIAN_POINT('',(0.,0.));
#5137 = VECTOR('',#5138,1.);
#5138 = DIRECTION('',(0.,1.));
#5139 = ( GEOMETRIC_REPRESENTATION_CONTEXT(2) 
PARAMETRIC_REPRESENTATION_CONTEXT() REPRESENTATION_CONTEXT('2D SPACE',''
  ) );
#5140 = FACE_BOUND('',#5141,.T.);
#5141 = EDGE_LOOP('',(#5142,#5172,#5200,#5228));
#5142 = ORIENTED_EDGE('',*,*,#5143,.T.);
#5143 = EDGE_CURVE('',#5144,#5146,#5148,.T.);
#5144 = VERTEX_POINT('',#5145);
#5145 = CARTESIAN_POINT('',(18.,5.3,0.));
#5146 = VERTEX_POINT('',#5147);
#5147 = CARTESIAN_POINT('',(18.,8.3,0.));
#5148 = SURFACE_CURVE('',#5149,(#5153,#5160),.PCURVE_S1.);
#5149 = LINE('',#5150,#5151);
#5150 = CARTESIAN_POINT('',(18.,5.3,0.));
#5151 = VECTOR('',#5152,1.);
#5152 = DIRECTION('',(-0.,1.,0.));
#5153 = PCURVE('',#44,#5154);
#5154 = DEFINITIONAL_REPRESENTATION('',(#5155),#5159);
#5155 = LINE('',#5156,#5157);
#5156 = CARTESIAN_POINT('',(-1.5,5.3));
#5157 = VECTOR('',#5158,1.);
#5158 = DIRECTION('',(0.,1.));
#5159 = ( GEOMETRIC_REPRESENTATION_CONTEXT(2) 
PARAMETRIC_REPRESENTATION_CONTEXT() REPRESENTATION_CONTEXT('2D SPACE',''
  ) );
#5160 = PCURVE('',#5161,#5166);
#5161 = PLANE('',#5162);
#5162 = AXIS2_PLACEMENT_3D('',#5163,#5164,#5165);
#5163 = CARTESIAN_POINT('',(18.,5.3,0.));
#5164 = DIRECTION('',(1.,0.,-0.));
#5165 = DIRECTION('',(0.,0.,1.));
#5166 = DEFINITIONAL_REPRESENTATION('',(#5167),#5171);
#5167 = LINE('',#5168,#5169);
#5168 = CARTESIAN_POINT('',(0.,0.));
#5169 = VECTOR('',#5170,1.);
#5170 = DIRECTION('',(0.,-1.));
#5171 = ( GEOMETRIC_REPRESENTATION_CONTEXT(2) 
PARAMETRIC_REPRESENTATION_CONTEXT() REPRESENTATION_CONTEXT('2D SPACE',''
  ) );
#5172 = ORIENTED_EDGE('',*,*,#5173,.T.);
#5173 = EDGE_CURVE('',#5146,#5174,#5176,.T.);
#5174 = VERTEX_POINT('',#5175);
#5175 = CARTESIAN_POINT('',(21.,8.3,0.));
#5176 = SURFACE_CURVE('',#5177,(#5181,#5188),.PCURVE_S1.);
#5177 = LINE('',#5178,#5179);
#5178 = CARTESIAN_POINT('',(18.,8.3,0.));
#5179 = VECTOR('',#5180,1.);
#5180 = DIRECTION('',(1.,0.,-0.));
#5181 = PCURVE('',#44,#5182);
#5182 = DEFINITIONAL_REPRESENTATION('',(#5183),#5187);
#5183 = LINE('',#5184,#5185);
#5184 = CARTESIAN_POINT('',(-1.5,8.3));
#5185 = VECTOR('',#5186,1.);
#5186 = DIRECTION('',(1.,0.));
#5187 = ( GEOMETRIC_REPRESENTATION_CONTEXT(2) 
PARAMETRIC_REPRESENTATION_CONTEXT() REPRESENTATION_CONTEXT('2D SPACE',''
  ) );
#5188 = PCURVE('',#5189,#5194);
#5189 = PLANE('',#5190);
#5190 = AXIS2_PLACEMENT_3D('',#5191,#5192,#5193);
#5191 = CARTESIAN_POINT('',(18.,8.3,0.));
#5192 = DIRECTION('',(-0.,1.,0.));
#5193 = DIRECTION('',(0.,0.,1.));
#5194 = DEFINITIONAL_REPRESENTATION('',(#5195),#5199);
#5195 = LINE('',#5196,#5197);
#5196 = CARTESIAN_POINT('',(0.,0.));
#5197 = VECTOR('',#5198,1.);
#5198 = DIRECTION('',(0.,1.));
#5199 = ( GEOMETRIC_REPRESENTATION_CONTEXT(2) 
PARAMETRIC_REPRESENTATION_CONTEXT() REPRESENTATION_CONTEXT('2D SPACE',''
  ) );
#5200 = ORIENTED_EDGE('',*,*,#5201,.F.);
#5201 = EDGE_CURVE('',#5202,#5174,#5204,.T.);
#5202 = VERTEX_POINT('',#5203);
#5203 = CARTESIAN_POINT('',(21.,5.3,0.));
#5204 = SURFACE_CURVE('',#5205,(#5209,#5216),.PCURVE_S1.);
#5205 = LINE('',#5206,#5207);
#5206 = CARTESIAN_POINT('',(21.,5.3,0.));
#5207 = VECTOR('',#5208,1.);
#5208 = DIRECTION('',(-0.,1.,0.));
#5209 = PCURVE('',#44,#5210);
#5210 = DEFINITIONAL_REPRESENTATION('',(#5211),#5215);
#5211 = LINE('',#5212,#5213);
#5212 = CARTESIAN_POINT('',(1.5,5.3));
#5213 = VECTOR('',#5214,1.);
#5214 = DIRECTION('',(0.,1.));
#5215 = ( GEOMETRIC_REPRESENTATION_CONTEXT(2) 
PARAMETRIC_REPRESENTATION_CONTEXT() REPRESENTATION_CONTEXT('2D SPACE',''
  ) );
#5216 = PCURVE('',#5217,#5222);
#5217 = PLANE('',#5218);
#5218 = AXIS2_PLACEMENT_3D('',#5219,#5220,#5221);
#5219 = CARTESIAN_POINT('',(21.,5.3,0.));
#5220 = DIRECTION('',(1.,0.,-0.));
#5221 = DIRECTION('',(0.,0.,1.));
#5222 = DEFINITIONAL_REPRESENTATION('',(#5223),#5227);
#5223 = LINE('',#5224,#5225);
#5224 = CARTESIAN_POINT('',(0.,0.));
#5225 = VECTOR('',#5226,1.);
#5226 = DIRECTION('',(0.,-1.));
#5227 = ( GEOMETRIC_REPRESENTATION_CONTEXT(2) 
PARAMETRIC_REPRESENTATION_CONTEXT() REPRESENTATION_CONTEXT('2D SPACE',''
  ) );
#5228 = ORIENTED_EDGE('',*,*,#5229,.F.);
#5229 = EDGE_CURVE('',#5144,#5202,#5230,.T.);
#5230 = SURFACE_CURVE('',#5231,(#5235,#5242),.PCURVE_S1.);
#5231 = LINE('',#5232,#5233);
#5232 = CARTESIAN_POINT('',(18.,5.3,0.));
#5233 = VECTOR('',#5234,1.);
#5234 = DIRECTION('',(1.,0.,-0.));
#5235 = PCURVE('',#44,#5236);
#5236 = DEFINITIONAL_REPRESENTATION('',(#5237),#5241);
#5237 = LINE('',#5238,#5239);
#5238 = CARTESIAN_POINT('',(-1.5,5.3));
#5239 = VECTOR('',#5240,1.);
#5240 = DIRECTION('',(1.,0.));
#5241 = ( GEOMETRIC_REPRESENTATION_CONTEXT(2) 
PARAMETRIC_REPRESENTATION_CONTEXT() REPRESENTATION_CONTEXT('2D SPACE',''
  ) );
#5242 = PCURVE('',#5243,#5248);
#5243 = PLANE('',#5244);
#5244 = AXIS2_PLACEMENT_3D('',#5245,#5246,#5247);
#5245 = CARTESIAN_POINT('',(18.,5.3,0.));
#5246 = DIRECTION('',(-0.,1.,0.));
#5247 = DIRECTION('',(0.,0.,1.));
#5248 = DEFINITIONAL_REPRESENTATION('',(#5249),#5253);
#5249 = LINE('',#5250,#5251);
#5250 = CARTESIAN_POINT('',(0.,0.));
#5251 = VECTOR('',#5252,1.);
#5252 = DIRECTION('',(0.,1.));
#5253 = ( GEOMETRIC_REPRESENTATION_CONTEXT(2) 
PARAMETRIC_REPRESENTATION_CONTEXT() REPRESENTATION_CONTEXT('2D SPACE',''
  ) );
#5254 = FACE_BOUND('',#5255,.T.);
#5255 = EDGE_LOOP('',(#5256,#5286,#5314,#5342));
#5256 = ORIENTED_EDGE('',*,*,#5257,.F.);
#5257 = EDGE_CURVE('',#5258,#5260,#5262,.T.);
#5258 = VERTEX_POINT('',#5259);
#5259 = CARTESIAN_POINT('',(18.,9.075,0.));
#5260 = VERTEX_POINT('',#5261);
#5261 = CARTESIAN_POINT('',(20.,9.075,0.));
#5262 = SURFACE_CURVE('',#5263,(#5267,#5274),.PCURVE_S1.);
#5263 = LINE('',#5264,#5265);
#5264 = CARTESIAN_POINT('',(18.,9.075,0.));
#5265 = VECTOR('',#5266,1.);
#5266 = DIRECTION('',(1.,0.,0.));
#5267 = PCURVE('',#44,#5268);
#5268 = DEFINITIONAL_REPRESENTATION('',(#5269),#5273);
#5269 = LINE('',#5270,#5271);
#5270 = CARTESIAN_POINT('',(-1.5,9.075));
#5271 = VECTOR('',#5272,1.);
#5272 = DIRECTION('',(1.,0.));
#5273 = ( GEOMETRIC_REPRESENTATION_CONTEXT(2) 
PARAMETRIC_REPRESENTATION_CONTEXT() REPRESENTATION_CONTEXT('2D SPACE',''
  ) );
#5274 = PCURVE('',#5275,#5280);
#5275 = PLANE('',#5276);
#5276 = AXIS2_PLACEMENT_3D('',#5277,#5278,#5279);
#5277 = CARTESIAN_POINT('',(18.,9.075,0.));
#5278 = DIRECTION('',(0.,-1.,0.));
#5279 = DIRECTION('',(0.,0.,1.));
#5280 = DEFINITIONAL_REPRESENTATION('',(#5281),#5285);
#5281 = LINE('',#5282,#5283);
#5282 = CARTESIAN_POINT('',(0.,0.));
#5283 = VECTOR('',#5284,1.);
#5284 = DIRECTION('',(0.,-1.));
#5285 = ( GEOMETRIC_REPRESENTATION_CONTEXT(2) 
PARAMETRIC_REPRESENTATION_CONTEXT() REPRESENTATION_CONTEXT('2D SPACE',''
  ) );
#5286 = ORIENTED_EDGE('',*,*,#5287,.F.);
#5287 = EDGE_CURVE('',#5288,#5258,#5290,.T.);
#5288 = VERTEX_POINT('',#5289);
#5289 = CARTESIAN_POINT('',(18.,9.875,0.));
#5290 = SURFACE_CURVE('',#5291,(#5295,#5302),.PCURVE_S1.);
#5291 = LINE('',#5292,#5293);
#5292 = CARTESIAN_POINT('',(18.,9.875,0.));
#5293 = VECTOR('',#5294,1.);
#5294 = DIRECTION('',(0.,-1.,0.));
#5295 = PCURVE('',#44,#5296);
#5296 = DEFINITIONAL_REPRESENTATION('',(#5297),#5301);
#5297 = LINE('',#5298,#5299);
#5298 = CARTESIAN_POINT('',(-1.5,9.875));
#5299 = VECTOR('',#5300,1.);
#5300 = DIRECTION('',(0.,-1.));
#5301 = ( GEOMETRIC_REPRESENTATION_CONTEXT(2) 
PARAMETRIC_REPRESENTATION_CONTEXT() REPRESENTATION_CONTEXT('2D SPACE',''
  ) );
#5302 = PCURVE('',#5303,#5308);
#5303 = PLANE('',#5304);
#5304 = AXIS2_PLACEMENT_3D('',#5305,#5306,#5307);
#5305 = CARTESIAN_POINT('',(18.,9.446076360153,2.529699365813));
#5306 = DIRECTION('',(-1.,-0.,-0.));
#5307 = DIRECTION('',(0.,-1.,0.));
#5308 = DEFINITIONAL_REPRESENTATION('',(#5309),#5313);
#5309 = LINE('',#5310,#5311);
#5310 = CARTESIAN_POINT('',(-0.428923639847,-2.529699365813));
#5311 = VECTOR('',#5312,1.);
#5312 = DIRECTION('',(1.,0.));
#5313 = ( GEOMETRIC_REPRESENTATION_CONTEXT(2) 
PARAMETRIC_REPRESENTATION_CONTEXT() REPRESENTATION_CONTEXT('2D SPACE',''
  ) );
#5314 = ORIENTED_EDGE('',*,*,#5315,.T.);
#5315 = EDGE_CURVE('',#5288,#5316,#5318,.T.);
#5316 = VERTEX_POINT('',#5317);
#5317 = CARTESIAN_POINT('',(20.,9.875,0.));
#5318 = SURFACE_CURVE('',#5319,(#5323,#5330),.PCURVE_S1.);
#5319 = LINE('',#5320,#5321);
#5320 = CARTESIAN_POINT('',(18.,9.875,0.));
#5321 = VECTOR('',#5322,1.);
#5322 = DIRECTION('',(1.,0.,0.));
#5323 = PCURVE('',#44,#5324);
#5324 = DEFINITIONAL_REPRESENTATION('',(#5325),#5329);
#5325 = LINE('',#5326,#5327);
#5326 = CARTESIAN_POINT('',(-1.5,9.875));
#5327 = VECTOR('',#5328,1.);
#5328 = DIRECTION('',(1.,0.));
#5329 = ( GEOMETRIC_REPRESENTATION_CONTEXT(2) 
PARAMETRIC_REPRESENTATION_CONTEXT() REPRESENTATION_CONTEXT('2D SPACE',''
  ) );
#5330 = PCURVE('',#5331,#5336);
#5331 = PLANE('',#5332);
#5332 = AXIS2_PLACEMENT_3D('',#5333,#5334,#5335);
#5333 = CARTESIAN_POINT('',(18.,9.875,4.95));
#5334 = DIRECTION('',(0.,1.,0.));
#5335 = DIRECTION('',(0.,0.,-1.));
#5336 = DEFINITIONAL_REPRESENTATION('',(#5337),#5341);
#5337 = LINE('',#5338,#5339);
#5338 = CARTESIAN_POINT('',(4.95,0.));
#5339 = VECTOR('',#5340,1.);
#5340 = DIRECTION('',(0.,-1.));
#5341 = ( GEOMETRIC_REPRESENTATION_CONTEXT(2) 
PARAMETRIC_REPRESENTATION_CONTEXT() REPRESENTATION_CONTEXT('2D SPACE',''
  ) );
#5342 = ORIENTED_EDGE('',*,*,#5343,.T.);
#5343 = EDGE_CURVE('',#5316,#5260,#5344,.T.);
#5344 = SURFACE_CURVE('',#5345,(#5349,#5356),.PCURVE_S1.);
#5345 = LINE('',#5346,#5347);
#5346 = CARTESIAN_POINT('',(20.,9.875,0.));
#5347 = VECTOR('',#5348,1.);
#5348 = DIRECTION('',(0.,-1.,0.));
#5349 = PCURVE('',#44,#5350);
#5350 = DEFINITIONAL_REPRESENTATION('',(#5351),#5355);
#5351 = LINE('',#5352,#5353);
#5352 = CARTESIAN_POINT('',(0.5,9.875));
#5353 = VECTOR('',#5354,1.);
#5354 = DIRECTION('',(0.,-1.));
#5355 = ( GEOMETRIC_REPRESENTATION_CONTEXT(2) 
PARAMETRIC_REPRESENTATION_CONTEXT() REPRESENTATION_CONTEXT('2D SPACE',''
  ) );
#5356 = PCURVE('',#5357,#5362);
#5357 = PLANE('',#5358);
#5358 = AXIS2_PLACEMENT_3D('',#5359,#5360,#5361);
#5359 = CARTESIAN_POINT('',(20.,9.446076360153,2.529699365813));
#5360 = DIRECTION('',(-1.,-0.,-0.));
#5361 = DIRECTION('',(0.,-1.,0.));
#5362 = DEFINITIONAL_REPRESENTATION('',(#5363),#5367);
#5363 = LINE('',#5364,#5365);
#5364 = CARTESIAN_POINT('',(-0.428923639847,-2.529699365813));
#5365 = VECTOR('',#5366,1.);
#5366 = DIRECTION('',(1.,0.));
#5367 = ( GEOMETRIC_REPRESENTATION_CONTEXT(2) 
PARAMETRIC_REPRESENTATION_CONTEXT() REPRESENTATION_CONTEXT('2D SPACE',''
  ) );
#5368 = ADVANCED_FACE('',(#5369),#5331,.T.);
#5369 = FACE_BOUND('',#5370,.T.);
#5370 = EDGE_LOOP('',(#5371,#5401,#5422,#5423));
#5371 = ORIENTED_EDGE('',*,*,#5372,.T.);
#5372 = EDGE_CURVE('',#5373,#5375,#5377,.T.);
#5373 = VERTEX_POINT('',#5374);
#5374 = CARTESIAN_POINT('',(18.,9.875,4.95));
#5375 = VERTEX_POINT('',#5376);
#5376 = CARTESIAN_POINT('',(20.,9.875,4.95));
#5377 = SURFACE_CURVE('',#5378,(#5382,#5389),.PCURVE_S1.);
#5378 = LINE('',#5379,#5380);
#5379 = CARTESIAN_POINT('',(18.,9.875,4.95));
#5380 = VECTOR('',#5381,1.);
#5381 = DIRECTION('',(1.,0.,0.));
#5382 = PCURVE('',#5331,#5383);
#5383 = DEFINITIONAL_REPRESENTATION('',(#5384),#5388);
#5384 = LINE('',#5385,#5386);
#5385 = CARTESIAN_POINT('',(0.,0.));
#5386 = VECTOR('',#5387,1.);
#5387 = DIRECTION('',(0.,-1.));
#5388 = ( GEOMETRIC_REPRESENTATION_CONTEXT(2) 
PARAMETRIC_REPRESENTATION_CONTEXT() REPRESENTATION_CONTEXT('2D SPACE',''
  ) );
#5389 = PCURVE('',#5390,#5395);
#5390 = PLANE('',#5391);
#5391 = AXIS2_PLACEMENT_3D('',#5392,#5393,#5394);
#5392 = CARTESIAN_POINT('',(18.,9.575,4.95));
#5393 = DIRECTION('',(0.,0.,1.));
#5394 = DIRECTION('',(0.,1.,0.));
#5395 = DEFINITIONAL_REPRESENTATION('',(#5396),#5400);
#5396 = LINE('',#5397,#5398);
#5397 = CARTESIAN_POINT('',(0.3,0.));
#5398 = VECTOR('',#5399,1.);
#5399 = DIRECTION('',(0.,-1.));
#5400 = ( GEOMETRIC_REPRESENTATION_CONTEXT(2) 
PARAMETRIC_REPRESENTATION_CONTEXT() REPRESENTATION_CONTEXT('2D SPACE',''
  ) );
#5401 = ORIENTED_EDGE('',*,*,#5402,.T.);
#5402 = EDGE_CURVE('',#5375,#5316,#5403,.T.);
#5403 = SURFACE_CURVE('',#5404,(#5408,#5415),.PCURVE_S1.);
#5404 = LINE('',#5405,#5406);
#5405 = CARTESIAN_POINT('',(20.,9.875,4.95));
#5406 = VECTOR('',#5407,1.);
#5407 = DIRECTION('',(0.,0.,-1.));
#5408 = PCURVE('',#5331,#5409);
#5409 = DEFINITIONAL_REPRESENTATION('',(#5410),#5414);
#5410 = LINE('',#5411,#5412);
#5411 = CARTESIAN_POINT('',(0.,-2.));
#5412 = VECTOR('',#5413,1.);
#5413 = DIRECTION('',(1.,0.));
#5414 = ( GEOMETRIC_REPRESENTATION_CONTEXT(2) 
PARAMETRIC_REPRESENTATION_CONTEXT() REPRESENTATION_CONTEXT('2D SPACE',''
  ) );
#5415 = PCURVE('',#5357,#5416);
#5416 = DEFINITIONAL_REPRESENTATION('',(#5417),#5421);
#5417 = LINE('',#5418,#5419);
#5418 = CARTESIAN_POINT('',(-0.428923639847,2.420300634187));
#5419 = VECTOR('',#5420,1.);
#5420 = DIRECTION('',(0.,-1.));
#5421 = ( GEOMETRIC_REPRESENTATION_CONTEXT(2) 
PARAMETRIC_REPRESENTATION_CONTEXT() REPRESENTATION_CONTEXT('2D SPACE',''
  ) );
#5422 = ORIENTED_EDGE('',*,*,#5315,.F.);
#5423 = ORIENTED_EDGE('',*,*,#5424,.F.);
#5424 = EDGE_CURVE('',#5373,#5288,#5425,.T.);
#5425 = SURFACE_CURVE('',#5426,(#5430,#5437),.PCURVE_S1.);
#5426 = LINE('',#5427,#5428);
#5427 = CARTESIAN_POINT('',(18.,9.875,4.95));
#5428 = VECTOR('',#5429,1.);
#5429 = DIRECTION('',(0.,0.,-1.));
#5430 = PCURVE('',#5331,#5431);
#5431 = DEFINITIONAL_REPRESENTATION('',(#5432),#5436);
#5432 = LINE('',#5433,#5434);
#5433 = CARTESIAN_POINT('',(0.,0.));
#5434 = VECTOR('',#5435,1.);
#5435 = DIRECTION('',(1.,0.));
#5436 = ( GEOMETRIC_REPRESENTATION_CONTEXT(2) 
PARAMETRIC_REPRESENTATION_CONTEXT() REPRESENTATION_CONTEXT('2D SPACE',''
  ) );
#5437 = PCURVE('',#5303,#5438);
#5438 = DEFINITIONAL_REPRESENTATION('',(#5439),#5443);
#5439 = LINE('',#5440,#5441);
#5440 = CARTESIAN_POINT('',(-0.428923639847,2.420300634187));
#5441 = VECTOR('',#5442,1.);
#5442 = DIRECTION('',(0.,-1.));
#5443 = ( GEOMETRIC_REPRESENTATION_CONTEXT(2) 
PARAMETRIC_REPRESENTATION_CONTEXT() REPRESENTATION_CONTEXT('2D SPACE',''
  ) );
#5444 = ADVANCED_FACE('',(#5445),#5390,.T.);
#5445 = FACE_BOUND('',#5446,.T.);
#5446 = EDGE_LOOP('',(#5447,#5477,#5498,#5499));
#5447 = ORIENTED_EDGE('',*,*,#5448,.T.);
#5448 = EDGE_CURVE('',#5449,#5451,#5453,.T.);
#5449 = VERTEX_POINT('',#5450);
#5450 = CARTESIAN_POINT('',(18.,9.575,4.95));
#5451 = VERTEX_POINT('',#5452);
#5452 = CARTESIAN_POINT('',(20.,9.575,4.95));
#5453 = SURFACE_CURVE('',#5454,(#5458,#5465),.PCURVE_S1.);
#5454 = LINE('',#5455,#5456);
#5455 = CARTESIAN_POINT('',(18.,9.575,4.95));
#5456 = VECTOR('',#5457,1.);
#5457 = DIRECTION('',(1.,0.,0.));
#5458 = PCURVE('',#5390,#5459);
#5459 = DEFINITIONAL_REPRESENTATION('',(#5460),#5464);
#5460 = LINE('',#5461,#5462);
#5461 = CARTESIAN_POINT('',(0.,0.));
#5462 = VECTOR('',#5463,1.);
#5463 = DIRECTION('',(0.,-1.));
#5464 = ( GEOMETRIC_REPRESENTATION_CONTEXT(2) 
PARAMETRIC_REPRESENTATION_CONTEXT() REPRESENTATION_CONTEXT('2D SPACE',''
  ) );
#5465 = PCURVE('',#5466,#5471);
#5466 = PLANE('',#5467);
#5467 = AXIS2_PLACEMENT_3D('',#5468,#5469,#5470);
#5468 = CARTESIAN_POINT('',(18.,8.65,4.35));
#5469 = DIRECTION('',(0.,-0.544191105099,0.838961287028));
#5470 = DIRECTION('',(0.,0.838961287028,0.544191105099));
#5471 = DEFINITIONAL_REPRESENTATION('',(#5472),#5476);
#5472 = LINE('',#5473,#5474);
#5473 = CARTESIAN_POINT('',(1.10255385356,0.));
#5474 = VECTOR('',#5475,1.);
#5475 = DIRECTION('',(0.,-1.));
#5476 = ( GEOMETRIC_REPRESENTATION_CONTEXT(2) 
PARAMETRIC_REPRESENTATION_CONTEXT() REPRESENTATION_CONTEXT('2D SPACE',''
  ) );
#5477 = ORIENTED_EDGE('',*,*,#5478,.T.);
#5478 = EDGE_CURVE('',#5451,#5375,#5479,.T.);
#5479 = SURFACE_CURVE('',#5480,(#5484,#5491),.PCURVE_S1.);
#5480 = LINE('',#5481,#5482);
#5481 = CARTESIAN_POINT('',(20.,9.575,4.95));
#5482 = VECTOR('',#5483,1.);
#5483 = DIRECTION('',(0.,1.,0.));
#5484 = PCURVE('',#5390,#5485);
#5485 = DEFINITIONAL_REPRESENTATION('',(#5486),#5490);
#5486 = LINE('',#5487,#5488);
#5487 = CARTESIAN_POINT('',(0.,-2.));
#5488 = VECTOR('',#5489,1.);
#5489 = DIRECTION('',(1.,0.));
#5490 = ( GEOMETRIC_REPRESENTATION_CONTEXT(2) 
PARAMETRIC_REPRESENTATION_CONTEXT() REPRESENTATION_CONTEXT('2D SPACE',''
  ) );
#5491 = PCURVE('',#5357,#5492);
#5492 = DEFINITIONAL_REPRESENTATION('',(#5493),#5497);
#5493 = LINE('',#5494,#5495);
#5494 = CARTESIAN_POINT('',(-0.128923639847,2.420300634187));
#5495 = VECTOR('',#5496,1.);
#5496 = DIRECTION('',(-1.,0.));
#5497 = ( GEOMETRIC_REPRESENTATION_CONTEXT(2) 
PARAMETRIC_REPRESENTATION_CONTEXT() REPRESENTATION_CONTEXT('2D SPACE',''
  ) );
#5498 = ORIENTED_EDGE('',*,*,#5372,.F.);
#5499 = ORIENTED_EDGE('',*,*,#5500,.F.);
#5500 = EDGE_CURVE('',#5449,#5373,#5501,.T.);
#5501 = SURFACE_CURVE('',#5502,(#5506,#5513),.PCURVE_S1.);
#5502 = LINE('',#5503,#5504);
#5503 = CARTESIAN_POINT('',(18.,9.575,4.95));
#5504 = VECTOR('',#5505,1.);
#5505 = DIRECTION('',(0.,1.,0.));
#5506 = PCURVE('',#5390,#5507);
#5507 = DEFINITIONAL_REPRESENTATION('',(#5508),#5512);
#5508 = LINE('',#5509,#5510);
#5509 = CARTESIAN_POINT('',(0.,0.));
#5510 = VECTOR('',#5511,1.);
#5511 = DIRECTION('',(1.,0.));
#5512 = ( GEOMETRIC_REPRESENTATION_CONTEXT(2) 
PARAMETRIC_REPRESENTATION_CONTEXT() REPRESENTATION_CONTEXT('2D SPACE',''
  ) );
#5513 = PCURVE('',#5303,#5514);
#5514 = DEFINITIONAL_REPRESENTATION('',(#5515),#5519);
#5515 = LINE('',#5516,#5517);
#5516 = CARTESIAN_POINT('',(-0.128923639847,2.420300634187));
#5517 = VECTOR('',#5518,1.);
#5518 = DIRECTION('',(-1.,0.));
#5519 = ( GEOMETRIC_REPRESENTATION_CONTEXT(2) 
PARAMETRIC_REPRESENTATION_CONTEXT() REPRESENTATION_CONTEXT('2D SPACE',''
  ) );
#5520 = ADVANCED_FACE('',(#5521),#5466,.T.);
#5521 = FACE_BOUND('',#5522,.T.);
#5522 = EDGE_LOOP('',(#5523,#5553,#5574,#5575));
#5523 = ORIENTED_EDGE('',*,*,#5524,.T.);
#5524 = EDGE_CURVE('',#5525,#5527,#5529,.T.);
#5525 = VERTEX_POINT('',#5526);
#5526 = CARTESIAN_POINT('',(18.,8.65,4.35));
#5527 = VERTEX_POINT('',#5528);
#5528 = CARTESIAN_POINT('',(20.,8.65,4.35));
#5529 = SURFACE_CURVE('',#5530,(#5534,#5541),.PCURVE_S1.);
#5530 = LINE('',#5531,#5532);
#5531 = CARTESIAN_POINT('',(18.,8.65,4.35));
#5532 = VECTOR('',#5533,1.);
#5533 = DIRECTION('',(1.,0.,0.));
#5534 = PCURVE('',#5466,#5535);
#5535 = DEFINITIONAL_REPRESENTATION('',(#5536),#5540);
#5536 = LINE('',#5537,#5538);
#5537 = CARTESIAN_POINT('',(0.,0.));
#5538 = VECTOR('',#5539,1.);
#5539 = DIRECTION('',(0.,-1.));
#5540 = ( GEOMETRIC_REPRESENTATION_CONTEXT(2) 
PARAMETRIC_REPRESENTATION_CONTEXT() REPRESENTATION_CONTEXT('2D SPACE',''
  ) );
#5541 = PCURVE('',#5542,#5547);
#5542 = PLANE('',#5543);
#5543 = AXIS2_PLACEMENT_3D('',#5544,#5545,#5546);
#5544 = CARTESIAN_POINT('',(18.,9.075,4.35));
#5545 = DIRECTION('',(0.,0.,-1.));
#5546 = DIRECTION('',(0.,-1.,0.));
#5547 = DEFINITIONAL_REPRESENTATION('',(#5548),#5552);
#5548 = LINE('',#5549,#5550);
#5549 = CARTESIAN_POINT('',(0.425,0.));
#5550 = VECTOR('',#5551,1.);
#5551 = DIRECTION('',(0.,-1.));
#5552 = ( GEOMETRIC_REPRESENTATION_CONTEXT(2) 
PARAMETRIC_REPRESENTATION_CONTEXT() REPRESENTATION_CONTEXT('2D SPACE',''
  ) );
#5553 = ORIENTED_EDGE('',*,*,#5554,.T.);
#5554 = EDGE_CURVE('',#5527,#5451,#5555,.T.);
#5555 = SURFACE_CURVE('',#5556,(#5560,#5567),.PCURVE_S1.);
#5556 = LINE('',#5557,#5558);
#5557 = CARTESIAN_POINT('',(20.,8.65,4.35));
#5558 = VECTOR('',#5559,1.);
#5559 = DIRECTION('',(0.,0.838961287028,0.544191105099));
#5560 = PCURVE('',#5466,#5561);
#5561 = DEFINITIONAL_REPRESENTATION('',(#5562),#5566);
#5562 = LINE('',#5563,#5564);
#5563 = CARTESIAN_POINT('',(0.,-2.));
#5564 = VECTOR('',#5565,1.);
#5565 = DIRECTION('',(1.,0.));
#5566 = ( GEOMETRIC_REPRESENTATION_CONTEXT(2) 
PARAMETRIC_REPRESENTATION_CONTEXT() REPRESENTATION_CONTEXT('2D SPACE',''
  ) );
#5567 = PCURVE('',#5357,#5568);
#5568 = DEFINITIONAL_REPRESENTATION('',(#5569),#5573);
#5569 = LINE('',#5570,#5571);
#5570 = CARTESIAN_POINT('',(0.796076360153,1.820300634187));
#5571 = VECTOR('',#5572,1.);
#5572 = DIRECTION('',(-0.838961287028,0.544191105099));
#5573 = ( GEOMETRIC_REPRESENTATION_CONTEXT(2) 
PARAMETRIC_REPRESENTATION_CONTEXT() REPRESENTATION_CONTEXT('2D SPACE',''
  ) );
#5574 = ORIENTED_EDGE('',*,*,#5448,.F.);
#5575 = ORIENTED_EDGE('',*,*,#5576,.F.);
#5576 = EDGE_CURVE('',#5525,#5449,#5577,.T.);
#5577 = SURFACE_CURVE('',#5578,(#5582,#5589),.PCURVE_S1.);
#5578 = LINE('',#5579,#5580);
#5579 = CARTESIAN_POINT('',(18.,8.65,4.35));
#5580 = VECTOR('',#5581,1.);
#5581 = DIRECTION('',(0.,0.838961287028,0.544191105099));
#5582 = PCURVE('',#5466,#5583);
#5583 = DEFINITIONAL_REPRESENTATION('',(#5584),#5588);
#5584 = LINE('',#5585,#5586);
#5585 = CARTESIAN_POINT('',(0.,0.));
#5586 = VECTOR('',#5587,1.);
#5587 = DIRECTION('',(1.,0.));
#5588 = ( GEOMETRIC_REPRESENTATION_CONTEXT(2) 
PARAMETRIC_REPRESENTATION_CONTEXT() REPRESENTATION_CONTEXT('2D SPACE',''
  ) );
#5589 = PCURVE('',#5303,#5590);
#5590 = DEFINITIONAL_REPRESENTATION('',(#5591),#5595);
#5591 = LINE('',#5592,#5593);
#5592 = CARTESIAN_POINT('',(0.796076360153,1.820300634187));
#5593 = VECTOR('',#5594,1.);
#5594 = DIRECTION('',(-0.838961287028,0.544191105099));
#5595 = ( GEOMETRIC_REPRESENTATION_CONTEXT(2) 
PARAMETRIC_REPRESENTATION_CONTEXT() REPRESENTATION_CONTEXT('2D SPACE',''
  ) );
#5596 = ADVANCED_FACE('',(#5597),#5542,.T.);
#5597 = FACE_BOUND('',#5598,.T.);
#5598 = EDGE_LOOP('',(#5599,#5624,#5645,#5646));
#5599 = ORIENTED_EDGE('',*,*,#5600,.T.);
#5600 = EDGE_CURVE('',#5601,#5603,#5605,.T.);
#5601 = VERTEX_POINT('',#5602);
#5602 = CARTESIAN_POINT('',(18.,9.075,4.35));
#5603 = VERTEX_POINT('',#5604);
#5604 = CARTESIAN_POINT('',(20.,9.075,4.35));
#5605 = SURFACE_CURVE('',#5606,(#5610,#5617),.PCURVE_S1.);
#5606 = LINE('',#5607,#5608);
#5607 = CARTESIAN_POINT('',(18.,9.075,4.35));
#5608 = VECTOR('',#5609,1.);
#5609 = DIRECTION('',(1.,0.,0.));
#5610 = PCURVE('',#5542,#5611);
#5611 = DEFINITIONAL_REPRESENTATION('',(#5612),#5616);
#5612 = LINE('',#5613,#5614);
#5613 = CARTESIAN_POINT('',(0.,0.));
#5614 = VECTOR('',#5615,1.);
#5615 = DIRECTION('',(0.,-1.));
#5616 = ( GEOMETRIC_REPRESENTATION_CONTEXT(2) 
PARAMETRIC_REPRESENTATION_CONTEXT() REPRESENTATION_CONTEXT('2D SPACE',''
  ) );
#5617 = PCURVE('',#5275,#5618);
#5618 = DEFINITIONAL_REPRESENTATION('',(#5619),#5623);
#5619 = LINE('',#5620,#5621);
#5620 = CARTESIAN_POINT('',(4.35,0.));
#5621 = VECTOR('',#5622,1.);
#5622 = DIRECTION('',(0.,-1.));
#5623 = ( GEOMETRIC_REPRESENTATION_CONTEXT(2) 
PARAMETRIC_REPRESENTATION_CONTEXT() REPRESENTATION_CONTEXT('2D SPACE',''
  ) );
#5624 = ORIENTED_EDGE('',*,*,#5625,.T.);
#5625 = EDGE_CURVE('',#5603,#5527,#5626,.T.);
#5626 = SURFACE_CURVE('',#5627,(#5631,#5638),.PCURVE_S1.);
#5627 = LINE('',#5628,#5629);
#5628 = CARTESIAN_POINT('',(20.,9.075,4.35));
#5629 = VECTOR('',#5630,1.);
#5630 = DIRECTION('',(0.,-1.,0.));
#5631 = PCURVE('',#5542,#5632);
#5632 = DEFINITIONAL_REPRESENTATION('',(#5633),#5637);
#5633 = LINE('',#5634,#5635);
#5634 = CARTESIAN_POINT('',(0.,-2.));
#5635 = VECTOR('',#5636,1.);
#5636 = DIRECTION('',(1.,0.));
#5637 = ( GEOMETRIC_REPRESENTATION_CONTEXT(2) 
PARAMETRIC_REPRESENTATION_CONTEXT() REPRESENTATION_CONTEXT('2D SPACE',''
  ) );
#5638 = PCURVE('',#5357,#5639);
#5639 = DEFINITIONAL_REPRESENTATION('',(#5640),#5644);
#5640 = LINE('',#5641,#5642);
#5641 = CARTESIAN_POINT('',(0.371076360153,1.820300634187));
#5642 = VECTOR('',#5643,1.);
#5643 = DIRECTION('',(1.,0.));
#5644 = ( GEOMETRIC_REPRESENTATION_CONTEXT(2) 
PARAMETRIC_REPRESENTATION_CONTEXT() REPRESENTATION_CONTEXT('2D SPACE',''
  ) );
#5645 = ORIENTED_EDGE('',*,*,#5524,.F.);
#5646 = ORIENTED_EDGE('',*,*,#5647,.F.);
#5647 = EDGE_CURVE('',#5601,#5525,#5648,.T.);
#5648 = SURFACE_CURVE('',#5649,(#5653,#5660),.PCURVE_S1.);
#5649 = LINE('',#5650,#5651);
#5650 = CARTESIAN_POINT('',(18.,9.075,4.35));
#5651 = VECTOR('',#5652,1.);
#5652 = DIRECTION('',(0.,-1.,0.));
#5653 = PCURVE('',#5542,#5654);
#5654 = DEFINITIONAL_REPRESENTATION('',(#5655),#5659);
#5655 = LINE('',#5656,#5657);
#5656 = CARTESIAN_POINT('',(0.,0.));
#5657 = VECTOR('',#5658,1.);
#5658 = DIRECTION('',(1.,0.));
#5659 = ( GEOMETRIC_REPRESENTATION_CONTEXT(2) 
PARAMETRIC_REPRESENTATION_CONTEXT() REPRESENTATION_CONTEXT('2D SPACE',''
  ) );
#5660 = PCURVE('',#5303,#5661);
#5661 = DEFINITIONAL_REPRESENTATION('',(#5662),#5666);
#5662 = LINE('',#5663,#5664);
#5663 = CARTESIAN_POINT('',(0.371076360153,1.820300634187));
#5664 = VECTOR('',#5665,1.);
#5665 = DIRECTION('',(1.,0.));
#5666 = ( GEOMETRIC_REPRESENTATION_CONTEXT(2) 
PARAMETRIC_REPRESENTATION_CONTEXT() REPRESENTATION_CONTEXT('2D SPACE',''
  ) );
#5667 = ADVANCED_FACE('',(#5668),#5357,.F.);
#5668 = FACE_BOUND('',#5669,.F.);
#5669 = EDGE_LOOP('',(#5670,#5691,#5692,#5693,#5694,#5695));
#5670 = ORIENTED_EDGE('',*,*,#5671,.T.);
#5671 = EDGE_CURVE('',#5260,#5603,#5672,.T.);
#5672 = SURFACE_CURVE('',#5673,(#5677,#5684),.PCURVE_S1.);
#5673 = LINE('',#5674,#5675);
#5674 = CARTESIAN_POINT('',(20.,9.075,0.));
#5675 = VECTOR('',#5676,1.);
#5676 = DIRECTION('',(0.,0.,1.));
#5677 = PCURVE('',#5357,#5678);
#5678 = DEFINITIONAL_REPRESENTATION('',(#5679),#5683);
#5679 = LINE('',#5680,#5681);
#5680 = CARTESIAN_POINT('',(0.371076360153,-2.529699365813));
#5681 = VECTOR('',#5682,1.);
#5682 = DIRECTION('',(0.,1.));
#5683 = ( GEOMETRIC_REPRESENTATION_CONTEXT(2) 
PARAMETRIC_REPRESENTATION_CONTEXT() REPRESENTATION_CONTEXT('2D SPACE',''
  ) );
#5684 = PCURVE('',#5275,#5685);
#5685 = DEFINITIONAL_REPRESENTATION('',(#5686),#5690);
#5686 = LINE('',#5687,#5688);
#5687 = CARTESIAN_POINT('',(0.,-2.));
#5688 = VECTOR('',#5689,1.);
#5689 = DIRECTION('',(1.,0.));
#5690 = ( GEOMETRIC_REPRESENTATION_CONTEXT(2) 
PARAMETRIC_REPRESENTATION_CONTEXT() REPRESENTATION_CONTEXT('2D SPACE',''
  ) );
#5691 = ORIENTED_EDGE('',*,*,#5625,.T.);
#5692 = ORIENTED_EDGE('',*,*,#5554,.T.);
#5693 = ORIENTED_EDGE('',*,*,#5478,.T.);
#5694 = ORIENTED_EDGE('',*,*,#5402,.T.);
#5695 = ORIENTED_EDGE('',*,*,#5343,.T.);
#5696 = ADVANCED_FACE('',(#5697),#5303,.T.);
#5697 = FACE_BOUND('',#5698,.T.);
#5698 = EDGE_LOOP('',(#5699,#5720,#5721,#5722,#5723,#5724));
#5699 = ORIENTED_EDGE('',*,*,#5700,.T.);
#5700 = EDGE_CURVE('',#5258,#5601,#5701,.T.);
#5701 = SURFACE_CURVE('',#5702,(#5706,#5713),.PCURVE_S1.);
#5702 = LINE('',#5703,#5704);
#5703 = CARTESIAN_POINT('',(18.,9.075,0.));
#5704 = VECTOR('',#5705,1.);
#5705 = DIRECTION('',(0.,0.,1.));
#5706 = PCURVE('',#5303,#5707);
#5707 = DEFINITIONAL_REPRESENTATION('',(#5708),#5712);
#5708 = LINE('',#5709,#5710);
#5709 = CARTESIAN_POINT('',(0.371076360153,-2.529699365813));
#5710 = VECTOR('',#5711,1.);
#5711 = DIRECTION('',(0.,1.));
#5712 = ( GEOMETRIC_REPRESENTATION_CONTEXT(2) 
PARAMETRIC_REPRESENTATION_CONTEXT() REPRESENTATION_CONTEXT('2D SPACE',''
  ) );
#5713 = PCURVE('',#5275,#5714);
#5714 = DEFINITIONAL_REPRESENTATION('',(#5715),#5719);
#5715 = LINE('',#5716,#5717);
#5716 = CARTESIAN_POINT('',(0.,0.));
#5717 = VECTOR('',#5718,1.);
#5718 = DIRECTION('',(1.,0.));
#5719 = ( GEOMETRIC_REPRESENTATION_CONTEXT(2) 
PARAMETRIC_REPRESENTATION_CONTEXT() REPRESENTATION_CONTEXT('2D SPACE',''
  ) );
#5720 = ORIENTED_EDGE('',*,*,#5647,.T.);
#5721 = ORIENTED_EDGE('',*,*,#5576,.T.);
#5722 = ORIENTED_EDGE('',*,*,#5500,.T.);
#5723 = ORIENTED_EDGE('',*,*,#5424,.T.);
#5724 = ORIENTED_EDGE('',*,*,#5287,.T.);
#5725 = ADVANCED_FACE('',(#5726),#5275,.T.);
#5726 = FACE_BOUND('',#5727,.T.);
#5727 = EDGE_LOOP('',(#5728,#5729,#5730,#5731));
#5728 = ORIENTED_EDGE('',*,*,#5257,.T.);
#5729 = ORIENTED_EDGE('',*,*,#5671,.T.);
#5730 = ORIENTED_EDGE('',*,*,#5600,.F.);
#5731 = ORIENTED_EDGE('',*,*,#5700,.F.);
#5732 = ADVANCED_FACE('',(#5733),#5217,.T.);
#5733 = FACE_BOUND('',#5734,.T.);
#5734 = EDGE_LOOP('',(#5735,#5758,#5759,#5782));
#5735 = ORIENTED_EDGE('',*,*,#5736,.F.);
#5736 = EDGE_CURVE('',#5202,#5737,#5739,.T.);
#5737 = VERTEX_POINT('',#5738);
#5738 = CARTESIAN_POINT('',(21.,5.3,3.));
#5739 = SURFACE_CURVE('',#5740,(#5744,#5751),.PCURVE_S1.);
#5740 = LINE('',#5741,#5742);
#5741 = CARTESIAN_POINT('',(21.,5.3,0.));
#5742 = VECTOR('',#5743,1.);
#5743 = DIRECTION('',(0.,0.,1.));
#5744 = PCURVE('',#5217,#5745);
#5745 = DEFINITIONAL_REPRESENTATION('',(#5746),#5750);
#5746 = LINE('',#5747,#5748);
#5747 = CARTESIAN_POINT('',(0.,0.));
#5748 = VECTOR('',#5749,1.);
#5749 = DIRECTION('',(1.,0.));
#5750 = ( GEOMETRIC_REPRESENTATION_CONTEXT(2) 
PARAMETRIC_REPRESENTATION_CONTEXT() REPRESENTATION_CONTEXT('2D SPACE',''
  ) );
#5751 = PCURVE('',#5243,#5752);
#5752 = DEFINITIONAL_REPRESENTATION('',(#5753),#5757);
#5753 = LINE('',#5754,#5755);
#5754 = CARTESIAN_POINT('',(0.,3.));
#5755 = VECTOR('',#5756,1.);
#5756 = DIRECTION('',(1.,0.));
#5757 = ( GEOMETRIC_REPRESENTATION_CONTEXT(2) 
PARAMETRIC_REPRESENTATION_CONTEXT() REPRESENTATION_CONTEXT('2D SPACE',''
  ) );
#5758 = ORIENTED_EDGE('',*,*,#5201,.T.);
#5759 = ORIENTED_EDGE('',*,*,#5760,.T.);
#5760 = EDGE_CURVE('',#5174,#5761,#5763,.T.);
#5761 = VERTEX_POINT('',#5762);
#5762 = CARTESIAN_POINT('',(21.,8.3,3.));
#5763 = SURFACE_CURVE('',#5764,(#5768,#5775),.PCURVE_S1.);
#5764 = LINE('',#5765,#5766);
#5765 = CARTESIAN_POINT('',(21.,8.3,0.));
#5766 = VECTOR('',#5767,1.);
#5767 = DIRECTION('',(0.,0.,1.));
#5768 = PCURVE('',#5217,#5769);
#5769 = DEFINITIONAL_REPRESENTATION('',(#5770),#5774);
#5770 = LINE('',#5771,#5772);
#5771 = CARTESIAN_POINT('',(0.,-3.));
#5772 = VECTOR('',#5773,1.);
#5773 = DIRECTION('',(1.,0.));
#5774 = ( GEOMETRIC_REPRESENTATION_CONTEXT(2) 
PARAMETRIC_REPRESENTATION_CONTEXT() REPRESENTATION_CONTEXT('2D SPACE',''
  ) );
#5775 = PCURVE('',#5189,#5776);
#5776 = DEFINITIONAL_REPRESENTATION('',(#5777),#5781);
#5777 = LINE('',#5778,#5779);
#5778 = CARTESIAN_POINT('',(0.,3.));
#5779 = VECTOR('',#5780,1.);
#5780 = DIRECTION('',(1.,0.));
#5781 = ( GEOMETRIC_REPRESENTATION_CONTEXT(2) 
PARAMETRIC_REPRESENTATION_CONTEXT() REPRESENTATION_CONTEXT('2D SPACE',''
  ) );
#5782 = ORIENTED_EDGE('',*,*,#5783,.F.);
#5783 = EDGE_CURVE('',#5737,#5761,#5784,.T.);
#5784 = SURFACE_CURVE('',#5785,(#5789,#5796),.PCURVE_S1.);
#5785 = LINE('',#5786,#5787);
#5786 = CARTESIAN_POINT('',(21.,5.3,3.));
#5787 = VECTOR('',#5788,1.);
#5788 = DIRECTION('',(-0.,1.,0.));
#5789 = PCURVE('',#5217,#5790);
#5790 = DEFINITIONAL_REPRESENTATION('',(#5791),#5795);
#5791 = LINE('',#5792,#5793);
#5792 = CARTESIAN_POINT('',(3.,0.));
#5793 = VECTOR('',#5794,1.);
#5794 = DIRECTION('',(0.,-1.));
#5795 = ( GEOMETRIC_REPRESENTATION_CONTEXT(2) 
PARAMETRIC_REPRESENTATION_CONTEXT() REPRESENTATION_CONTEXT('2D SPACE',''
  ) );
#5796 = PCURVE('',#5797,#5802);
#5797 = PLANE('',#5798);
#5798 = AXIS2_PLACEMENT_3D('',#5799,#5800,#5801);
#5799 = CARTESIAN_POINT('',(18.,5.3,3.));
#5800 = DIRECTION('',(0.,0.,1.));
#5801 = DIRECTION('',(1.,0.,-0.));
#5802 = DEFINITIONAL_REPRESENTATION('',(#5803),#5807);
#5803 = LINE('',#5804,#5805);
#5804 = CARTESIAN_POINT('',(3.,0.));
#5805 = VECTOR('',#5806,1.);
#5806 = DIRECTION('',(0.,1.));
#5807 = ( GEOMETRIC_REPRESENTATION_CONTEXT(2) 
PARAMETRIC_REPRESENTATION_CONTEXT() REPRESENTATION_CONTEXT('2D SPACE',''
  ) );
#5808 = ADVANCED_FACE('',(#5809),#5797,.T.);
#5809 = FACE_BOUND('',#5810,.T.);
#5810 = EDGE_LOOP('',(#5811,#5836,#5857,#5858));
#5811 = ORIENTED_EDGE('',*,*,#5812,.F.);
#5812 = EDGE_CURVE('',#5813,#5815,#5817,.T.);
#5813 = VERTEX_POINT('',#5814);
#5814 = CARTESIAN_POINT('',(18.,5.3,3.));
#5815 = VERTEX_POINT('',#5816);
#5816 = CARTESIAN_POINT('',(18.,8.3,3.));
#5817 = SURFACE_CURVE('',#5818,(#5822,#5829),.PCURVE_S1.);
#5818 = LINE('',#5819,#5820);
#5819 = CARTESIAN_POINT('',(18.,5.3,3.));
#5820 = VECTOR('',#5821,1.);
#5821 = DIRECTION('',(-0.,1.,0.));
#5822 = PCURVE('',#5797,#5823);
#5823 = DEFINITIONAL_REPRESENTATION('',(#5824),#5828);
#5824 = LINE('',#5825,#5826);
#5825 = CARTESIAN_POINT('',(0.,0.));
#5826 = VECTOR('',#5827,1.);
#5827 = DIRECTION('',(0.,1.));
#5828 = ( GEOMETRIC_REPRESENTATION_CONTEXT(2) 
PARAMETRIC_REPRESENTATION_CONTEXT() REPRESENTATION_CONTEXT('2D SPACE',''
  ) );
#5829 = PCURVE('',#5161,#5830);
#5830 = DEFINITIONAL_REPRESENTATION('',(#5831),#5835);
#5831 = LINE('',#5832,#5833);
#5832 = CARTESIAN_POINT('',(3.,0.));
#5833 = VECTOR('',#5834,1.);
#5834 = DIRECTION('',(0.,-1.));
#5835 = ( GEOMETRIC_REPRESENTATION_CONTEXT(2) 
PARAMETRIC_REPRESENTATION_CONTEXT() REPRESENTATION_CONTEXT('2D SPACE',''
  ) );
#5836 = ORIENTED_EDGE('',*,*,#5837,.T.);
#5837 = EDGE_CURVE('',#5813,#5737,#5838,.T.);
#5838 = SURFACE_CURVE('',#5839,(#5843,#5850),.PCURVE_S1.);
#5839 = LINE('',#5840,#5841);
#5840 = CARTESIAN_POINT('',(18.,5.3,3.));
#5841 = VECTOR('',#5842,1.);
#5842 = DIRECTION('',(1.,0.,-0.));
#5843 = PCURVE('',#5797,#5844);
#5844 = DEFINITIONAL_REPRESENTATION('',(#5845),#5849);
#5845 = LINE('',#5846,#5847);
#5846 = CARTESIAN_POINT('',(0.,0.));
#5847 = VECTOR('',#5848,1.);
#5848 = DIRECTION('',(1.,0.));
#5849 = ( GEOMETRIC_REPRESENTATION_CONTEXT(2) 
PARAMETRIC_REPRESENTATION_CONTEXT() REPRESENTATION_CONTEXT('2D SPACE',''
  ) );
#5850 = PCURVE('',#5243,#5851);
#5851 = DEFINITIONAL_REPRESENTATION('',(#5852),#5856);
#5852 = LINE('',#5853,#5854);
#5853 = CARTESIAN_POINT('',(3.,0.));
#5854 = VECTOR('',#5855,1.);
#5855 = DIRECTION('',(0.,1.));
#5856 = ( GEOMETRIC_REPRESENTATION_CONTEXT(2) 
PARAMETRIC_REPRESENTATION_CONTEXT() REPRESENTATION_CONTEXT('2D SPACE',''
  ) );
#5857 = ORIENTED_EDGE('',*,*,#5783,.T.);
#5858 = ORIENTED_EDGE('',*,*,#5859,.F.);
#5859 = EDGE_CURVE('',#5815,#5761,#5860,.T.);
#5860 = SURFACE_CURVE('',#5861,(#5865,#5872),.PCURVE_S1.);
#5861 = LINE('',#5862,#5863);
#5862 = CARTESIAN_POINT('',(18.,8.3,3.));
#5863 = VECTOR('',#5864,1.);
#5864 = DIRECTION('',(1.,0.,-0.));
#5865 = PCURVE('',#5797,#5866);
#5866 = DEFINITIONAL_REPRESENTATION('',(#5867),#5871);
#5867 = LINE('',#5868,#5869);
#5868 = CARTESIAN_POINT('',(0.,3.));
#5869 = VECTOR('',#5870,1.);
#5870 = DIRECTION('',(1.,0.));
#5871 = ( GEOMETRIC_REPRESENTATION_CONTEXT(2) 
PARAMETRIC_REPRESENTATION_CONTEXT() REPRESENTATION_CONTEXT('2D SPACE',''
  ) );
#5872 = PCURVE('',#5189,#5873);
#5873 = DEFINITIONAL_REPRESENTATION('',(#5874),#5878);
#5874 = LINE('',#5875,#5876);
#5875 = CARTESIAN_POINT('',(3.,0.));
#5876 = VECTOR('',#5877,1.);
#5877 = DIRECTION('',(0.,1.));
#5878 = ( GEOMETRIC_REPRESENTATION_CONTEXT(2) 
PARAMETRIC_REPRESENTATION_CONTEXT() REPRESENTATION_CONTEXT('2D SPACE',''
  ) );
#5879 = ADVANCED_FACE('',(#5880),#5243,.F.);
#5880 = FACE_BOUND('',#5881,.F.);
#5881 = EDGE_LOOP('',(#5882,#5883,#5904,#5905));
#5882 = ORIENTED_EDGE('',*,*,#5229,.F.);
#5883 = ORIENTED_EDGE('',*,*,#5884,.T.);
#5884 = EDGE_CURVE('',#5144,#5813,#5885,.T.);
#5885 = SURFACE_CURVE('',#5886,(#5890,#5897),.PCURVE_S1.);
#5886 = LINE('',#5887,#5888);
#5887 = CARTESIAN_POINT('',(18.,5.3,0.));
#5888 = VECTOR('',#5889,1.);
#5889 = DIRECTION('',(0.,0.,1.));
#5890 = PCURVE('',#5243,#5891);
#5891 = DEFINITIONAL_REPRESENTATION('',(#5892),#5896);
#5892 = LINE('',#5893,#5894);
#5893 = CARTESIAN_POINT('',(0.,0.));
#5894 = VECTOR('',#5895,1.);
#5895 = DIRECTION('',(1.,0.));
#5896 = ( GEOMETRIC_REPRESENTATION_CONTEXT(2) 
PARAMETRIC_REPRESENTATION_CONTEXT() REPRESENTATION_CONTEXT('2D SPACE',''
  ) );
#5897 = PCURVE('',#5161,#5898);
#5898 = DEFINITIONAL_REPRESENTATION('',(#5899),#5903);
#5899 = LINE('',#5900,#5901);
#5900 = CARTESIAN_POINT('',(0.,0.));
#5901 = VECTOR('',#5902,1.);
#5902 = DIRECTION('',(1.,0.));
#5903 = ( GEOMETRIC_REPRESENTATION_CONTEXT(2) 
PARAMETRIC_REPRESENTATION_CONTEXT() REPRESENTATION_CONTEXT('2D SPACE',''
  ) );
#5904 = ORIENTED_EDGE('',*,*,#5837,.T.);
#5905 = ORIENTED_EDGE('',*,*,#5736,.F.);
#5906 = ADVANCED_FACE('',(#5907),#5189,.T.);
#5907 = FACE_BOUND('',#5908,.T.);
#5908 = EDGE_LOOP('',(#5909,#5910,#5931,#5932));
#5909 = ORIENTED_EDGE('',*,*,#5173,.F.);
#5910 = ORIENTED_EDGE('',*,*,#5911,.T.);
#5911 = EDGE_CURVE('',#5146,#5815,#5912,.T.);
#5912 = SURFACE_CURVE('',#5913,(#5917,#5924),.PCURVE_S1.);
#5913 = LINE('',#5914,#5915);
#5914 = CARTESIAN_POINT('',(18.,8.3,0.));
#5915 = VECTOR('',#5916,1.);
#5916 = DIRECTION('',(0.,0.,1.));
#5917 = PCURVE('',#5189,#5918);
#5918 = DEFINITIONAL_REPRESENTATION('',(#5919),#5923);
#5919 = LINE('',#5920,#5921);
#5920 = CARTESIAN_POINT('',(0.,0.));
#5921 = VECTOR('',#5922,1.);
#5922 = DIRECTION('',(1.,0.));
#5923 = ( GEOMETRIC_REPRESENTATION_CONTEXT(2) 
PARAMETRIC_REPRESENTATION_CONTEXT() REPRESENTATION_CONTEXT('2D SPACE',''
  ) );
#5924 = PCURVE('',#5161,#5925);
#5925 = DEFINITIONAL_REPRESENTATION('',(#5926),#5930);
#5926 = LINE('',#5927,#5928);
#5927 = CARTESIAN_POINT('',(0.,-3.));
#5928 = VECTOR('',#5929,1.);
#5929 = DIRECTION('',(1.,0.));
#5930 = ( GEOMETRIC_REPRESENTATION_CONTEXT(2) 
PARAMETRIC_REPRESENTATION_CONTEXT() REPRESENTATION_CONTEXT('2D SPACE',''
  ) );
#5931 = ORIENTED_EDGE('',*,*,#5859,.T.);
#5932 = ORIENTED_EDGE('',*,*,#5760,.F.);
#5933 = ADVANCED_FACE('',(#5934),#5161,.F.);
#5934 = FACE_BOUND('',#5935,.F.);
#5935 = EDGE_LOOP('',(#5936,#5937,#5938,#5939));
#5936 = ORIENTED_EDGE('',*,*,#5884,.F.);
#5937 = ORIENTED_EDGE('',*,*,#5143,.T.);
#5938 = ORIENTED_EDGE('',*,*,#5911,.T.);
#5939 = ORIENTED_EDGE('',*,*,#5812,.F.);
#5940 = ADVANCED_FACE('',(#5941),#5103,.T.);
#5941 = FACE_BOUND('',#5942,.T.);
#5942 = EDGE_LOOP('',(#5943,#5966,#5967,#5990));
#5943 = ORIENTED_EDGE('',*,*,#5944,.F.);
#5944 = EDGE_CURVE('',#5088,#5945,#5947,.T.);
#5945 = VERTEX_POINT('',#5946);
#5946 = CARTESIAN_POINT('',(17.65,-3.,4.2));
#5947 = SURFACE_CURVE('',#5948,(#5952,#5959),.PCURVE_S1.);
#5948 = LINE('',#5949,#5950);
#5949 = CARTESIAN_POINT('',(17.65,-3.,0.));
#5950 = VECTOR('',#5951,1.);
#5951 = DIRECTION('',(0.,0.,1.));
#5952 = PCURVE('',#5103,#5953);
#5953 = DEFINITIONAL_REPRESENTATION('',(#5954),#5958);
#5954 = LINE('',#5955,#5956);
#5955 = CARTESIAN_POINT('',(0.,0.));
#5956 = VECTOR('',#5957,1.);
#5957 = DIRECTION('',(1.,0.));
#5958 = ( GEOMETRIC_REPRESENTATION_CONTEXT(2) 
PARAMETRIC_REPRESENTATION_CONTEXT() REPRESENTATION_CONTEXT('2D SPACE',''
  ) );
#5959 = PCURVE('',#5129,#5960);
#5960 = DEFINITIONAL_REPRESENTATION('',(#5961),#5965);
#5961 = LINE('',#5962,#5963);
#5962 = CARTESIAN_POINT('',(0.,1.2));
#5963 = VECTOR('',#5964,1.);
#5964 = DIRECTION('',(1.,0.));
#5965 = ( GEOMETRIC_REPRESENTATION_CONTEXT(2) 
PARAMETRIC_REPRESENTATION_CONTEXT() REPRESENTATION_CONTEXT('2D SPACE',''
  ) );
#5966 = ORIENTED_EDGE('',*,*,#5087,.T.);
#5967 = ORIENTED_EDGE('',*,*,#5968,.T.);
#5968 = EDGE_CURVE('',#5060,#5969,#5971,.T.);
#5969 = VERTEX_POINT('',#5970);
#5970 = CARTESIAN_POINT('',(17.65,3.,4.2));
#5971 = SURFACE_CURVE('',#5972,(#5976,#5983),.PCURVE_S1.);
#5972 = LINE('',#5973,#5974);
#5973 = CARTESIAN_POINT('',(17.65,3.,0.));
#5974 = VECTOR('',#5975,1.);
#5975 = DIRECTION('',(0.,0.,1.));
#5976 = PCURVE('',#5103,#5977);
#5977 = DEFINITIONAL_REPRESENTATION('',(#5978),#5982);
#5978 = LINE('',#5979,#5980);
#5979 = CARTESIAN_POINT('',(0.,-6.));
#5980 = VECTOR('',#5981,1.);
#5981 = DIRECTION('',(1.,0.));
#5982 = ( GEOMETRIC_REPRESENTATION_CONTEXT(2) 
PARAMETRIC_REPRESENTATION_CONTEXT() REPRESENTATION_CONTEXT('2D SPACE',''
  ) );
#5983 = PCURVE('',#5075,#5984);
#5984 = DEFINITIONAL_REPRESENTATION('',(#5985),#5989);
#5985 = LINE('',#5986,#5987);
#5986 = CARTESIAN_POINT('',(0.,1.2));
#5987 = VECTOR('',#5988,1.);
#5988 = DIRECTION('',(1.,0.));
#5989 = ( GEOMETRIC_REPRESENTATION_CONTEXT(2) 
PARAMETRIC_REPRESENTATION_CONTEXT() REPRESENTATION_CONTEXT('2D SPACE',''
  ) );
#5990 = ORIENTED_EDGE('',*,*,#5991,.F.);
#5991 = EDGE_CURVE('',#5945,#5969,#5992,.T.);
#5992 = SURFACE_CURVE('',#5993,(#5997,#6004),.PCURVE_S1.);
#5993 = LINE('',#5994,#5995);
#5994 = CARTESIAN_POINT('',(17.65,-3.,4.2));
#5995 = VECTOR('',#5996,1.);
#5996 = DIRECTION('',(-0.,1.,0.));
#5997 = PCURVE('',#5103,#5998);
#5998 = DEFINITIONAL_REPRESENTATION('',(#5999),#6003);
#5999 = LINE('',#6000,#6001);
#6000 = CARTESIAN_POINT('',(4.2,0.));
#6001 = VECTOR('',#6002,1.);
#6002 = DIRECTION('',(0.,-1.));
#6003 = ( GEOMETRIC_REPRESENTATION_CONTEXT(2) 
PARAMETRIC_REPRESENTATION_CONTEXT() REPRESENTATION_CONTEXT('2D SPACE',''
  ) );
#6004 = PCURVE('',#6005,#6010);
#6005 = PLANE('',#6006);
#6006 = AXIS2_PLACEMENT_3D('',#6007,#6008,#6009);
#6007 = CARTESIAN_POINT('',(16.45,-3.,4.2));
#6008 = DIRECTION('',(0.,0.,1.));
#6009 = DIRECTION('',(1.,0.,-0.));
#6010 = DEFINITIONAL_REPRESENTATION('',(#6011),#6015);
#6011 = LINE('',#6012,#6013);
#6012 = CARTESIAN_POINT('',(1.2,0.));
#6013 = VECTOR('',#6014,1.);
#6014 = DIRECTION('',(0.,1.));
#6015 = ( GEOMETRIC_REPRESENTATION_CONTEXT(2) 
PARAMETRIC_REPRESENTATION_CONTEXT() REPRESENTATION_CONTEXT('2D SPACE',''
  ) );
#6016 = ADVANCED_FACE('',(#6017),#6005,.T.);
#6017 = FACE_BOUND('',#6018,.T.);
#6018 = EDGE_LOOP('',(#6019,#6044,#6065,#6066));
#6019 = ORIENTED_EDGE('',*,*,#6020,.F.);
#6020 = EDGE_CURVE('',#6021,#6023,#6025,.T.);
#6021 = VERTEX_POINT('',#6022);
#6022 = CARTESIAN_POINT('',(16.45,-3.,4.2));
#6023 = VERTEX_POINT('',#6024);
#6024 = CARTESIAN_POINT('',(16.45,3.,4.2));
#6025 = SURFACE_CURVE('',#6026,(#6030,#6037),.PCURVE_S1.);
#6026 = LINE('',#6027,#6028);
#6027 = CARTESIAN_POINT('',(16.45,-3.,4.2));
#6028 = VECTOR('',#6029,1.);
#6029 = DIRECTION('',(-0.,1.,0.));
#6030 = PCURVE('',#6005,#6031);
#6031 = DEFINITIONAL_REPRESENTATION('',(#6032),#6036);
#6032 = LINE('',#6033,#6034);
#6033 = CARTESIAN_POINT('',(0.,0.));
#6034 = VECTOR('',#6035,1.);
#6035 = DIRECTION('',(0.,1.));
#6036 = ( GEOMETRIC_REPRESENTATION_CONTEXT(2) 
PARAMETRIC_REPRESENTATION_CONTEXT() REPRESENTATION_CONTEXT('2D SPACE',''
  ) );
#6037 = PCURVE('',#5047,#6038);
#6038 = DEFINITIONAL_REPRESENTATION('',(#6039),#6043);
#6039 = LINE('',#6040,#6041);
#6040 = CARTESIAN_POINT('',(4.2,0.));
#6041 = VECTOR('',#6042,1.);
#6042 = DIRECTION('',(0.,-1.));
#6043 = ( GEOMETRIC_REPRESENTATION_CONTEXT(2) 
PARAMETRIC_REPRESENTATION_CONTEXT() REPRESENTATION_CONTEXT('2D SPACE',''
  ) );
#6044 = ORIENTED_EDGE('',*,*,#6045,.T.);
#6045 = EDGE_CURVE('',#6021,#5945,#6046,.T.);
#6046 = SURFACE_CURVE('',#6047,(#6051,#6058),.PCURVE_S1.);
#6047 = LINE('',#6048,#6049);
#6048 = CARTESIAN_POINT('',(16.45,-3.,4.2));
#6049 = VECTOR('',#6050,1.);
#6050 = DIRECTION('',(1.,0.,-0.));
#6051 = PCURVE('',#6005,#6052);
#6052 = DEFINITIONAL_REPRESENTATION('',(#6053),#6057);
#6053 = LINE('',#6054,#6055);
#6054 = CARTESIAN_POINT('',(0.,0.));
#6055 = VECTOR('',#6056,1.);
#6056 = DIRECTION('',(1.,0.));
#6057 = ( GEOMETRIC_REPRESENTATION_CONTEXT(2) 
PARAMETRIC_REPRESENTATION_CONTEXT() REPRESENTATION_CONTEXT('2D SPACE',''
  ) );
#6058 = PCURVE('',#5129,#6059);
#6059 = DEFINITIONAL_REPRESENTATION('',(#6060),#6064);
#6060 = LINE('',#6061,#6062);
#6061 = CARTESIAN_POINT('',(4.2,0.));
#6062 = VECTOR('',#6063,1.);
#6063 = DIRECTION('',(0.,1.));
#6064 = ( GEOMETRIC_REPRESENTATION_CONTEXT(2) 
PARAMETRIC_REPRESENTATION_CONTEXT() REPRESENTATION_CONTEXT('2D SPACE',''
  ) );
#6065 = ORIENTED_EDGE('',*,*,#5991,.T.);
#6066 = ORIENTED_EDGE('',*,*,#6067,.F.);
#6067 = EDGE_CURVE('',#6023,#5969,#6068,.T.);
#6068 = SURFACE_CURVE('',#6069,(#6073,#6080),.PCURVE_S1.);
#6069 = LINE('',#6070,#6071);
#6070 = CARTESIAN_POINT('',(16.45,3.,4.2));
#6071 = VECTOR('',#6072,1.);
#6072 = DIRECTION('',(1.,0.,-0.));
#6073 = PCURVE('',#6005,#6074);
#6074 = DEFINITIONAL_REPRESENTATION('',(#6075),#6079);
#6075 = LINE('',#6076,#6077);
#6076 = CARTESIAN_POINT('',(0.,6.));
#6077 = VECTOR('',#6078,1.);
#6078 = DIRECTION('',(1.,0.));
#6079 = ( GEOMETRIC_REPRESENTATION_CONTEXT(2) 
PARAMETRIC_REPRESENTATION_CONTEXT() REPRESENTATION_CONTEXT('2D SPACE',''
  ) );
#6080 = PCURVE('',#5075,#6081);
#6081 = DEFINITIONAL_REPRESENTATION('',(#6082),#6086);
#6082 = LINE('',#6083,#6084);
#6083 = CARTESIAN_POINT('',(4.2,0.));
#6084 = VECTOR('',#6085,1.);
#6085 = DIRECTION('',(0.,1.));
#6086 = ( GEOMETRIC_REPRESENTATION_CONTEXT(2) 
PARAMETRIC_REPRESENTATION_CONTEXT() REPRESENTATION_CONTEXT('2D SPACE',''
  ) );
#6087 = ADVANCED_FACE('',(#6088),#5129,.F.);
#6088 = FACE_BOUND('',#6089,.F.);
#6089 = EDGE_LOOP('',(#6090,#6091,#6112,#6113));
#6090 = ORIENTED_EDGE('',*,*,#5115,.F.);
#6091 = ORIENTED_EDGE('',*,*,#6092,.T.);
#6092 = EDGE_CURVE('',#5030,#6021,#6093,.T.);
#6093 = SURFACE_CURVE('',#6094,(#6098,#6105),.PCURVE_S1.);
#6094 = LINE('',#6095,#6096);
#6095 = CARTESIAN_POINT('',(16.45,-3.,0.));
#6096 = VECTOR('',#6097,1.);
#6097 = DIRECTION('',(0.,0.,1.));
#6098 = PCURVE('',#5129,#6099);
#6099 = DEFINITIONAL_REPRESENTATION('',(#6100),#6104);
#6100 = LINE('',#6101,#6102);
#6101 = CARTESIAN_POINT('',(0.,0.));
#6102 = VECTOR('',#6103,1.);
#6103 = DIRECTION('',(1.,0.));
#6104 = ( GEOMETRIC_REPRESENTATION_CONTEXT(2) 
PARAMETRIC_REPRESENTATION_CONTEXT() REPRESENTATION_CONTEXT('2D SPACE',''
  ) );
#6105 = PCURVE('',#5047,#6106);
#6106 = DEFINITIONAL_REPRESENTATION('',(#6107),#6111);
#6107 = LINE('',#6108,#6109);
#6108 = CARTESIAN_POINT('',(0.,0.));
#6109 = VECTOR('',#6110,1.);
#6110 = DIRECTION('',(1.,0.));
#6111 = ( GEOMETRIC_REPRESENTATION_CONTEXT(2) 
PARAMETRIC_REPRESENTATION_CONTEXT() REPRESENTATION_CONTEXT('2D SPACE',''
  ) );
#6112 = ORIENTED_EDGE('',*,*,#6045,.T.);
#6113 = ORIENTED_EDGE('',*,*,#5944,.F.);
#6114 = ADVANCED_FACE('',(#6115),#5075,.T.);
#6115 = FACE_BOUND('',#6116,.T.);
#6116 = EDGE_LOOP('',(#6117,#6118,#6139,#6140));
#6117 = ORIENTED_EDGE('',*,*,#5059,.F.);
#6118 = ORIENTED_EDGE('',*,*,#6119,.T.);
#6119 = EDGE_CURVE('',#5032,#6023,#6120,.T.);
#6120 = SURFACE_CURVE('',#6121,(#6125,#6132),.PCURVE_S1.);
#6121 = LINE('',#6122,#6123);
#6122 = CARTESIAN_POINT('',(16.45,3.,0.));
#6123 = VECTOR('',#6124,1.);
#6124 = DIRECTION('',(0.,0.,1.));
#6125 = PCURVE('',#5075,#6126);
#6126 = DEFINITIONAL_REPRESENTATION('',(#6127),#6131);
#6127 = LINE('',#6128,#6129);
#6128 = CARTESIAN_POINT('',(0.,0.));
#6129 = VECTOR('',#6130,1.);
#6130 = DIRECTION('',(1.,0.));
#6131 = ( GEOMETRIC_REPRESENTATION_CONTEXT(2) 
PARAMETRIC_REPRESENTATION_CONTEXT() REPRESENTATION_CONTEXT('2D SPACE',''
  ) );
#6132 = PCURVE('',#5047,#6133);
#6133 = DEFINITIONAL_REPRESENTATION('',(#6134),#6138);
#6134 = LINE('',#6135,#6136);
#6135 = CARTESIAN_POINT('',(0.,-6.));
#6136 = VECTOR('',#6137,1.);
#6137 = DIRECTION('',(1.,0.));
#6138 = ( GEOMETRIC_REPRESENTATION_CONTEXT(2) 
PARAMETRIC_REPRESENTATION_CONTEXT() REPRESENTATION_CONTEXT('2D SPACE',''
  ) );
#6139 = ORIENTED_EDGE('',*,*,#6067,.T.);
#6140 = ORIENTED_EDGE('',*,*,#5968,.F.);
#6141 = ADVANCED_FACE('',(#6142),#5047,.F.);
#6142 = FACE_BOUND('',#6143,.F.);
#6143 = EDGE_LOOP('',(#6144,#6145,#6146,#6147));
#6144 = ORIENTED_EDGE('',*,*,#6092,.F.);
#6145 = ORIENTED_EDGE('',*,*,#5029,.T.);
#6146 = ORIENTED_EDGE('',*,*,#6119,.T.);
#6147 = ORIENTED_EDGE('',*,*,#6020,.F.);
#6148 = ADVANCED_FACE('',(#6149),#4989,.T.);
#6149 = FACE_BOUND('',#6150,.T.);
#6150 = EDGE_LOOP('',(#6151,#6174,#6175,#6198));
#6151 = ORIENTED_EDGE('',*,*,#6152,.F.);
#6152 = EDGE_CURVE('',#4974,#6153,#6155,.T.);
#6153 = VERTEX_POINT('',#6154);
#6154 = CARTESIAN_POINT('',(21.,-8.3,3.));
#6155 = SURFACE_CURVE('',#6156,(#6160,#6167),.PCURVE_S1.);
#6156 = LINE('',#6157,#6158);
#6157 = CARTESIAN_POINT('',(21.,-8.3,0.));
#6158 = VECTOR('',#6159,1.);
#6159 = DIRECTION('',(0.,0.,1.));
#6160 = PCURVE('',#4989,#6161);
#6161 = DEFINITIONAL_REPRESENTATION('',(#6162),#6166);
#6162 = LINE('',#6163,#6164);
#6163 = CARTESIAN_POINT('',(0.,0.));
#6164 = VECTOR('',#6165,1.);
#6165 = DIRECTION('',(1.,0.));
#6166 = ( GEOMETRIC_REPRESENTATION_CONTEXT(2) 
PARAMETRIC_REPRESENTATION_CONTEXT() REPRESENTATION_CONTEXT('2D SPACE',''
  ) );
#6167 = PCURVE('',#5015,#6168);
#6168 = DEFINITIONAL_REPRESENTATION('',(#6169),#6173);
#6169 = LINE('',#6170,#6171);
#6170 = CARTESIAN_POINT('',(0.,3.));
#6171 = VECTOR('',#6172,1.);
#6172 = DIRECTION('',(1.,0.));
#6173 = ( GEOMETRIC_REPRESENTATION_CONTEXT(2) 
PARAMETRIC_REPRESENTATION_CONTEXT() REPRESENTATION_CONTEXT('2D SPACE',''
  ) );
#6174 = ORIENTED_EDGE('',*,*,#4973,.T.);
#6175 = ORIENTED_EDGE('',*,*,#6176,.T.);
#6176 = EDGE_CURVE('',#4946,#6177,#6179,.T.);
#6177 = VERTEX_POINT('',#6178);
#6178 = CARTESIAN_POINT('',(21.,-5.3,3.));
#6179 = SURFACE_CURVE('',#6180,(#6184,#6191),.PCURVE_S1.);
#6180 = LINE('',#6181,#6182);
#6181 = CARTESIAN_POINT('',(21.,-5.3,0.));
#6182 = VECTOR('',#6183,1.);
#6183 = DIRECTION('',(0.,0.,1.));
#6184 = PCURVE('',#4989,#6185);
#6185 = DEFINITIONAL_REPRESENTATION('',(#6186),#6190);
#6186 = LINE('',#6187,#6188);
#6187 = CARTESIAN_POINT('',(0.,-3.));
#6188 = VECTOR('',#6189,1.);
#6189 = DIRECTION('',(1.,0.));
#6190 = ( GEOMETRIC_REPRESENTATION_CONTEXT(2) 
PARAMETRIC_REPRESENTATION_CONTEXT() REPRESENTATION_CONTEXT('2D SPACE',''
  ) );
#6191 = PCURVE('',#4961,#6192);
#6192 = DEFINITIONAL_REPRESENTATION('',(#6193),#6197);
#6193 = LINE('',#6194,#6195);
#6194 = CARTESIAN_POINT('',(0.,3.));
#6195 = VECTOR('',#6196,1.);
#6196 = DIRECTION('',(1.,0.));
#6197 = ( GEOMETRIC_REPRESENTATION_CONTEXT(2) 
PARAMETRIC_REPRESENTATION_CONTEXT() REPRESENTATION_CONTEXT('2D SPACE',''
  ) );
#6198 = ORIENTED_EDGE('',*,*,#6199,.F.);
#6199 = EDGE_CURVE('',#6153,#6177,#6200,.T.);
#6200 = SURFACE_CURVE('',#6201,(#6205,#6212),.PCURVE_S1.);
#6201 = LINE('',#6202,#6203);
#6202 = CARTESIAN_POINT('',(21.,-8.3,3.));
#6203 = VECTOR('',#6204,1.);
#6204 = DIRECTION('',(-0.,1.,0.));
#6205 = PCURVE('',#4989,#6206);
#6206 = DEFINITIONAL_REPRESENTATION('',(#6207),#6211);
#6207 = LINE('',#6208,#6209);
#6208 = CARTESIAN_POINT('',(3.,0.));
#6209 = VECTOR('',#6210,1.);
#6210 = DIRECTION('',(0.,-1.));
#6211 = ( GEOMETRIC_REPRESENTATION_CONTEXT(2) 
PARAMETRIC_REPRESENTATION_CONTEXT() REPRESENTATION_CONTEXT('2D SPACE',''
  ) );
#6212 = PCURVE('',#6213,#6218);
#6213 = PLANE('',#6214);
#6214 = AXIS2_PLACEMENT_3D('',#6215,#6216,#6217);
#6215 = CARTESIAN_POINT('',(18.,-8.3,3.));
#6216 = DIRECTION('',(0.,0.,1.));
#6217 = DIRECTION('',(1.,0.,-0.));
#6218 = DEFINITIONAL_REPRESENTATION('',(#6219),#6223);
#6219 = LINE('',#6220,#6221);
#6220 = CARTESIAN_POINT('',(3.,0.));
#6221 = VECTOR('',#6222,1.);
#6222 = DIRECTION('',(0.,1.));
#6223 = ( GEOMETRIC_REPRESENTATION_CONTEXT(2) 
PARAMETRIC_REPRESENTATION_CONTEXT() REPRESENTATION_CONTEXT('2D SPACE',''
  ) );
#6224 = ADVANCED_FACE('',(#6225),#6213,.T.);
#6225 = FACE_BOUND('',#6226,.T.);
#6226 = EDGE_LOOP('',(#6227,#6252,#6273,#6274));
#6227 = ORIENTED_EDGE('',*,*,#6228,.F.);
#6228 = EDGE_CURVE('',#6229,#6231,#6233,.T.);
#6229 = VERTEX_POINT('',#6230);
#6230 = CARTESIAN_POINT('',(18.,-8.3,3.));
#6231 = VERTEX_POINT('',#6232);
#6232 = CARTESIAN_POINT('',(18.,-5.3,3.));
#6233 = SURFACE_CURVE('',#6234,(#6238,#6245),.PCURVE_S1.);
#6234 = LINE('',#6235,#6236);
#6235 = CARTESIAN_POINT('',(18.,-8.3,3.));
#6236 = VECTOR('',#6237,1.);
#6237 = DIRECTION('',(-0.,1.,0.));
#6238 = PCURVE('',#6213,#6239);
#6239 = DEFINITIONAL_REPRESENTATION('',(#6240),#6244);
#6240 = LINE('',#6241,#6242);
#6241 = CARTESIAN_POINT('',(0.,0.));
#6242 = VECTOR('',#6243,1.);
#6243 = DIRECTION('',(0.,1.));
#6244 = ( GEOMETRIC_REPRESENTATION_CONTEXT(2) 
PARAMETRIC_REPRESENTATION_CONTEXT() REPRESENTATION_CONTEXT('2D SPACE',''
  ) );
#6245 = PCURVE('',#4933,#6246);
#6246 = DEFINITIONAL_REPRESENTATION('',(#6247),#6251);
#6247 = LINE('',#6248,#6249);
#6248 = CARTESIAN_POINT('',(3.,0.));
#6249 = VECTOR('',#6250,1.);
#6250 = DIRECTION('',(0.,-1.));
#6251 = ( GEOMETRIC_REPRESENTATION_CONTEXT(2) 
PARAMETRIC_REPRESENTATION_CONTEXT() REPRESENTATION_CONTEXT('2D SPACE',''
  ) );
#6252 = ORIENTED_EDGE('',*,*,#6253,.T.);
#6253 = EDGE_CURVE('',#6229,#6153,#6254,.T.);
#6254 = SURFACE_CURVE('',#6255,(#6259,#6266),.PCURVE_S1.);
#6255 = LINE('',#6256,#6257);
#6256 = CARTESIAN_POINT('',(18.,-8.3,3.));
#6257 = VECTOR('',#6258,1.);
#6258 = DIRECTION('',(1.,0.,-0.));
#6259 = PCURVE('',#6213,#6260);
#6260 = DEFINITIONAL_REPRESENTATION('',(#6261),#6265);
#6261 = LINE('',#6262,#6263);
#6262 = CARTESIAN_POINT('',(0.,0.));
#6263 = VECTOR('',#6264,1.);
#6264 = DIRECTION('',(1.,0.));
#6265 = ( GEOMETRIC_REPRESENTATION_CONTEXT(2) 
PARAMETRIC_REPRESENTATION_CONTEXT() REPRESENTATION_CONTEXT('2D SPACE',''
  ) );
#6266 = PCURVE('',#5015,#6267);
#6267 = DEFINITIONAL_REPRESENTATION('',(#6268),#6272);
#6268 = LINE('',#6269,#6270);
#6269 = CARTESIAN_POINT('',(3.,0.));
#6270 = VECTOR('',#6271,1.);
#6271 = DIRECTION('',(0.,1.));
#6272 = ( GEOMETRIC_REPRESENTATION_CONTEXT(2) 
PARAMETRIC_REPRESENTATION_CONTEXT() REPRESENTATION_CONTEXT('2D SPACE',''
  ) );
#6273 = ORIENTED_EDGE('',*,*,#6199,.T.);
#6274 = ORIENTED_EDGE('',*,*,#6275,.F.);
#6275 = EDGE_CURVE('',#6231,#6177,#6276,.T.);
#6276 = SURFACE_CURVE('',#6277,(#6281,#6288),.PCURVE_S1.);
#6277 = LINE('',#6278,#6279);
#6278 = CARTESIAN_POINT('',(18.,-5.3,3.));
#6279 = VECTOR('',#6280,1.);
#6280 = DIRECTION('',(1.,0.,-0.));
#6281 = PCURVE('',#6213,#6282);
#6282 = DEFINITIONAL_REPRESENTATION('',(#6283),#6287);
#6283 = LINE('',#6284,#6285);
#6284 = CARTESIAN_POINT('',(0.,3.));
#6285 = VECTOR('',#6286,1.);
#6286 = DIRECTION('',(1.,0.));
#6287 = ( GEOMETRIC_REPRESENTATION_CONTEXT(2) 
PARAMETRIC_REPRESENTATION_CONTEXT() REPRESENTATION_CONTEXT('2D SPACE',''
  ) );
#6288 = PCURVE('',#4961,#6289);
#6289 = DEFINITIONAL_REPRESENTATION('',(#6290),#6294);
#6290 = LINE('',#6291,#6292);
#6291 = CARTESIAN_POINT('',(3.,0.));
#6292 = VECTOR('',#6293,1.);
#6293 = DIRECTION('',(0.,1.));
#6294 = ( GEOMETRIC_REPRESENTATION_CONTEXT(2) 
PARAMETRIC_REPRESENTATION_CONTEXT() REPRESENTATION_CONTEXT('2D SPACE',''
  ) );
#6295 = ADVANCED_FACE('',(#6296),#5015,.F.);
#6296 = FACE_BOUND('',#6297,.F.);
#6297 = EDGE_LOOP('',(#6298,#6299,#6320,#6321));
#6298 = ORIENTED_EDGE('',*,*,#5001,.F.);
#6299 = ORIENTED_EDGE('',*,*,#6300,.T.);
#6300 = EDGE_CURVE('',#4916,#6229,#6301,.T.);
#6301 = SURFACE_CURVE('',#6302,(#6306,#6313),.PCURVE_S1.);
#6302 = LINE('',#6303,#6304);
#6303 = CARTESIAN_POINT('',(18.,-8.3,0.));
#6304 = VECTOR('',#6305,1.);
#6305 = DIRECTION('',(0.,0.,1.));
#6306 = PCURVE('',#5015,#6307);
#6307 = DEFINITIONAL_REPRESENTATION('',(#6308),#6312);
#6308 = LINE('',#6309,#6310);
#6309 = CARTESIAN_POINT('',(0.,0.));
#6310 = VECTOR('',#6311,1.);
#6311 = DIRECTION('',(1.,0.));
#6312 = ( GEOMETRIC_REPRESENTATION_CONTEXT(2) 
PARAMETRIC_REPRESENTATION_CONTEXT() REPRESENTATION_CONTEXT('2D SPACE',''
  ) );
#6313 = PCURVE('',#4933,#6314);
#6314 = DEFINITIONAL_REPRESENTATION('',(#6315),#6319);
#6315 = LINE('',#6316,#6317);
#6316 = CARTESIAN_POINT('',(0.,0.));
#6317 = VECTOR('',#6318,1.);
#6318 = DIRECTION('',(1.,0.));
#6319 = ( GEOMETRIC_REPRESENTATION_CONTEXT(2) 
PARAMETRIC_REPRESENTATION_CONTEXT() REPRESENTATION_CONTEXT('2D SPACE',''
  ) );
#6320 = ORIENTED_EDGE('',*,*,#6253,.T.);
#6321 = ORIENTED_EDGE('',*,*,#6152,.F.);
#6322 = ADVANCED_FACE('',(#6323),#4961,.T.);
#6323 = FACE_BOUND('',#6324,.T.);
#6324 = EDGE_LOOP('',(#6325,#6326,#6347,#6348));
#6325 = ORIENTED_EDGE('',*,*,#4945,.F.);
#6326 = ORIENTED_EDGE('',*,*,#6327,.T.);
#6327 = EDGE_CURVE('',#4918,#6231,#6328,.T.);
#6328 = SURFACE_CURVE('',#6329,(#6333,#6340),.PCURVE_S1.);
#6329 = LINE('',#6330,#6331);
#6330 = CARTESIAN_POINT('',(18.,-5.3,0.));
#6331 = VECTOR('',#6332,1.);
#6332 = DIRECTION('',(0.,0.,1.));
#6333 = PCURVE('',#4961,#6334);
#6334 = DEFINITIONAL_REPRESENTATION('',(#6335),#6339);
#6335 = LINE('',#6336,#6337);
#6336 = CARTESIAN_POINT('',(0.,0.));
#6337 = VECTOR('',#6338,1.);
#6338 = DIRECTION('',(1.,0.));
#6339 = ( GEOMETRIC_REPRESENTATION_CONTEXT(2) 
PARAMETRIC_REPRESENTATION_CONTEXT() REPRESENTATION_CONTEXT('2D SPACE',''
  ) );
#6340 = PCURVE('',#4933,#6341);
#6341 = DEFINITIONAL_REPRESENTATION('',(#6342),#6346);
#6342 = LINE('',#6343,#6344);
#6343 = CARTESIAN_POINT('',(0.,-3.));
#6344 = VECTOR('',#6345,1.);
#6345 = DIRECTION('',(1.,0.));
#6346 = ( GEOMETRIC_REPRESENTATION_CONTEXT(2) 
PARAMETRIC_REPRESENTATION_CONTEXT() REPRESENTATION_CONTEXT('2D SPACE',''
  ) );
#6347 = ORIENTED_EDGE('',*,*,#6275,.T.);
#6348 = ORIENTED_EDGE('',*,*,#6176,.F.);
#6349 = ADVANCED_FACE('',(#6350),#4933,.F.);
#6350 = FACE_BOUND('',#6351,.F.);
#6351 = EDGE_LOOP('',(#6352,#6353,#6354,#6355));
#6352 = ORIENTED_EDGE('',*,*,#6300,.F.);
#6353 = ORIENTED_EDGE('',*,*,#4915,.T.);
#6354 = ORIENTED_EDGE('',*,*,#6327,.T.);
#6355 = ORIENTED_EDGE('',*,*,#6228,.F.);
#6356 = ADVANCED_FACE('',(#6357),#4875,.T.);
#6357 = FACE_BOUND('',#6358,.T.);
#6358 = EDGE_LOOP('',(#6359,#6382,#6410,#6438,#6466,#6487));
#6359 = ORIENTED_EDGE('',*,*,#6360,.T.);
#6360 = EDGE_CURVE('',#4832,#6361,#6363,.T.);
#6361 = VERTEX_POINT('',#6362);
#6362 = CARTESIAN_POINT('',(20.,-9.075,4.35));
#6363 = SURFACE_CURVE('',#6364,(#6368,#6375),.PCURVE_S1.);
#6364 = LINE('',#6365,#6366);
#6365 = CARTESIAN_POINT('',(20.,-9.075,0.));
#6366 = VECTOR('',#6367,1.);
#6367 = DIRECTION('',(0.,0.,1.));
#6368 = PCURVE('',#4875,#6369);
#6369 = DEFINITIONAL_REPRESENTATION('',(#6370),#6374);
#6370 = LINE('',#6371,#6372);
#6371 = CARTESIAN_POINT('',(0.371076360153,-2.529699365813));
#6372 = VECTOR('',#6373,1.);
#6373 = DIRECTION('',(0.,1.));
#6374 = ( GEOMETRIC_REPRESENTATION_CONTEXT(2) 
PARAMETRIC_REPRESENTATION_CONTEXT() REPRESENTATION_CONTEXT('2D SPACE',''
  ) );
#6375 = PCURVE('',#4847,#6376);
#6376 = DEFINITIONAL_REPRESENTATION('',(#6377),#6381);
#6377 = LINE('',#6378,#6379);
#6378 = CARTESIAN_POINT('',(0.,-2.));
#6379 = VECTOR('',#6380,1.);
#6380 = DIRECTION('',(1.,0.));
#6381 = ( GEOMETRIC_REPRESENTATION_CONTEXT(2) 
PARAMETRIC_REPRESENTATION_CONTEXT() REPRESENTATION_CONTEXT('2D SPACE',''
  ) );
#6382 = ORIENTED_EDGE('',*,*,#6383,.T.);
#6383 = EDGE_CURVE('',#6361,#6384,#6386,.T.);
#6384 = VERTEX_POINT('',#6385);
#6385 = CARTESIAN_POINT('',(20.,-8.65,4.35));
#6386 = SURFACE_CURVE('',#6387,(#6391,#6398),.PCURVE_S1.);
#6387 = LINE('',#6388,#6389);
#6388 = CARTESIAN_POINT('',(20.,-9.075,4.35));
#6389 = VECTOR('',#6390,1.);
#6390 = DIRECTION('',(0.,1.,0.));
#6391 = PCURVE('',#4875,#6392);
#6392 = DEFINITIONAL_REPRESENTATION('',(#6393),#6397);
#6393 = LINE('',#6394,#6395);
#6394 = CARTESIAN_POINT('',(0.371076360153,1.820300634187));
#6395 = VECTOR('',#6396,1.);
#6396 = DIRECTION('',(1.,0.));
#6397 = ( GEOMETRIC_REPRESENTATION_CONTEXT(2) 
PARAMETRIC_REPRESENTATION_CONTEXT() REPRESENTATION_CONTEXT('2D SPACE',''
  ) );
#6398 = PCURVE('',#6399,#6404);
#6399 = PLANE('',#6400);
#6400 = AXIS2_PLACEMENT_3D('',#6401,#6402,#6403);
#6401 = CARTESIAN_POINT('',(18.,-9.075,4.35));
#6402 = DIRECTION('',(0.,0.,1.));
#6403 = DIRECTION('',(0.,1.,0.));
#6404 = DEFINITIONAL_REPRESENTATION('',(#6405),#6409);
#6405 = LINE('',#6406,#6407);
#6406 = CARTESIAN_POINT('',(0.,-2.));
#6407 = VECTOR('',#6408,1.);
#6408 = DIRECTION('',(1.,0.));
#6409 = ( GEOMETRIC_REPRESENTATION_CONTEXT(2) 
PARAMETRIC_REPRESENTATION_CONTEXT() REPRESENTATION_CONTEXT('2D SPACE',''
  ) );
#6410 = ORIENTED_EDGE('',*,*,#6411,.T.);
#6411 = EDGE_CURVE('',#6384,#6412,#6414,.T.);
#6412 = VERTEX_POINT('',#6413);
#6413 = CARTESIAN_POINT('',(20.,-9.575,4.95));
#6414 = SURFACE_CURVE('',#6415,(#6419,#6426),.PCURVE_S1.);
#6415 = LINE('',#6416,#6417);
#6416 = CARTESIAN_POINT('',(20.,-8.65,4.35));
#6417 = VECTOR('',#6418,1.);
#6418 = DIRECTION('',(0.,-0.838961287028,0.544191105099));
#6419 = PCURVE('',#4875,#6420);
#6420 = DEFINITIONAL_REPRESENTATION('',(#6421),#6425);
#6421 = LINE('',#6422,#6423);
#6422 = CARTESIAN_POINT('',(0.796076360153,1.820300634187));
#6423 = VECTOR('',#6424,1.);
#6424 = DIRECTION('',(-0.838961287028,0.544191105099));
#6425 = ( GEOMETRIC_REPRESENTATION_CONTEXT(2) 
PARAMETRIC_REPRESENTATION_CONTEXT() REPRESENTATION_CONTEXT('2D SPACE',''
  ) );
#6426 = PCURVE('',#6427,#6432);
#6427 = PLANE('',#6428);
#6428 = AXIS2_PLACEMENT_3D('',#6429,#6430,#6431);
#6429 = CARTESIAN_POINT('',(18.,-8.65,4.35));
#6430 = DIRECTION('',(0.,-0.544191105099,-0.838961287028));
#6431 = DIRECTION('',(0.,-0.838961287028,0.544191105099));
#6432 = DEFINITIONAL_REPRESENTATION('',(#6433),#6437);
#6433 = LINE('',#6434,#6435);
#6434 = CARTESIAN_POINT('',(0.,-2.));
#6435 = VECTOR('',#6436,1.);
#6436 = DIRECTION('',(1.,0.));
#6437 = ( GEOMETRIC_REPRESENTATION_CONTEXT(2) 
PARAMETRIC_REPRESENTATION_CONTEXT() REPRESENTATION_CONTEXT('2D SPACE',''
  ) );
#6438 = ORIENTED_EDGE('',*,*,#6439,.T.);
#6439 = EDGE_CURVE('',#6412,#6440,#6442,.T.);
#6440 = VERTEX_POINT('',#6441);
#6441 = CARTESIAN_POINT('',(20.,-9.875,4.95));
#6442 = SURFACE_CURVE('',#6443,(#6447,#6454),.PCURVE_S1.);
#6443 = LINE('',#6444,#6445);
#6444 = CARTESIAN_POINT('',(20.,-9.575,4.95));
#6445 = VECTOR('',#6446,1.);
#6446 = DIRECTION('',(0.,-1.,0.));
#6447 = PCURVE('',#4875,#6448);
#6448 = DEFINITIONAL_REPRESENTATION('',(#6449),#6453);
#6449 = LINE('',#6450,#6451);
#6450 = CARTESIAN_POINT('',(-0.128923639847,2.420300634187));
#6451 = VECTOR('',#6452,1.);
#6452 = DIRECTION('',(-1.,0.));
#6453 = ( GEOMETRIC_REPRESENTATION_CONTEXT(2) 
PARAMETRIC_REPRESENTATION_CONTEXT() REPRESENTATION_CONTEXT('2D SPACE',''
  ) );
#6454 = PCURVE('',#6455,#6460);
#6455 = PLANE('',#6456);
#6456 = AXIS2_PLACEMENT_3D('',#6457,#6458,#6459);
#6457 = CARTESIAN_POINT('',(18.,-9.575,4.95));
#6458 = DIRECTION('',(0.,0.,-1.));
#6459 = DIRECTION('',(0.,-1.,0.));
#6460 = DEFINITIONAL_REPRESENTATION('',(#6461),#6465);
#6461 = LINE('',#6462,#6463);
#6462 = CARTESIAN_POINT('',(0.,-2.));
#6463 = VECTOR('',#6464,1.);
#6464 = DIRECTION('',(1.,0.));
#6465 = ( GEOMETRIC_REPRESENTATION_CONTEXT(2) 
PARAMETRIC_REPRESENTATION_CONTEXT() REPRESENTATION_CONTEXT('2D SPACE',''
  ) );
#6466 = ORIENTED_EDGE('',*,*,#6467,.T.);
#6467 = EDGE_CURVE('',#6440,#4860,#6468,.T.);
#6468 = SURFACE_CURVE('',#6469,(#6473,#6480),.PCURVE_S1.);
#6469 = LINE('',#6470,#6471);
#6470 = CARTESIAN_POINT('',(20.,-9.875,4.95));
#6471 = VECTOR('',#6472,1.);
#6472 = DIRECTION('',(0.,0.,-1.));
#6473 = PCURVE('',#4875,#6474);
#6474 = DEFINITIONAL_REPRESENTATION('',(#6475),#6479);
#6475 = LINE('',#6476,#6477);
#6476 = CARTESIAN_POINT('',(-0.428923639847,2.420300634187));
#6477 = VECTOR('',#6478,1.);
#6478 = DIRECTION('',(0.,-1.));
#6479 = ( GEOMETRIC_REPRESENTATION_CONTEXT(2) 
PARAMETRIC_REPRESENTATION_CONTEXT() REPRESENTATION_CONTEXT('2D SPACE',''
  ) );
#6480 = PCURVE('',#4901,#6481);
#6481 = DEFINITIONAL_REPRESENTATION('',(#6482),#6486);
#6482 = LINE('',#6483,#6484);
#6483 = CARTESIAN_POINT('',(0.,-2.));
#6484 = VECTOR('',#6485,1.);
#6485 = DIRECTION('',(1.,0.));
#6486 = ( GEOMETRIC_REPRESENTATION_CONTEXT(2) 
PARAMETRIC_REPRESENTATION_CONTEXT() REPRESENTATION_CONTEXT('2D SPACE',''
  ) );
#6487 = ORIENTED_EDGE('',*,*,#4859,.T.);
#6488 = ADVANCED_FACE('',(#6489),#6455,.F.);
#6489 = FACE_BOUND('',#6490,.F.);
#6490 = EDGE_LOOP('',(#6491,#6514,#6515,#6538));
#6491 = ORIENTED_EDGE('',*,*,#6492,.T.);
#6492 = EDGE_CURVE('',#6493,#6412,#6495,.T.);
#6493 = VERTEX_POINT('',#6494);
#6494 = CARTESIAN_POINT('',(18.,-9.575,4.95));
#6495 = SURFACE_CURVE('',#6496,(#6500,#6507),.PCURVE_S1.);
#6496 = LINE('',#6497,#6498);
#6497 = CARTESIAN_POINT('',(18.,-9.575,4.95));
#6498 = VECTOR('',#6499,1.);
#6499 = DIRECTION('',(1.,0.,0.));
#6500 = PCURVE('',#6455,#6501);
#6501 = DEFINITIONAL_REPRESENTATION('',(#6502),#6506);
#6502 = LINE('',#6503,#6504);
#6503 = CARTESIAN_POINT('',(0.,-0.));
#6504 = VECTOR('',#6505,1.);
#6505 = DIRECTION('',(0.,-1.));
#6506 = ( GEOMETRIC_REPRESENTATION_CONTEXT(2) 
PARAMETRIC_REPRESENTATION_CONTEXT() REPRESENTATION_CONTEXT('2D SPACE',''
  ) );
#6507 = PCURVE('',#6427,#6508);
#6508 = DEFINITIONAL_REPRESENTATION('',(#6509),#6513);
#6509 = LINE('',#6510,#6511);
#6510 = CARTESIAN_POINT('',(1.10255385356,0.));
#6511 = VECTOR('',#6512,1.);
#6512 = DIRECTION('',(0.,-1.));
#6513 = ( GEOMETRIC_REPRESENTATION_CONTEXT(2) 
PARAMETRIC_REPRESENTATION_CONTEXT() REPRESENTATION_CONTEXT('2D SPACE',''
  ) );
#6514 = ORIENTED_EDGE('',*,*,#6439,.T.);
#6515 = ORIENTED_EDGE('',*,*,#6516,.F.);
#6516 = EDGE_CURVE('',#6517,#6440,#6519,.T.);
#6517 = VERTEX_POINT('',#6518);
#6518 = CARTESIAN_POINT('',(18.,-9.875,4.95));
#6519 = SURFACE_CURVE('',#6520,(#6524,#6531),.PCURVE_S1.);
#6520 = LINE('',#6521,#6522);
#6521 = CARTESIAN_POINT('',(18.,-9.875,4.95));
#6522 = VECTOR('',#6523,1.);
#6523 = DIRECTION('',(1.,0.,0.));
#6524 = PCURVE('',#6455,#6525);
#6525 = DEFINITIONAL_REPRESENTATION('',(#6526),#6530);
#6526 = LINE('',#6527,#6528);
#6527 = CARTESIAN_POINT('',(0.3,0.));
#6528 = VECTOR('',#6529,1.);
#6529 = DIRECTION('',(0.,-1.));
#6530 = ( GEOMETRIC_REPRESENTATION_CONTEXT(2) 
PARAMETRIC_REPRESENTATION_CONTEXT() REPRESENTATION_CONTEXT('2D SPACE',''
  ) );
#6531 = PCURVE('',#4901,#6532);
#6532 = DEFINITIONAL_REPRESENTATION('',(#6533),#6537);
#6533 = LINE('',#6534,#6535);
#6534 = CARTESIAN_POINT('',(0.,0.));
#6535 = VECTOR('',#6536,1.);
#6536 = DIRECTION('',(0.,-1.));
#6537 = ( GEOMETRIC_REPRESENTATION_CONTEXT(2) 
PARAMETRIC_REPRESENTATION_CONTEXT() REPRESENTATION_CONTEXT('2D SPACE',''
  ) );
#6538 = ORIENTED_EDGE('',*,*,#6539,.F.);
#6539 = EDGE_CURVE('',#6493,#6517,#6540,.T.);
#6540 = SURFACE_CURVE('',#6541,(#6545,#6552),.PCURVE_S1.);
#6541 = LINE('',#6542,#6543);
#6542 = CARTESIAN_POINT('',(18.,-9.575,4.95));
#6543 = VECTOR('',#6544,1.);
#6544 = DIRECTION('',(0.,-1.,0.));
#6545 = PCURVE('',#6455,#6546);
#6546 = DEFINITIONAL_REPRESENTATION('',(#6547),#6551);
#6547 = LINE('',#6548,#6549);
#6548 = CARTESIAN_POINT('',(0.,-0.));
#6549 = VECTOR('',#6550,1.);
#6550 = DIRECTION('',(1.,0.));
#6551 = ( GEOMETRIC_REPRESENTATION_CONTEXT(2) 
PARAMETRIC_REPRESENTATION_CONTEXT() REPRESENTATION_CONTEXT('2D SPACE',''
  ) );
#6552 = PCURVE('',#4819,#6553);
#6553 = DEFINITIONAL_REPRESENTATION('',(#6554),#6558);
#6554 = LINE('',#6555,#6556);
#6555 = CARTESIAN_POINT('',(-0.128923639847,2.420300634187));
#6556 = VECTOR('',#6557,1.);
#6557 = DIRECTION('',(-1.,0.));
#6558 = ( GEOMETRIC_REPRESENTATION_CONTEXT(2) 
PARAMETRIC_REPRESENTATION_CONTEXT() REPRESENTATION_CONTEXT('2D SPACE',''
  ) );
#6559 = ADVANCED_FACE('',(#6560),#6427,.F.);
#6560 = FACE_BOUND('',#6561,.F.);
#6561 = EDGE_LOOP('',(#6562,#6585,#6586,#6587));
#6562 = ORIENTED_EDGE('',*,*,#6563,.T.);
#6563 = EDGE_CURVE('',#6564,#6384,#6566,.T.);
#6564 = VERTEX_POINT('',#6565);
#6565 = CARTESIAN_POINT('',(18.,-8.65,4.35));
#6566 = SURFACE_CURVE('',#6567,(#6571,#6578),.PCURVE_S1.);
#6567 = LINE('',#6568,#6569);
#6568 = CARTESIAN_POINT('',(18.,-8.65,4.35));
#6569 = VECTOR('',#6570,1.);
#6570 = DIRECTION('',(1.,0.,0.));
#6571 = PCURVE('',#6427,#6572);
#6572 = DEFINITIONAL_REPRESENTATION('',(#6573),#6577);
#6573 = LINE('',#6574,#6575);
#6574 = CARTESIAN_POINT('',(0.,0.));
#6575 = VECTOR('',#6576,1.);
#6576 = DIRECTION('',(0.,-1.));
#6577 = ( GEOMETRIC_REPRESENTATION_CONTEXT(2) 
PARAMETRIC_REPRESENTATION_CONTEXT() REPRESENTATION_CONTEXT('2D SPACE',''
  ) );
#6578 = PCURVE('',#6399,#6579);
#6579 = DEFINITIONAL_REPRESENTATION('',(#6580),#6584);
#6580 = LINE('',#6581,#6582);
#6581 = CARTESIAN_POINT('',(0.425,0.));
#6582 = VECTOR('',#6583,1.);
#6583 = DIRECTION('',(0.,-1.));
#6584 = ( GEOMETRIC_REPRESENTATION_CONTEXT(2) 
PARAMETRIC_REPRESENTATION_CONTEXT() REPRESENTATION_CONTEXT('2D SPACE',''
  ) );
#6585 = ORIENTED_EDGE('',*,*,#6411,.T.);
#6586 = ORIENTED_EDGE('',*,*,#6492,.F.);
#6587 = ORIENTED_EDGE('',*,*,#6588,.F.);
#6588 = EDGE_CURVE('',#6564,#6493,#6589,.T.);
#6589 = SURFACE_CURVE('',#6590,(#6594,#6601),.PCURVE_S1.);
#6590 = LINE('',#6591,#6592);
#6591 = CARTESIAN_POINT('',(18.,-8.65,4.35));
#6592 = VECTOR('',#6593,1.);
#6593 = DIRECTION('',(0.,-0.838961287028,0.544191105099));
#6594 = PCURVE('',#6427,#6595);
#6595 = DEFINITIONAL_REPRESENTATION('',(#6596),#6600);
#6596 = LINE('',#6597,#6598);
#6597 = CARTESIAN_POINT('',(0.,0.));
#6598 = VECTOR('',#6599,1.);
#6599 = DIRECTION('',(1.,0.));
#6600 = ( GEOMETRIC_REPRESENTATION_CONTEXT(2) 
PARAMETRIC_REPRESENTATION_CONTEXT() REPRESENTATION_CONTEXT('2D SPACE',''
  ) );
#6601 = PCURVE('',#4819,#6602);
#6602 = DEFINITIONAL_REPRESENTATION('',(#6603),#6607);
#6603 = LINE('',#6604,#6605);
#6604 = CARTESIAN_POINT('',(0.796076360153,1.820300634187));
#6605 = VECTOR('',#6606,1.);
#6606 = DIRECTION('',(-0.838961287028,0.544191105099));
#6607 = ( GEOMETRIC_REPRESENTATION_CONTEXT(2) 
PARAMETRIC_REPRESENTATION_CONTEXT() REPRESENTATION_CONTEXT('2D SPACE',''
  ) );
#6608 = ADVANCED_FACE('',(#6609),#6399,.F.);
#6609 = FACE_BOUND('',#6610,.F.);
#6610 = EDGE_LOOP('',(#6611,#6634,#6635,#6636));
#6611 = ORIENTED_EDGE('',*,*,#6612,.T.);
#6612 = EDGE_CURVE('',#6613,#6361,#6615,.T.);
#6613 = VERTEX_POINT('',#6614);
#6614 = CARTESIAN_POINT('',(18.,-9.075,4.35));
#6615 = SURFACE_CURVE('',#6616,(#6620,#6627),.PCURVE_S1.);
#6616 = LINE('',#6617,#6618);
#6617 = CARTESIAN_POINT('',(18.,-9.075,4.35));
#6618 = VECTOR('',#6619,1.);
#6619 = DIRECTION('',(1.,0.,0.));
#6620 = PCURVE('',#6399,#6621);
#6621 = DEFINITIONAL_REPRESENTATION('',(#6622),#6626);
#6622 = LINE('',#6623,#6624);
#6623 = CARTESIAN_POINT('',(0.,0.));
#6624 = VECTOR('',#6625,1.);
#6625 = DIRECTION('',(0.,-1.));
#6626 = ( GEOMETRIC_REPRESENTATION_CONTEXT(2) 
PARAMETRIC_REPRESENTATION_CONTEXT() REPRESENTATION_CONTEXT('2D SPACE',''
  ) );
#6627 = PCURVE('',#4847,#6628);
#6628 = DEFINITIONAL_REPRESENTATION('',(#6629),#6633);
#6629 = LINE('',#6630,#6631);
#6630 = CARTESIAN_POINT('',(4.35,0.));
#6631 = VECTOR('',#6632,1.);
#6632 = DIRECTION('',(0.,-1.));
#6633 = ( GEOMETRIC_REPRESENTATION_CONTEXT(2) 
PARAMETRIC_REPRESENTATION_CONTEXT() REPRESENTATION_CONTEXT('2D SPACE',''
  ) );
#6634 = ORIENTED_EDGE('',*,*,#6383,.T.);
#6635 = ORIENTED_EDGE('',*,*,#6563,.F.);
#6636 = ORIENTED_EDGE('',*,*,#6637,.F.);
#6637 = EDGE_CURVE('',#6613,#6564,#6638,.T.);
#6638 = SURFACE_CURVE('',#6639,(#6643,#6650),.PCURVE_S1.);
#6639 = LINE('',#6640,#6641);
#6640 = CARTESIAN_POINT('',(18.,-9.075,4.35));
#6641 = VECTOR('',#6642,1.);
#6642 = DIRECTION('',(0.,1.,0.));
#6643 = PCURVE('',#6399,#6644);
#6644 = DEFINITIONAL_REPRESENTATION('',(#6645),#6649);
#6645 = LINE('',#6646,#6647);
#6646 = CARTESIAN_POINT('',(0.,0.));
#6647 = VECTOR('',#6648,1.);
#6648 = DIRECTION('',(1.,0.));
#6649 = ( GEOMETRIC_REPRESENTATION_CONTEXT(2) 
PARAMETRIC_REPRESENTATION_CONTEXT() REPRESENTATION_CONTEXT('2D SPACE',''
  ) );
#6650 = PCURVE('',#4819,#6651);
#6651 = DEFINITIONAL_REPRESENTATION('',(#6652),#6656);
#6652 = LINE('',#6653,#6654);
#6653 = CARTESIAN_POINT('',(0.371076360153,1.820300634187));
#6654 = VECTOR('',#6655,1.);
#6655 = DIRECTION('',(1.,0.));
#6656 = ( GEOMETRIC_REPRESENTATION_CONTEXT(2) 
PARAMETRIC_REPRESENTATION_CONTEXT() REPRESENTATION_CONTEXT('2D SPACE',''
  ) );
#6657 = ADVANCED_FACE('',(#6658),#4847,.F.);
#6658 = FACE_BOUND('',#6659,.F.);
#6659 = EDGE_LOOP('',(#6660,#6661,#6662,#6663));
#6660 = ORIENTED_EDGE('',*,*,#4831,.T.);
#6661 = ORIENTED_EDGE('',*,*,#6360,.T.);
#6662 = ORIENTED_EDGE('',*,*,#6612,.F.);
#6663 = ORIENTED_EDGE('',*,*,#6664,.F.);
#6664 = EDGE_CURVE('',#4804,#6613,#6665,.T.);
#6665 = SURFACE_CURVE('',#6666,(#6670,#6677),.PCURVE_S1.);
#6666 = LINE('',#6667,#6668);
#6667 = CARTESIAN_POINT('',(18.,-9.075,0.));
#6668 = VECTOR('',#6669,1.);
#6669 = DIRECTION('',(0.,0.,1.));
#6670 = PCURVE('',#4847,#6671);
#6671 = DEFINITIONAL_REPRESENTATION('',(#6672),#6676);
#6672 = LINE('',#6673,#6674);
#6673 = CARTESIAN_POINT('',(0.,0.));
#6674 = VECTOR('',#6675,1.);
#6675 = DIRECTION('',(1.,0.));
#6676 = ( GEOMETRIC_REPRESENTATION_CONTEXT(2) 
PARAMETRIC_REPRESENTATION_CONTEXT() REPRESENTATION_CONTEXT('2D SPACE',''
  ) );
#6677 = PCURVE('',#4819,#6678);
#6678 = DEFINITIONAL_REPRESENTATION('',(#6679),#6683);
#6679 = LINE('',#6680,#6681);
#6680 = CARTESIAN_POINT('',(0.371076360153,-2.529699365813));
#6681 = VECTOR('',#6682,1.);
#6682 = DIRECTION('',(0.,1.));
#6683 = ( GEOMETRIC_REPRESENTATION_CONTEXT(2) 
PARAMETRIC_REPRESENTATION_CONTEXT() REPRESENTATION_CONTEXT('2D SPACE',''
  ) );
#6684 = ADVANCED_FACE('',(#6685),#4901,.F.);
#6685 = FACE_BOUND('',#6686,.F.);
#6686 = EDGE_LOOP('',(#6687,#6688,#6689,#6690));
#6687 = ORIENTED_EDGE('',*,*,#6516,.T.);
#6688 = ORIENTED_EDGE('',*,*,#6467,.T.);
#6689 = ORIENTED_EDGE('',*,*,#4887,.F.);
#6690 = ORIENTED_EDGE('',*,*,#6691,.F.);
#6691 = EDGE_CURVE('',#6517,#4802,#6692,.T.);
#6692 = SURFACE_CURVE('',#6693,(#6697,#6704),.PCURVE_S1.);
#6693 = LINE('',#6694,#6695);
#6694 = CARTESIAN_POINT('',(18.,-9.875,4.95));
#6695 = VECTOR('',#6696,1.);
#6696 = DIRECTION('',(0.,0.,-1.));
#6697 = PCURVE('',#4901,#6698);
#6698 = DEFINITIONAL_REPRESENTATION('',(#6699),#6703);
#6699 = LINE('',#6700,#6701);
#6700 = CARTESIAN_POINT('',(0.,0.));
#6701 = VECTOR('',#6702,1.);
#6702 = DIRECTION('',(1.,0.));
#6703 = ( GEOMETRIC_REPRESENTATION_CONTEXT(2) 
PARAMETRIC_REPRESENTATION_CONTEXT() REPRESENTATION_CONTEXT('2D SPACE',''
  ) );
#6704 = PCURVE('',#4819,#6705);
#6705 = DEFINITIONAL_REPRESENTATION('',(#6706),#6710);
#6706 = LINE('',#6707,#6708);
#6707 = CARTESIAN_POINT('',(-0.428923639847,2.420300634187));
#6708 = VECTOR('',#6709,1.);
#6709 = DIRECTION('',(0.,-1.));
#6710 = ( GEOMETRIC_REPRESENTATION_CONTEXT(2) 
PARAMETRIC_REPRESENTATION_CONTEXT() REPRESENTATION_CONTEXT('2D SPACE',''
  ) );
#6711 = ADVANCED_FACE('',(#6712),#4819,.F.);
#6712 = FACE_BOUND('',#6713,.F.);
#6713 = EDGE_LOOP('',(#6714,#6715,#6716,#6717,#6718,#6719));
#6714 = ORIENTED_EDGE('',*,*,#6664,.T.);
#6715 = ORIENTED_EDGE('',*,*,#6637,.T.);
#6716 = ORIENTED_EDGE('',*,*,#6588,.T.);
#6717 = ORIENTED_EDGE('',*,*,#6539,.T.);
#6718 = ORIENTED_EDGE('',*,*,#6691,.T.);
#6719 = ORIENTED_EDGE('',*,*,#4801,.T.);
#6720 = ( GEOMETRIC_REPRESENTATION_CONTEXT(3) 
GLOBAL_UNCERTAINTY_ASSIGNED_CONTEXT((#6724)) 
GLOBAL_UNIT_ASSIGNED_CONTEXT((#6721,#6722,#6723)) REPRESENTATION_CONTEXT
('Context #1','3D Context with UNIT and UNCERTAINTY') );
#6721 = ( LENGTH_UNIT() NAMED_UNIT(*) SI_UNIT(.MILLI.,.METRE.) );
#6722 = ( NAMED_UNIT(*) PLANE_ANGLE_UNIT() SI_UNIT($,.RADIAN.) );
#6723 = ( NAMED_UNIT(*) SI_UNIT($,.STERADIAN.) SOLID_ANGLE_UNIT() );
#6724 = UNCERTAINTY_MEASURE_WITH_UNIT(LENGTH_MEASURE(1.E-07),#6721,
  'distance_accuracy_value','confusion accuracy');
#6725 = PRODUCT_RELATED_PRODUCT_CATEGORY('part',$,(#7));
ENDSEC;
END-ISO-10303-21;
